[0.000000] (-) TimerEvent: {}
[0.001422] (agv_description) JobQueued: {'identifier': 'agv_description', 'dependencies': OrderedDict()}
[0.002109] (ascamera) JobQueued: {'identifier': 'ascamera', 'dependencies': OrderedDict()}
[0.002173] (bringup) JobQueued: {'identifier': 'bringup', 'dependencies': OrderedDict()}
[0.002278] (canbus) JobQueued: {'identifier': 'canbus', 'dependencies': OrderedDict()}
[0.002319] (ddmr_description) JobQueued: {'identifier': 'ddmr_description', 'dependencies': OrderedDict()}
[0.002357] (drive_controller) JobQueued: {'identifier': 'drive_controller', 'dependencies': OrderedDict()}
[0.002391] (remote) JobQueued: {'identifier': 'remote', 'dependencies': OrderedDict()}
[0.002602] (slam) JobQueued: {'identifier': 'slam', 'dependencies': OrderedDict()}
[0.002636] (system) JobQueued: {'identifier': 'system', 'dependencies': OrderedDict()}
[0.002668] (ultrasonic) JobQueued: {'identifier': 'ultrasonic', 'dependencies': OrderedDict()}
[0.002702] (agv_description) JobStarted: {'identifier': 'agv_description'}
[0.039995] (ascamera) JobStarted: {'identifier': 'ascamera'}
[0.052318] (bringup) JobStarted: {'identifier': 'bringup'}
[0.069982] (canbus) JobStarted: {'identifier': 'canbus'}
[0.087910] (ddmr_description) JobStarted: {'identifier': 'ddmr_description'}
[0.100087] (drive_controller) JobStarted: {'identifier': 'drive_controller'}
[0.100422] (-) TimerEvent: {}
[0.201079] (-) TimerEvent: {}
[0.302040] (-) TimerEvent: {}
[0.402805] (-) TimerEvent: {}
[0.503505] (-) TimerEvent: {}
[0.604460] (-) TimerEvent: {}
[0.705070] (-) TimerEvent: {}
[0.805735] (ascamera) JobProgress: {'identifier': 'ascamera', 'progress': 'cmake'}
[0.806053] (-) TimerEvent: {}
[0.808187] (ascamera) Command: {'cmd': ['/usr/bin/cmake', '/home/orsted/AGV_EEPIS/src/ascamera', '-DAMENT_CMAKE_SYMLINK_INSTALL=1', '-DCMAKE_INSTALL_PREFIX=/home/orsted/AGV_EEPIS/install/ascamera'], 'cwd': '/home/orsted/AGV_EEPIS/build/ascamera', 'env': OrderedDict({'VNCDESKTOP': 'orsted:2 (orsted)', 'LESSOPEN': '| /usr/bin/lesspipe %s', 'GZ_SIM_RESOURCE_PATH': '/opt/ros/jazzy/share', 'USER': 'orsted', 'SSH_CLIENT': '192.168.137.1 62233 22', 'GZ_CONFIG_PATH': '/opt/ros/jazzy/opt/gz_sim_vendor/share/gz:/opt/ros/jazzy/opt/sdformat_vendor/share/gz:/opt/ros/jazzy/opt/gz_gui_vendor/share/gz:/opt/ros/jazzy/opt/gz_transport_vendor/share/gz:/opt/ros/jazzy/opt/gz_rendering_vendor/share/gz:/opt/ros/jazzy/opt/gz_plugin_vendor/share/gz:/opt/ros/jazzy/opt/gz_fuel_tools_vendor/share/gz:/opt/ros/jazzy/opt/gz_msgs_vendor/share/gz:/opt/ros/jazzy/opt/gz_common_vendor/share/gz', 'SSH_AGENT_PID': '8899', 'XDG_SESSION_TYPE': 'x11', 'GIT_ASKPASS': '/home/orsted/.vscode-server/cli/servers/Stable-7debcd0e2acdea1c52de81bf9ee1620444407dda/server/extensions/git/dist/askpass.sh', 'SHLVL': '1', 'LD_LIBRARY_PATH': '/usr/local/cuda-13.2/lib64:/usr/local/cuda-13.2/lib64:/opt/ros/jazzy/opt/gz_sim_vendor/lib:/opt/ros/jazzy/opt/gz_sensors_vendor/lib:/opt/ros/jazzy/opt/gz_physics_vendor/lib:/opt/ros/jazzy/opt/sdformat_vendor/lib:/opt/ros/jazzy/opt/rviz_ogre_vendor/lib:/opt/ros/jazzy/lib/aarch64-linux-gnu:/opt/ros/jazzy/opt/gz_gui_vendor/lib:/opt/ros/jazzy/opt/gz_transport_vendor/lib:/opt/ros/jazzy/opt/gz_rendering_vendor/lib:/opt/ros/jazzy/opt/gz_plugin_vendor/lib:/opt/ros/jazzy/opt/gz_fuel_tools_vendor/lib:/opt/ros/jazzy/opt/gz_msgs_vendor/lib:/opt/ros/jazzy/opt/gz_common_vendor/lib:/opt/ros/jazzy/opt/gz_math_vendor/lib:/opt/ros/jazzy/opt/gz_utils_vendor/lib:/opt/ros/jazzy/opt/gz_tools_vendor/lib:/opt/ros/jazzy/opt/gz_ogre_next_vendor/lib:/opt/ros/jazzy/opt/gz_dartsim_vendor/lib:/opt/ros/jazzy/opt/gz_cmake_vendor/lib:/opt/ros/jazzy/lib:/usr/local/cuda-13.2/lib64:', 'BROWSER': '/home/orsted/.vscode-server/cli/servers/Stable-7debcd0e2acdea1c52de81bf9ee1620444407dda/server/bin/helpers/browser.sh', 'HOME': '/home/orsted', 'DESKTOP_SESSION': 'xfce', 'VSCODE_IPC_HOOK_CLI': '/run/user/1000/vscode-ipc-cc2dc662-49e5-42f8-aa3b-35ec80433977.sock', 'PANEL_GDK_CORE_DEVICE_EVENTS': '0', 'ROS_PYTHON_VERSION': '3', 'VSCODE_GIT_ASKPASS_MAIN': '/home/orsted/.vscode-server/cli/servers/Stable-7debcd0e2acdea1c52de81bf9ee1620444407dda/server/extensions/git/dist/askpass-main.js', 'VSCODE_GIT_ASKPASS_NODE': '/home/orsted/.vscode-server/cli/servers/Stable-7debcd0e2acdea1c52de81bf9ee1620444407dda/server/node', 'VSCODE_PYTHON_AUTOACTIVATE_GUARD': '1', 'DBUS_SESSION_BUS_ADDRESS': 'unix:path=/tmp/dbus-myeODg71Z4,guid=546e82a075626b48ad1da50d6ab1ec60', 'COLORTERM': 'truecolor', 'DEBUGINFOD_URLS': 'https://debuginfod.ubuntu.com', 'COLCON_PREFIX_PATH': '/home/orsted/AGV_EEPIS/install:/home/orsted/ascam_ros2_ws/install', 'ROS_DISTRO': 'jazzy', 'LOGNAME': 'orsted', '_': '/usr/bin/colcon', 'ROS_VERSION': '2', 'XDG_SESSION_CLASS': 'user', 'TERM': 'xterm-256color', 'XDG_SESSION_ID': '3', 'PATH': '/usr/local/cuda-13.2/bin:/usr/local/cuda-13.2/bin:/home/orsted/.vscode-server/cli/servers/Stable-7debcd0e2acdea1c52de81bf9ee1620444407dda/server/bin/remote-cli:/opt/ros/jazzy/opt/gz_msgs_vendor/bin:/opt/ros/jazzy/opt/gz_tools_vendor/bin:/opt/ros/jazzy/opt/gz_ogre_next_vendor/bin:/opt/ros/jazzy/bin:/usr/local/cuda-13.2/bin:/usr/local/sbin:/usr/local/bin:/usr/sbin:/usr/bin:/sbin:/bin:/usr/games:/usr/local/games:/snap/bin', 'SESSION_MANAGER': 'local/orsted:@/tmp/.ICE-unix/8848,unix/orsted:/tmp/.ICE-unix/8848', 'XDG_MENU_PREFIX': 'xfce-', 'GNOME_TERMINAL_SCREEN': '/org/gnome/Terminal/screen/707f9a9e_9b41_4d91_94a5_2c13f60cebb0', 'XDG_RUNTIME_DIR': '/run/user/1000', 'DISPLAY': ':2.0', 'LANG': 'en_US.UTF-8', 'XDG_CURRENT_DESKTOP': 'XFCE', 'LS_COLORS': 'rs=0:di=01;34:ln=01;36:mh=00:pi=40;33:so=01;35:do=01;35:bd=40;33;01:cd=40;33;01:or=40;31;01:mi=00:su=37;41:sg=30;43:ca=00:tw=30;42:ow=34;42:st=37;44:ex=01;32:*.tar=01;31:*.tgz=01;31:*.arc=01;31:*.arj=01;31:*.taz=01;31:*.lha=01;31:*.lz4=01;31:*.lzh=01;31:*.lzma=01;31:*.tlz=01;31:*.txz=01;31:*.tzo=01;31:*.t7z=01;31:*.zip=01;31:*.z=01;31:*.dz=01;31:*.gz=01;31:*.lrz=01;31:*.lz=01;31:*.lzo=01;31:*.xz=01;31:*.zst=01;31:*.tzst=01;31:*.bz2=01;31:*.bz=01;31:*.tbz=01;31:*.tbz2=01;31:*.tz=01;31:*.deb=01;31:*.rpm=01;31:*.jar=01;31:*.war=01;31:*.ear=01;31:*.sar=01;31:*.rar=01;31:*.alz=01;31:*.ace=01;31:*.zoo=01;31:*.cpio=01;31:*.7z=01;31:*.rz=01;31:*.cab=01;31:*.wim=01;31:*.swm=01;31:*.dwm=01;31:*.esd=01;31:*.avif=01;35:*.jpg=01;35:*.jpeg=01;35:*.mjpg=01;35:*.mjpeg=01;35:*.gif=01;35:*.bmp=01;35:*.pbm=01;35:*.pgm=01;35:*.ppm=01;35:*.tga=01;35:*.xbm=01;35:*.xpm=01;35:*.tif=01;35:*.tiff=01;35:*.png=01;35:*.svg=01;35:*.svgz=01;35:*.mng=01;35:*.pcx=01;35:*.mov=01;35:*.mpg=01;35:*.mpeg=01;35:*.m2v=01;35:*.mkv=01;35:*.webm=01;35:*.webp=01;35:*.ogm=01;35:*.mp4=01;35:*.m4v=01;35:*.mp4v=01;35:*.vob=01;35:*.qt=01;35:*.nuv=01;35:*.wmv=01;35:*.asf=01;35:*.rm=01;35:*.rmvb=01;35:*.flc=01;35:*.avi=01;35:*.fli=01;35:*.flv=01;35:*.gl=01;35:*.dl=01;35:*.xcf=01;35:*.xwd=01;35:*.yuv=01;35:*.cgm=01;35:*.emf=01;35:*.ogv=01;35:*.ogx=01;35:*.aac=00;36:*.au=00;36:*.flac=00;36:*.m4a=00;36:*.mid=00;36:*.midi=00;36:*.mka=00;36:*.mp3=00;36:*.mpc=00;36:*.ogg=00;36:*.ra=00;36:*.wav=00;36:*.oga=00;36:*.opus=00;36:*.spx=00;36:*.xspf=00;36:*~=00;90:*#=00;90:*.bak=00;90:*.crdownload=00;90:*.dpkg-dist=00;90:*.dpkg-new=00;90:*.dpkg-old=00;90:*.dpkg-tmp=00;90:*.old=00;90:*.orig=00;90:*.part=00;90:*.rej=00;90:*.rpmnew=00;90:*.rpmorig=00;90:*.rpmsave=00;90:*.swp=00;90:*.tmp=00;90:*.ucf-dist=00;90:*.ucf-new=00;90:*.ucf-old=00;90:', 'VSCODE_GIT_IPC_HANDLE': '/run/user/1000/vscode-git-f13100ddb5.sock', 'GNOME_TERMINAL_SERVICE': ':1.49', 'SSH_AUTH_SOCK': '/tmp/ssh-YuvaTmZ1RxKX/agent.8898', 'AMENT_PREFIX_PATH': '/home/orsted/AGV_EEPIS/install/ultrasonic:/home/orsted/AGV_EEPIS/install/system:/home/orsted/AGV_EEPIS/install/slam:/home/orsted/AGV_EEPIS/install/remote:/home/orsted/AGV_EEPIS/install/drive_controller:/home/orsted/AGV_EEPIS/install/ddmr_description:/home/orsted/AGV_EEPIS/install/canbus:/home/orsted/AGV_EEPIS/install/bringup:/home/orsted/AGV_EEPIS/install/ascamera:/home/orsted/AGV_EEPIS/install/agv_description:/home/orsted/ascam_ros2_ws/install/ascamera:/opt/ros/jazzy', 'SHELL': '/bin/bash', 'LESSCLOSE': '/usr/bin/lesspipe %s %s', 'LC_ALLL': 'en_US.UTF-8', 'ROS_AUTOMATIC_DISCOVERY_RANGE': 'SUBNET', 'VSCODE_GIT_ASKPASS_EXTRA_ARGS': '', 'PWD': '/home/orsted/AGV_EEPIS/build/ascamera', 'XDG_CONFIG_DIRS': '/etc/xdg/xdg-xfce:/etc/xdg', 'SSH_CONNECTION': '192.168.137.1 62233 192.168.137.60 22', 'XDG_DATA_DIRS': '/usr/share/xfce4:/usr/share:/usr/local/share:/usr/share', 'PYTHONPATH': '/home/orsted/AGV_EEPIS/build/ultrasonic:/home/orsted/AGV_EEPIS/install/ultrasonic/lib/python3.12/site-packages:/home/orsted/AGV_EEPIS/build/system:/home/orsted/AGV_EEPIS/install/system/lib/python3.12/site-packages:/home/orsted/AGV_EEPIS/build/slam:/home/orsted/AGV_EEPIS/install/slam/lib/python3.12/site-packages:/home/orsted/AGV_EEPIS/build/remote:/home/orsted/AGV_EEPIS/install/remote/lib/python3.12/site-packages:/home/orsted/AGV_EEPIS/build/drive_controller:/home/orsted/AGV_EEPIS/install/drive_controller/lib/python3.12/site-packages:/home/orsted/AGV_EEPIS/build/ddmr_description:/home/orsted/AGV_EEPIS/install/ddmr_description/lib/python3.12/site-packages:/home/orsted/AGV_EEPIS/build/canbus:/home/orsted/AGV_EEPIS/install/canbus/lib/python3.12/site-packages:/home/orsted/AGV_EEPIS/build/bringup:/home/orsted/AGV_EEPIS/install/bringup/lib/python3.12/site-packages:/home/orsted/AGV_EEPIS/build/agv_description:/home/orsted/AGV_EEPIS/install/agv_description/lib/python3.12/site-packages:/opt/ros/jazzy/lib/python3.12/site-packages', 'COLCON': '1', 'VTE_VERSION': '7600', 'CMAKE_PREFIX_PATH': '/home/orsted/AGV_EEPIS/install/ascamera:/home/orsted/ascam_ros2_ws/install/ascamera:/opt/ros/jazzy/opt/gz_sim_vendor:/opt/ros/jazzy/opt/gz_sensors_vendor:/opt/ros/jazzy/opt/gz_physics_vendor:/opt/ros/jazzy/opt/sdformat_vendor:/opt/ros/jazzy/opt/gz_gui_vendor:/opt/ros/jazzy/opt/gz_transport_vendor:/opt/ros/jazzy/opt/gz_rendering_vendor:/opt/ros/jazzy/opt/gz_plugin_vendor:/opt/ros/jazzy/opt/gz_fuel_tools_vendor:/opt/ros/jazzy/opt/gz_msgs_vendor:/opt/ros/jazzy/opt/gz_common_vendor:/opt/ros/jazzy/opt/gz_math_vendor:/opt/ros/jazzy/opt/gz_utils_vendor:/opt/ros/jazzy/opt/gz_tools_vendor:/opt/ros/jazzy/opt/gz_ogre_next_vendor:/opt/ros/jazzy/opt/gz_dartsim_vendor:/opt/ros/jazzy/opt/gz_cmake_vendor:/home/orsted/AGV_EEPIS/install/ultrasonic:/home/orsted/AGV_EEPIS/install/system:/home/orsted/AGV_EEPIS/install/slam:/home/orsted/AGV_EEPIS/install/remote:/home/orsted/AGV_EEPIS/install/drive_controller:/home/orsted/AGV_EEPIS/install/ddmr_description:/home/orsted/AGV_EEPIS/install/canbus:/home/orsted/AGV_EEPIS/install/bringup:/home/orsted/AGV_EEPIS/install/agv_description:/opt/ros/jazzy'}), 'shell': False}
[0.906338] (-) TimerEvent: {}
[1.007214] (-) TimerEvent: {}
[1.107905] (-) TimerEvent: {}
[1.208727] (-) TimerEvent: {}
[1.309757] (-) TimerEvent: {}
[1.410656] (-) TimerEvent: {}
[1.511509] (-) TimerEvent: {}
[1.612481] (-) TimerEvent: {}
[1.713478] (-) TimerEvent: {}
[1.814334] (-) TimerEvent: {}
[1.915156] (-) TimerEvent: {}
[2.016073] (-) TimerEvent: {}
[2.116980] (-) TimerEvent: {}
[2.217856] (-) TimerEvent: {}
[2.318768] (-) TimerEvent: {}
[2.419597] (-) TimerEvent: {}
[2.521302] (-) TimerEvent: {}
[2.622268] (-) TimerEvent: {}
[2.723125] (-) TimerEvent: {}
[2.823967] (-) TimerEvent: {}
[2.852538] (ascamera) StderrLine: {'line': b'\x1b[0mdefault compiler:aarch64-linux-gnu-g++\x1b[0m\n'}
[2.855744] (ascamera) StdoutLine: {'line': b'-- The C compiler identification is GNU 13.3.0\n'}
[2.857225] (ascamera) StdoutLine: {'line': b'-- The CXX compiler identification is GNU 13.3.0\n'}
[2.857453] (ascamera) StdoutLine: {'line': b'-- Detecting C compiler ABI info\n'}
[2.857627] (ascamera) StdoutLine: {'line': b'-- Detecting C compiler ABI info - done\n'}
[2.857786] (ascamera) StdoutLine: {'line': b'-- Check for working C compiler: /usr/bin/cc - skipped\n'}
[2.857940] (ascamera) StdoutLine: {'line': b'-- Detecting C compile features\n'}
[2.858084] (ascamera) StdoutLine: {'line': b'-- Detecting C compile features - done\n'}
[2.858232] (ascamera) StdoutLine: {'line': b'-- Detecting CXX compiler ABI info\n'}
[2.858384] (ascamera) StdoutLine: {'line': b'-- Detecting CXX compiler ABI info - done\n'}
[2.858529] (ascamera) StdoutLine: {'line': b'-- Check for working CXX compiler: /usr/bin/c++ - skipped\n'}
[2.858676] (ascamera) StdoutLine: {'line': b'-- Detecting CXX compile features\n'}
[2.858861] (ascamera) StdoutLine: {'line': b'-- Detecting CXX compile features - done\n'}
[2.859003] (ascamera) StdoutLine: {'line': b'-- Found ament_cmake: 2.5.6 (/opt/ros/jazzy/share/ament_cmake/cmake)\n'}
[2.924161] (-) TimerEvent: {}
[2.993146] (ascamera) StdoutLine: {'line': b'-- Found Python3: /usr/bin/python3 (found version "3.12.3") found components: Interpreter \n'}
[3.024338] (-) TimerEvent: {}
[3.125147] (-) TimerEvent: {}
[3.226012] (-) TimerEvent: {}
[3.233343] (ascamera) StdoutLine: {'line': b'-- Override CMake install command with custom implementation using symlinks instead of copying resources\n'}
[3.326196] (-) TimerEvent: {}
[3.427130] (-) TimerEvent: {}
[3.436660] (ascamera) StdoutLine: {'line': b'-- Found rclcpp: 28.1.21 (/opt/ros/jazzy/share/rclcpp/cmake)\n'}
[3.527252] (-) TimerEvent: {}
[3.628306] (-) TimerEvent: {}
[3.636187] (ascamera) StdoutLine: {'line': b'-- Found rosidl_generator_c: 4.6.9 (/opt/ros/jazzy/share/rosidl_generator_c/cmake)\n'}
[3.692530] (ascamera) StdoutLine: {'line': b'-- Found rosidl_generator_cpp: 4.6.9 (/opt/ros/jazzy/share/rosidl_generator_cpp/cmake)\n'}
[3.728535] (-) TimerEvent: {}
[3.771962] (ascamera) StdoutLine: {'line': b'-- Using all available rosidl_typesupport_c: rosidl_typesupport_fastrtps_c;rosidl_typesupport_introspection_c\n'}
[3.828739] (-) TimerEvent: {}
[3.866768] (ascamera) StdoutLine: {'line': b'-- Using all available rosidl_typesupport_cpp: rosidl_typesupport_fastrtps_cpp;rosidl_typesupport_introspection_cpp\n'}
[3.928944] (-) TimerEvent: {}
[4.029847] (-) TimerEvent: {}
[4.132039] (-) TimerEvent: {}
[4.168096] (ascamera) StdoutLine: {'line': b'-- Found rmw_implementation_cmake: 7.3.3 (/opt/ros/jazzy/share/rmw_implementation_cmake/cmake)\n'}
[4.185830] (ascamera) StdoutLine: {'line': b'-- Found rmw_fastrtps_cpp: 8.4.4 (/opt/ros/jazzy/share/rmw_fastrtps_cpp/cmake)\n'}
[4.232614] (-) TimerEvent: {}
[4.335903] (-) TimerEvent: {}
[4.436807] (-) TimerEvent: {}
[4.504779] (ascamera) StdoutLine: {'line': b'-- Found OpenSSL: /usr/lib/aarch64-linux-gnu/libcrypto.so (found version "3.0.13")  \n'}
[4.537306] (-) TimerEvent: {}
[4.569825] (ascamera) StdoutLine: {'line': b'-- Found FastRTPS: /opt/ros/jazzy/include (Required is at least version "2.13") \n'}
[4.637543] (-) TimerEvent: {}
[4.639742] (ascamera) StdoutLine: {'line': b"-- Using RMW implementation 'rmw_fastrtps_cpp' as default\n"}
[4.739999] (-) TimerEvent: {}
[4.840862] (-) TimerEvent: {}
[4.935435] (ascamera) StdoutLine: {'line': b'-- Found std_msgs: 5.3.8 (/opt/ros/jazzy/share/std_msgs/cmake)\n'}
[4.941148] (-) TimerEvent: {}
[4.998374] (ascamera) StdoutLine: {'line': b'-- Found sensor_msgs: 5.3.8 (/opt/ros/jazzy/share/sensor_msgs/cmake)\n'}
[5.041303] (-) TimerEvent: {}
[5.136509] (ascamera) StdoutLine: {'line': b'-- Found pcl_conversions: 2.6.4 (/opt/ros/jazzy/share/pcl_conversions/cmake)\n'}
[5.141421] (-) TimerEvent: {}
[5.246798] (-) TimerEvent: {}
[5.347787] (-) TimerEvent: {}
[5.431310] (ascamera) StderrLine: {'line': b'\x1b[33mCMake Warning (dev) at /usr/lib/aarch64-linux-gnu/cmake/pcl/Modules/FindFLANN.cmake:45 (find_package):\n'}
[5.432094] (ascamera) StderrLine: {'line': b'  Policy CMP0144 is not set: find_package uses upper-case <PACKAGENAME>_ROOT\n'}
[5.432352] (ascamera) StderrLine: {'line': b'  variables.  Run "cmake --help-policy CMP0144" for policy details.  Use the\n'}
[5.432534] (ascamera) StderrLine: {'line': b'  cmake_policy command to set the policy and suppress this warning.\n'}
[5.432698] (ascamera) StderrLine: {'line': b'\n'}
[5.432854] (ascamera) StderrLine: {'line': b'  CMake variable FLANN_ROOT is set to:\n'}
[5.433003] (ascamera) StderrLine: {'line': b'\n'}
[5.433145] (ascamera) StderrLine: {'line': b'    /usr\n'}
[5.433288] (ascamera) StderrLine: {'line': b'\n'}
[5.433432] (ascamera) StderrLine: {'line': b'  For compatibility, find_package is ignoring the variable, but code in a\n'}
[5.433577] (ascamera) StderrLine: {'line': b'  .cmake module might still use it.\n'}
[5.433719] (ascamera) StderrLine: {'line': b'Call Stack (most recent call first):\n'}
[5.433903] (ascamera) StderrLine: {'line': b'  /usr/lib/aarch64-linux-gnu/cmake/pcl/PCLConfig.cmake:261 (find_package)\n'}
[5.434046] (ascamera) StderrLine: {'line': b'  /usr/lib/aarch64-linux-gnu/cmake/pcl/PCLConfig.cmake:306 (find_flann)\n'}
[5.434186] (ascamera) StderrLine: {'line': b'  /usr/lib/aarch64-linux-gnu/cmake/pcl/PCLConfig.cmake:570 (find_external_library)\n'}
[5.434325] (ascamera) StderrLine: {'line': b'  /opt/ros/jazzy/share/pcl_conversions/cmake/ament_cmake_export_dependencies-extras.cmake:21 (find_package)\n'}
[5.434466] (ascamera) StderrLine: {'line': b'  /opt/ros/jazzy/share/pcl_conversions/cmake/pcl_conversionsConfig.cmake:41 (include)\n'}
[5.434608] (ascamera) StderrLine: {'line': b'  CMakeLists.txt:39 (find_package)\n'}
[5.434744] (ascamera) StderrLine: {'line': b'This warning is for project developers.  Use -Wno-dev to suppress it.\n'}
[5.434880] (ascamera) StderrLine: {'line': b'\x1b[0m\n'}
[5.443911] (ascamera) StdoutLine: {'line': b'-- Found flann version 1.9.2\n'}
[5.447899] (-) TimerEvent: {}
[5.548763] (-) TimerEvent: {}
[5.652058] (-) TimerEvent: {}
[5.752988] (-) TimerEvent: {}
[5.853940] (-) TimerEvent: {}
[5.960078] (-) TimerEvent: {}
[6.061228] (-) TimerEvent: {}
[6.162350] (-) TimerEvent: {}
[6.263397] (-) TimerEvent: {}
[6.364399] (-) TimerEvent: {}
[6.424173] (ascamera) StdoutLine: {'line': b'-- Found OpenMP_CXX: -fopenmp (found version "4.5") \n'}
[6.425946] (ascamera) StdoutLine: {'line': b'-- Found OpenMP: TRUE (found version "4.5") found components: CXX \n'}
[6.464590] (-) TimerEvent: {}
[6.565451] (-) TimerEvent: {}
[6.666360] (-) TimerEvent: {}
[6.771976] (-) TimerEvent: {}
[6.872853] (-) TimerEvent: {}
[6.973845] (-) TimerEvent: {}
[7.074767] (-) TimerEvent: {}
[7.180019] (-) TimerEvent: {}
[7.280943] (-) TimerEvent: {}
[7.335454] (drive_controller) Command: {'cmd': ['/usr/bin/python3', '-W', 'ignore:setup.py install is deprecated', '-W', 'ignore:easy_install command is deprecated', 'setup.py', 'develop', '--editable', '--build-directory', '/home/orsted/AGV_EEPIS/build/drive_controller/build', '--no-deps', 'symlink_data'], 'cwd': '/home/orsted/AGV_EEPIS/build/drive_controller', 'env': {'VNCDESKTOP': 'orsted:2 (orsted)', 'LESSOPEN': '| /usr/bin/lesspipe %s', 'GZ_SIM_RESOURCE_PATH': '/opt/ros/jazzy/share', 'USER': 'orsted', 'SSH_CLIENT': '192.168.137.1 62233 22', 'GZ_CONFIG_PATH': '/opt/ros/jazzy/opt/gz_sim_vendor/share/gz:/opt/ros/jazzy/opt/sdformat_vendor/share/gz:/opt/ros/jazzy/opt/gz_gui_vendor/share/gz:/opt/ros/jazzy/opt/gz_transport_vendor/share/gz:/opt/ros/jazzy/opt/gz_rendering_vendor/share/gz:/opt/ros/jazzy/opt/gz_plugin_vendor/share/gz:/opt/ros/jazzy/opt/gz_fuel_tools_vendor/share/gz:/opt/ros/jazzy/opt/gz_msgs_vendor/share/gz:/opt/ros/jazzy/opt/gz_common_vendor/share/gz', 'SSH_AGENT_PID': '8899', 'XDG_SESSION_TYPE': 'x11', 'GIT_ASKPASS': '/home/orsted/.vscode-server/cli/servers/Stable-7debcd0e2acdea1c52de81bf9ee1620444407dda/server/extensions/git/dist/askpass.sh', 'SHLVL': '1', 'LD_LIBRARY_PATH': '/usr/local/cuda-13.2/lib64:/usr/local/cuda-13.2/lib64:/opt/ros/jazzy/opt/gz_sim_vendor/lib:/opt/ros/jazzy/opt/gz_sensors_vendor/lib:/opt/ros/jazzy/opt/gz_physics_vendor/lib:/opt/ros/jazzy/opt/sdformat_vendor/lib:/opt/ros/jazzy/opt/rviz_ogre_vendor/lib:/opt/ros/jazzy/lib/aarch64-linux-gnu:/opt/ros/jazzy/opt/gz_gui_vendor/lib:/opt/ros/jazzy/opt/gz_transport_vendor/lib:/opt/ros/jazzy/opt/gz_rendering_vendor/lib:/opt/ros/jazzy/opt/gz_plugin_vendor/lib:/opt/ros/jazzy/opt/gz_fuel_tools_vendor/lib:/opt/ros/jazzy/opt/gz_msgs_vendor/lib:/opt/ros/jazzy/opt/gz_common_vendor/lib:/opt/ros/jazzy/opt/gz_math_vendor/lib:/opt/ros/jazzy/opt/gz_utils_vendor/lib:/opt/ros/jazzy/opt/gz_tools_vendor/lib:/opt/ros/jazzy/opt/gz_ogre_next_vendor/lib:/opt/ros/jazzy/opt/gz_dartsim_vendor/lib:/opt/ros/jazzy/opt/gz_cmake_vendor/lib:/opt/ros/jazzy/lib:/usr/local/cuda-13.2/lib64:', 'BROWSER': '/home/orsted/.vscode-server/cli/servers/Stable-7debcd0e2acdea1c52de81bf9ee1620444407dda/server/bin/helpers/browser.sh', 'HOME': '/home/orsted', 'DESKTOP_SESSION': 'xfce', 'VSCODE_IPC_HOOK_CLI': '/run/user/1000/vscode-ipc-cc2dc662-49e5-42f8-aa3b-35ec80433977.sock', 'PANEL_GDK_CORE_DEVICE_EVENTS': '0', 'ROS_PYTHON_VERSION': '3', 'VSCODE_GIT_ASKPASS_MAIN': '/home/orsted/.vscode-server/cli/servers/Stable-7debcd0e2acdea1c52de81bf9ee1620444407dda/server/extensions/git/dist/askpass-main.js', 'VSCODE_GIT_ASKPASS_NODE': '/home/orsted/.vscode-server/cli/servers/Stable-7debcd0e2acdea1c52de81bf9ee1620444407dda/server/node', 'VSCODE_PYTHON_AUTOACTIVATE_GUARD': '1', 'DBUS_SESSION_BUS_ADDRESS': 'unix:path=/tmp/dbus-myeODg71Z4,guid=546e82a075626b48ad1da50d6ab1ec60', 'COLORTERM': 'truecolor', 'DEBUGINFOD_URLS': 'https://debuginfod.ubuntu.com', 'COLCON_PREFIX_PATH': '/home/orsted/AGV_EEPIS/install:/home/orsted/ascam_ros2_ws/install', 'ROS_DISTRO': 'jazzy', 'LOGNAME': 'orsted', '_': '/usr/bin/colcon', 'ROS_VERSION': '2', 'XDG_SESSION_CLASS': 'user', 'TERM': 'xterm-256color', 'XDG_SESSION_ID': '3', 'PATH': '/usr/local/cuda-13.2/bin:/usr/local/cuda-13.2/bin:/home/orsted/.vscode-server/cli/servers/Stable-7debcd0e2acdea1c52de81bf9ee1620444407dda/server/bin/remote-cli:/opt/ros/jazzy/opt/gz_msgs_vendor/bin:/opt/ros/jazzy/opt/gz_tools_vendor/bin:/opt/ros/jazzy/opt/gz_ogre_next_vendor/bin:/opt/ros/jazzy/bin:/usr/local/cuda-13.2/bin:/usr/local/sbin:/usr/local/bin:/usr/sbin:/usr/bin:/sbin:/bin:/usr/games:/usr/local/games:/snap/bin', 'SESSION_MANAGER': 'local/orsted:@/tmp/.ICE-unix/8848,unix/orsted:/tmp/.ICE-unix/8848', 'XDG_MENU_PREFIX': 'xfce-', 'GNOME_TERMINAL_SCREEN': '/org/gnome/Terminal/screen/707f9a9e_9b41_4d91_94a5_2c13f60cebb0', 'XDG_RUNTIME_DIR': '/run/user/1000', 'DISPLAY': ':2.0', 'LANG': 'en_US.UTF-8', 'XDG_CURRENT_DESKTOP': 'XFCE', 'LS_COLORS': 'rs=0:di=01;34:ln=01;36:mh=00:pi=40;33:so=01;35:do=01;35:bd=40;33;01:cd=40;33;01:or=40;31;01:mi=00:su=37;41:sg=30;43:ca=00:tw=30;42:ow=34;42:st=37;44:ex=01;32:*.tar=01;31:*.tgz=01;31:*.arc=01;31:*.arj=01;31:*.taz=01;31:*.lha=01;31:*.lz4=01;31:*.lzh=01;31:*.lzma=01;31:*.tlz=01;31:*.txz=01;31:*.tzo=01;31:*.t7z=01;31:*.zip=01;31:*.z=01;31:*.dz=01;31:*.gz=01;31:*.lrz=01;31:*.lz=01;31:*.lzo=01;31:*.xz=01;31:*.zst=01;31:*.tzst=01;31:*.bz2=01;31:*.bz=01;31:*.tbz=01;31:*.tbz2=01;31:*.tz=01;31:*.deb=01;31:*.rpm=01;31:*.jar=01;31:*.war=01;31:*.ear=01;31:*.sar=01;31:*.rar=01;31:*.alz=01;31:*.ace=01;31:*.zoo=01;31:*.cpio=01;31:*.7z=01;31:*.rz=01;31:*.cab=01;31:*.wim=01;31:*.swm=01;31:*.dwm=01;31:*.esd=01;31:*.avif=01;35:*.jpg=01;35:*.jpeg=01;35:*.mjpg=01;35:*.mjpeg=01;35:*.gif=01;35:*.bmp=01;35:*.pbm=01;35:*.pgm=01;35:*.ppm=01;35:*.tga=01;35:*.xbm=01;35:*.xpm=01;35:*.tif=01;35:*.tiff=01;35:*.png=01;35:*.svg=01;35:*.svgz=01;35:*.mng=01;35:*.pcx=01;35:*.mov=01;35:*.mpg=01;35:*.mpeg=01;35:*.m2v=01;35:*.mkv=01;35:*.webm=01;35:*.webp=01;35:*.ogm=01;35:*.mp4=01;35:*.m4v=01;35:*.mp4v=01;35:*.vob=01;35:*.qt=01;35:*.nuv=01;35:*.wmv=01;35:*.asf=01;35:*.rm=01;35:*.rmvb=01;35:*.flc=01;35:*.avi=01;35:*.fli=01;35:*.flv=01;35:*.gl=01;35:*.dl=01;35:*.xcf=01;35:*.xwd=01;35:*.yuv=01;35:*.cgm=01;35:*.emf=01;35:*.ogv=01;35:*.ogx=01;35:*.aac=00;36:*.au=00;36:*.flac=00;36:*.m4a=00;36:*.mid=00;36:*.midi=00;36:*.mka=00;36:*.mp3=00;36:*.mpc=00;36:*.ogg=00;36:*.ra=00;36:*.wav=00;36:*.oga=00;36:*.opus=00;36:*.spx=00;36:*.xspf=00;36:*~=00;90:*#=00;90:*.bak=00;90:*.crdownload=00;90:*.dpkg-dist=00;90:*.dpkg-new=00;90:*.dpkg-old=00;90:*.dpkg-tmp=00;90:*.old=00;90:*.orig=00;90:*.part=00;90:*.rej=00;90:*.rpmnew=00;90:*.rpmorig=00;90:*.rpmsave=00;90:*.swp=00;90:*.tmp=00;90:*.ucf-dist=00;90:*.ucf-new=00;90:*.ucf-old=00;90:', 'VSCODE_GIT_IPC_HANDLE': '/run/user/1000/vscode-git-f13100ddb5.sock', 'GNOME_TERMINAL_SERVICE': ':1.49', 'SSH_AUTH_SOCK': '/tmp/ssh-YuvaTmZ1RxKX/agent.8898', 'AMENT_PREFIX_PATH': '/home/orsted/AGV_EEPIS/install/ultrasonic:/home/orsted/AGV_EEPIS/install/system:/home/orsted/AGV_EEPIS/install/slam:/home/orsted/AGV_EEPIS/install/remote:/home/orsted/AGV_EEPIS/install/drive_controller:/home/orsted/AGV_EEPIS/install/ddmr_description:/home/orsted/AGV_EEPIS/install/canbus:/home/orsted/AGV_EEPIS/install/bringup:/home/orsted/AGV_EEPIS/install/ascamera:/home/orsted/AGV_EEPIS/install/agv_description:/home/orsted/ascam_ros2_ws/install/ascamera:/opt/ros/jazzy', 'SHELL': '/bin/bash', 'LESSCLOSE': '/usr/bin/lesspipe %s %s', 'LC_ALLL': 'en_US.UTF-8', 'ROS_AUTOMATIC_DISCOVERY_RANGE': 'SUBNET', 'VSCODE_GIT_ASKPASS_EXTRA_ARGS': '', 'PWD': '/home/orsted/AGV_EEPIS/build/drive_controller', 'XDG_CONFIG_DIRS': '/etc/xdg/xdg-xfce:/etc/xdg', 'SSH_CONNECTION': '192.168.137.1 62233 192.168.137.60 22', 'XDG_DATA_DIRS': '/usr/share/xfce4:/usr/share:/usr/local/share:/usr/share', 'PYTHONPATH': '/home/orsted/AGV_EEPIS/build/drive_controller/prefix_override:/usr/lib/python3/dist-packages/colcon_core/task/python/colcon_distutils_commands:/home/orsted/AGV_EEPIS/install/drive_controller/lib/python3.12/site-packages:/home/orsted/AGV_EEPIS/build/ultrasonic:/home/orsted/AGV_EEPIS/install/ultrasonic/lib/python3.12/site-packages:/home/orsted/AGV_EEPIS/build/system:/home/orsted/AGV_EEPIS/install/system/lib/python3.12/site-packages:/home/orsted/AGV_EEPIS/build/slam:/home/orsted/AGV_EEPIS/install/slam/lib/python3.12/site-packages:/home/orsted/AGV_EEPIS/build/remote:/home/orsted/AGV_EEPIS/install/remote/lib/python3.12/site-packages:/home/orsted/AGV_EEPIS/build/drive_controller:/home/orsted/AGV_EEPIS/install/drive_controller/lib/python3.12/site-packages:/home/orsted/AGV_EEPIS/build/ddmr_description:/home/orsted/AGV_EEPIS/install/ddmr_description/lib/python3.12/site-packages:/home/orsted/AGV_EEPIS/build/canbus:/home/orsted/AGV_EEPIS/install/canbus/lib/python3.12/site-packages:/home/orsted/AGV_EEPIS/build/bringup:/home/orsted/AGV_EEPIS/install/bringup/lib/python3.12/site-packages:/home/orsted/AGV_EEPIS/build/agv_description:/home/orsted/AGV_EEPIS/install/agv_description/lib/python3.12/site-packages:/opt/ros/jazzy/lib/python3.12/site-packages', 'COLCON': '1', 'VTE_VERSION': '7600', 'CMAKE_PREFIX_PATH': '/home/orsted/AGV_EEPIS/install/ascamera:/home/orsted/ascam_ros2_ws/install/ascamera:/opt/ros/jazzy/opt/gz_sim_vendor:/opt/ros/jazzy/opt/gz_sensors_vendor:/opt/ros/jazzy/opt/gz_physics_vendor:/opt/ros/jazzy/opt/sdformat_vendor:/opt/ros/jazzy/opt/gz_gui_vendor:/opt/ros/jazzy/opt/gz_transport_vendor:/opt/ros/jazzy/opt/gz_rendering_vendor:/opt/ros/jazzy/opt/gz_plugin_vendor:/opt/ros/jazzy/opt/gz_fuel_tools_vendor:/opt/ros/jazzy/opt/gz_msgs_vendor:/opt/ros/jazzy/opt/gz_common_vendor:/opt/ros/jazzy/opt/gz_math_vendor:/opt/ros/jazzy/opt/gz_utils_vendor:/opt/ros/jazzy/opt/gz_tools_vendor:/opt/ros/jazzy/opt/gz_ogre_next_vendor:/opt/ros/jazzy/opt/gz_dartsim_vendor:/opt/ros/jazzy/opt/gz_cmake_vendor'}, 'shell': False}
[7.384011] (-) TimerEvent: {}
[7.485006] (-) TimerEvent: {}
[7.536218] (canbus) Command: {'cmd': ['/usr/bin/python3', '-W', 'ignore:setup.py install is deprecated', '-W', 'ignore:easy_install command is deprecated', 'setup.py', 'develop', '--editable', '--build-directory', '/home/orsted/AGV_EEPIS/build/canbus/build', '--no-deps', 'symlink_data'], 'cwd': '/home/orsted/AGV_EEPIS/build/canbus', 'env': {'VNCDESKTOP': 'orsted:2 (orsted)', 'LESSOPEN': '| /usr/bin/lesspipe %s', 'GZ_SIM_RESOURCE_PATH': '/opt/ros/jazzy/share', 'USER': 'orsted', 'SSH_CLIENT': '192.168.137.1 62233 22', 'GZ_CONFIG_PATH': '/opt/ros/jazzy/opt/gz_sim_vendor/share/gz:/opt/ros/jazzy/opt/sdformat_vendor/share/gz:/opt/ros/jazzy/opt/gz_gui_vendor/share/gz:/opt/ros/jazzy/opt/gz_transport_vendor/share/gz:/opt/ros/jazzy/opt/gz_rendering_vendor/share/gz:/opt/ros/jazzy/opt/gz_plugin_vendor/share/gz:/opt/ros/jazzy/opt/gz_fuel_tools_vendor/share/gz:/opt/ros/jazzy/opt/gz_msgs_vendor/share/gz:/opt/ros/jazzy/opt/gz_common_vendor/share/gz', 'SSH_AGENT_PID': '8899', 'XDG_SESSION_TYPE': 'x11', 'GIT_ASKPASS': '/home/orsted/.vscode-server/cli/servers/Stable-7debcd0e2acdea1c52de81bf9ee1620444407dda/server/extensions/git/dist/askpass.sh', 'SHLVL': '1', 'LD_LIBRARY_PATH': '/usr/local/cuda-13.2/lib64:/usr/local/cuda-13.2/lib64:/opt/ros/jazzy/opt/gz_sim_vendor/lib:/opt/ros/jazzy/opt/gz_sensors_vendor/lib:/opt/ros/jazzy/opt/gz_physics_vendor/lib:/opt/ros/jazzy/opt/sdformat_vendor/lib:/opt/ros/jazzy/opt/rviz_ogre_vendor/lib:/opt/ros/jazzy/lib/aarch64-linux-gnu:/opt/ros/jazzy/opt/gz_gui_vendor/lib:/opt/ros/jazzy/opt/gz_transport_vendor/lib:/opt/ros/jazzy/opt/gz_rendering_vendor/lib:/opt/ros/jazzy/opt/gz_plugin_vendor/lib:/opt/ros/jazzy/opt/gz_fuel_tools_vendor/lib:/opt/ros/jazzy/opt/gz_msgs_vendor/lib:/opt/ros/jazzy/opt/gz_common_vendor/lib:/opt/ros/jazzy/opt/gz_math_vendor/lib:/opt/ros/jazzy/opt/gz_utils_vendor/lib:/opt/ros/jazzy/opt/gz_tools_vendor/lib:/opt/ros/jazzy/opt/gz_ogre_next_vendor/lib:/opt/ros/jazzy/opt/gz_dartsim_vendor/lib:/opt/ros/jazzy/opt/gz_cmake_vendor/lib:/opt/ros/jazzy/lib:/usr/local/cuda-13.2/lib64:', 'BROWSER': '/home/orsted/.vscode-server/cli/servers/Stable-7debcd0e2acdea1c52de81bf9ee1620444407dda/server/bin/helpers/browser.sh', 'HOME': '/home/orsted', 'DESKTOP_SESSION': 'xfce', 'VSCODE_IPC_HOOK_CLI': '/run/user/1000/vscode-ipc-cc2dc662-49e5-42f8-aa3b-35ec80433977.sock', 'PANEL_GDK_CORE_DEVICE_EVENTS': '0', 'ROS_PYTHON_VERSION': '3', 'VSCODE_GIT_ASKPASS_MAIN': '/home/orsted/.vscode-server/cli/servers/Stable-7debcd0e2acdea1c52de81bf9ee1620444407dda/server/extensions/git/dist/askpass-main.js', 'VSCODE_GIT_ASKPASS_NODE': '/home/orsted/.vscode-server/cli/servers/Stable-7debcd0e2acdea1c52de81bf9ee1620444407dda/server/node', 'VSCODE_PYTHON_AUTOACTIVATE_GUARD': '1', 'DBUS_SESSION_BUS_ADDRESS': 'unix:path=/tmp/dbus-myeODg71Z4,guid=546e82a075626b48ad1da50d6ab1ec60', 'COLORTERM': 'truecolor', 'DEBUGINFOD_URLS': 'https://debuginfod.ubuntu.com', 'COLCON_PREFIX_PATH': '/home/orsted/AGV_EEPIS/install:/home/orsted/ascam_ros2_ws/install', 'ROS_DISTRO': 'jazzy', 'LOGNAME': 'orsted', '_': '/usr/bin/colcon', 'ROS_VERSION': '2', 'XDG_SESSION_CLASS': 'user', 'TERM': 'xterm-256color', 'XDG_SESSION_ID': '3', 'PATH': '/usr/local/cuda-13.2/bin:/usr/local/cuda-13.2/bin:/home/orsted/.vscode-server/cli/servers/Stable-7debcd0e2acdea1c52de81bf9ee1620444407dda/server/bin/remote-cli:/opt/ros/jazzy/opt/gz_msgs_vendor/bin:/opt/ros/jazzy/opt/gz_tools_vendor/bin:/opt/ros/jazzy/opt/gz_ogre_next_vendor/bin:/opt/ros/jazzy/bin:/usr/local/cuda-13.2/bin:/usr/local/sbin:/usr/local/bin:/usr/sbin:/usr/bin:/sbin:/bin:/usr/games:/usr/local/games:/snap/bin', 'SESSION_MANAGER': 'local/orsted:@/tmp/.ICE-unix/8848,unix/orsted:/tmp/.ICE-unix/8848', 'XDG_MENU_PREFIX': 'xfce-', 'GNOME_TERMINAL_SCREEN': '/org/gnome/Terminal/screen/707f9a9e_9b41_4d91_94a5_2c13f60cebb0', 'XDG_RUNTIME_DIR': '/run/user/1000', 'DISPLAY': ':2.0', 'LANG': 'en_US.UTF-8', 'XDG_CURRENT_DESKTOP': 'XFCE', 'LS_COLORS': 'rs=0:di=01;34:ln=01;36:mh=00:pi=40;33:so=01;35:do=01;35:bd=40;33;01:cd=40;33;01:or=40;31;01:mi=00:su=37;41:sg=30;43:ca=00:tw=30;42:ow=34;42:st=37;44:ex=01;32:*.tar=01;31:*.tgz=01;31:*.arc=01;31:*.arj=01;31:*.taz=01;31:*.lha=01;31:*.lz4=01;31:*.lzh=01;31:*.lzma=01;31:*.tlz=01;31:*.txz=01;31:*.tzo=01;31:*.t7z=01;31:*.zip=01;31:*.z=01;31:*.dz=01;31:*.gz=01;31:*.lrz=01;31:*.lz=01;31:*.lzo=01;31:*.xz=01;31:*.zst=01;31:*.tzst=01;31:*.bz2=01;31:*.bz=01;31:*.tbz=01;31:*.tbz2=01;31:*.tz=01;31:*.deb=01;31:*.rpm=01;31:*.jar=01;31:*.war=01;31:*.ear=01;31:*.sar=01;31:*.rar=01;31:*.alz=01;31:*.ace=01;31:*.zoo=01;31:*.cpio=01;31:*.7z=01;31:*.rz=01;31:*.cab=01;31:*.wim=01;31:*.swm=01;31:*.dwm=01;31:*.esd=01;31:*.avif=01;35:*.jpg=01;35:*.jpeg=01;35:*.mjpg=01;35:*.mjpeg=01;35:*.gif=01;35:*.bmp=01;35:*.pbm=01;35:*.pgm=01;35:*.ppm=01;35:*.tga=01;35:*.xbm=01;35:*.xpm=01;35:*.tif=01;35:*.tiff=01;35:*.png=01;35:*.svg=01;35:*.svgz=01;35:*.mng=01;35:*.pcx=01;35:*.mov=01;35:*.mpg=01;35:*.mpeg=01;35:*.m2v=01;35:*.mkv=01;35:*.webm=01;35:*.webp=01;35:*.ogm=01;35:*.mp4=01;35:*.m4v=01;35:*.mp4v=01;35:*.vob=01;35:*.qt=01;35:*.nuv=01;35:*.wmv=01;35:*.asf=01;35:*.rm=01;35:*.rmvb=01;35:*.flc=01;35:*.avi=01;35:*.fli=01;35:*.flv=01;35:*.gl=01;35:*.dl=01;35:*.xcf=01;35:*.xwd=01;35:*.yuv=01;35:*.cgm=01;35:*.emf=01;35:*.ogv=01;35:*.ogx=01;35:*.aac=00;36:*.au=00;36:*.flac=00;36:*.m4a=00;36:*.mid=00;36:*.midi=00;36:*.mka=00;36:*.mp3=00;36:*.mpc=00;36:*.ogg=00;36:*.ra=00;36:*.wav=00;36:*.oga=00;36:*.opus=00;36:*.spx=00;36:*.xspf=00;36:*~=00;90:*#=00;90:*.bak=00;90:*.crdownload=00;90:*.dpkg-dist=00;90:*.dpkg-new=00;90:*.dpkg-old=00;90:*.dpkg-tmp=00;90:*.old=00;90:*.orig=00;90:*.part=00;90:*.rej=00;90:*.rpmnew=00;90:*.rpmorig=00;90:*.rpmsave=00;90:*.swp=00;90:*.tmp=00;90:*.ucf-dist=00;90:*.ucf-new=00;90:*.ucf-old=00;90:', 'VSCODE_GIT_IPC_HANDLE': '/run/user/1000/vscode-git-f13100ddb5.sock', 'GNOME_TERMINAL_SERVICE': ':1.49', 'SSH_AUTH_SOCK': '/tmp/ssh-YuvaTmZ1RxKX/agent.8898', 'AMENT_PREFIX_PATH': '/home/orsted/AGV_EEPIS/install/ultrasonic:/home/orsted/AGV_EEPIS/install/system:/home/orsted/AGV_EEPIS/install/slam:/home/orsted/AGV_EEPIS/install/remote:/home/orsted/AGV_EEPIS/install/drive_controller:/home/orsted/AGV_EEPIS/install/ddmr_description:/home/orsted/AGV_EEPIS/install/canbus:/home/orsted/AGV_EEPIS/install/bringup:/home/orsted/AGV_EEPIS/install/ascamera:/home/orsted/AGV_EEPIS/install/agv_description:/home/orsted/ascam_ros2_ws/install/ascamera:/opt/ros/jazzy', 'SHELL': '/bin/bash', 'LESSCLOSE': '/usr/bin/lesspipe %s %s', 'LC_ALLL': 'en_US.UTF-8', 'ROS_AUTOMATIC_DISCOVERY_RANGE': 'SUBNET', 'VSCODE_GIT_ASKPASS_EXTRA_ARGS': '', 'PWD': '/home/orsted/AGV_EEPIS/build/canbus', 'XDG_CONFIG_DIRS': '/etc/xdg/xdg-xfce:/etc/xdg', 'SSH_CONNECTION': '192.168.137.1 62233 192.168.137.60 22', 'XDG_DATA_DIRS': '/usr/share/xfce4:/usr/share:/usr/local/share:/usr/share', 'PYTHONPATH': '/home/orsted/AGV_EEPIS/build/canbus/prefix_override:/usr/lib/python3/dist-packages/colcon_core/task/python/colcon_distutils_commands:/home/orsted/AGV_EEPIS/install/canbus/lib/python3.12/site-packages:/home/orsted/AGV_EEPIS/build/ultrasonic:/home/orsted/AGV_EEPIS/install/ultrasonic/lib/python3.12/site-packages:/home/orsted/AGV_EEPIS/build/system:/home/orsted/AGV_EEPIS/install/system/lib/python3.12/site-packages:/home/orsted/AGV_EEPIS/build/slam:/home/orsted/AGV_EEPIS/install/slam/lib/python3.12/site-packages:/home/orsted/AGV_EEPIS/build/remote:/home/orsted/AGV_EEPIS/install/remote/lib/python3.12/site-packages:/home/orsted/AGV_EEPIS/build/drive_controller:/home/orsted/AGV_EEPIS/install/drive_controller/lib/python3.12/site-packages:/home/orsted/AGV_EEPIS/build/ddmr_description:/home/orsted/AGV_EEPIS/install/ddmr_description/lib/python3.12/site-packages:/home/orsted/AGV_EEPIS/build/canbus:/home/orsted/AGV_EEPIS/install/canbus/lib/python3.12/site-packages:/home/orsted/AGV_EEPIS/build/bringup:/home/orsted/AGV_EEPIS/install/bringup/lib/python3.12/site-packages:/home/orsted/AGV_EEPIS/build/agv_description:/home/orsted/AGV_EEPIS/install/agv_description/lib/python3.12/site-packages:/opt/ros/jazzy/lib/python3.12/site-packages', 'COLCON': '1', 'VTE_VERSION': '7600', 'CMAKE_PREFIX_PATH': '/home/orsted/AGV_EEPIS/install/ascamera:/home/orsted/ascam_ros2_ws/install/ascamera:/opt/ros/jazzy/opt/gz_sim_vendor:/opt/ros/jazzy/opt/gz_sensors_vendor:/opt/ros/jazzy/opt/gz_physics_vendor:/opt/ros/jazzy/opt/sdformat_vendor:/opt/ros/jazzy/opt/gz_gui_vendor:/opt/ros/jazzy/opt/gz_transport_vendor:/opt/ros/jazzy/opt/gz_rendering_vendor:/opt/ros/jazzy/opt/gz_plugin_vendor:/opt/ros/jazzy/opt/gz_fuel_tools_vendor:/opt/ros/jazzy/opt/gz_msgs_vendor:/opt/ros/jazzy/opt/gz_common_vendor:/opt/ros/jazzy/opt/gz_math_vendor:/opt/ros/jazzy/opt/gz_utils_vendor:/opt/ros/jazzy/opt/gz_tools_vendor:/opt/ros/jazzy/opt/gz_ogre_next_vendor:/opt/ros/jazzy/opt/gz_dartsim_vendor:/opt/ros/jazzy/opt/gz_cmake_vendor'}, 'shell': False}
[7.575994] (bringup) Command: {'cmd': ['/usr/bin/python3', '-W', 'ignore:setup.py install is deprecated', '-W', 'ignore:easy_install command is deprecated', 'setup.py', 'develop', '--editable', '--build-directory', '/home/orsted/AGV_EEPIS/build/bringup/build', '--no-deps', 'symlink_data'], 'cwd': '/home/orsted/AGV_EEPIS/build/bringup', 'env': {'VNCDESKTOP': 'orsted:2 (orsted)', 'LESSOPEN': '| /usr/bin/lesspipe %s', 'GZ_SIM_RESOURCE_PATH': '/opt/ros/jazzy/share', 'USER': 'orsted', 'SSH_CLIENT': '192.168.137.1 62233 22', 'GZ_CONFIG_PATH': '/opt/ros/jazzy/opt/gz_sim_vendor/share/gz:/opt/ros/jazzy/opt/sdformat_vendor/share/gz:/opt/ros/jazzy/opt/gz_gui_vendor/share/gz:/opt/ros/jazzy/opt/gz_transport_vendor/share/gz:/opt/ros/jazzy/opt/gz_rendering_vendor/share/gz:/opt/ros/jazzy/opt/gz_plugin_vendor/share/gz:/opt/ros/jazzy/opt/gz_fuel_tools_vendor/share/gz:/opt/ros/jazzy/opt/gz_msgs_vendor/share/gz:/opt/ros/jazzy/opt/gz_common_vendor/share/gz', 'SSH_AGENT_PID': '8899', 'XDG_SESSION_TYPE': 'x11', 'GIT_ASKPASS': '/home/orsted/.vscode-server/cli/servers/Stable-7debcd0e2acdea1c52de81bf9ee1620444407dda/server/extensions/git/dist/askpass.sh', 'SHLVL': '1', 'LD_LIBRARY_PATH': '/usr/local/cuda-13.2/lib64:/usr/local/cuda-13.2/lib64:/opt/ros/jazzy/opt/gz_sim_vendor/lib:/opt/ros/jazzy/opt/gz_sensors_vendor/lib:/opt/ros/jazzy/opt/gz_physics_vendor/lib:/opt/ros/jazzy/opt/sdformat_vendor/lib:/opt/ros/jazzy/opt/rviz_ogre_vendor/lib:/opt/ros/jazzy/lib/aarch64-linux-gnu:/opt/ros/jazzy/opt/gz_gui_vendor/lib:/opt/ros/jazzy/opt/gz_transport_vendor/lib:/opt/ros/jazzy/opt/gz_rendering_vendor/lib:/opt/ros/jazzy/opt/gz_plugin_vendor/lib:/opt/ros/jazzy/opt/gz_fuel_tools_vendor/lib:/opt/ros/jazzy/opt/gz_msgs_vendor/lib:/opt/ros/jazzy/opt/gz_common_vendor/lib:/opt/ros/jazzy/opt/gz_math_vendor/lib:/opt/ros/jazzy/opt/gz_utils_vendor/lib:/opt/ros/jazzy/opt/gz_tools_vendor/lib:/opt/ros/jazzy/opt/gz_ogre_next_vendor/lib:/opt/ros/jazzy/opt/gz_dartsim_vendor/lib:/opt/ros/jazzy/opt/gz_cmake_vendor/lib:/opt/ros/jazzy/lib:/usr/local/cuda-13.2/lib64:', 'BROWSER': '/home/orsted/.vscode-server/cli/servers/Stable-7debcd0e2acdea1c52de81bf9ee1620444407dda/server/bin/helpers/browser.sh', 'HOME': '/home/orsted', 'DESKTOP_SESSION': 'xfce', 'VSCODE_IPC_HOOK_CLI': '/run/user/1000/vscode-ipc-cc2dc662-49e5-42f8-aa3b-35ec80433977.sock', 'PANEL_GDK_CORE_DEVICE_EVENTS': '0', 'ROS_PYTHON_VERSION': '3', 'VSCODE_GIT_ASKPASS_MAIN': '/home/orsted/.vscode-server/cli/servers/Stable-7debcd0e2acdea1c52de81bf9ee1620444407dda/server/extensions/git/dist/askpass-main.js', 'VSCODE_GIT_ASKPASS_NODE': '/home/orsted/.vscode-server/cli/servers/Stable-7debcd0e2acdea1c52de81bf9ee1620444407dda/server/node', 'VSCODE_PYTHON_AUTOACTIVATE_GUARD': '1', 'DBUS_SESSION_BUS_ADDRESS': 'unix:path=/tmp/dbus-myeODg71Z4,guid=546e82a075626b48ad1da50d6ab1ec60', 'COLORTERM': 'truecolor', 'DEBUGINFOD_URLS': 'https://debuginfod.ubuntu.com', 'COLCON_PREFIX_PATH': '/home/orsted/AGV_EEPIS/install:/home/orsted/ascam_ros2_ws/install', 'ROS_DISTRO': 'jazzy', 'LOGNAME': 'orsted', '_': '/usr/bin/colcon', 'ROS_VERSION': '2', 'XDG_SESSION_CLASS': 'user', 'TERM': 'xterm-256color', 'XDG_SESSION_ID': '3', 'PATH': '/usr/local/cuda-13.2/bin:/usr/local/cuda-13.2/bin:/home/orsted/.vscode-server/cli/servers/Stable-7debcd0e2acdea1c52de81bf9ee1620444407dda/server/bin/remote-cli:/opt/ros/jazzy/opt/gz_msgs_vendor/bin:/opt/ros/jazzy/opt/gz_tools_vendor/bin:/opt/ros/jazzy/opt/gz_ogre_next_vendor/bin:/opt/ros/jazzy/bin:/usr/local/cuda-13.2/bin:/usr/local/sbin:/usr/local/bin:/usr/sbin:/usr/bin:/sbin:/bin:/usr/games:/usr/local/games:/snap/bin', 'SESSION_MANAGER': 'local/orsted:@/tmp/.ICE-unix/8848,unix/orsted:/tmp/.ICE-unix/8848', 'XDG_MENU_PREFIX': 'xfce-', 'GNOME_TERMINAL_SCREEN': '/org/gnome/Terminal/screen/707f9a9e_9b41_4d91_94a5_2c13f60cebb0', 'XDG_RUNTIME_DIR': '/run/user/1000', 'DISPLAY': ':2.0', 'LANG': 'en_US.UTF-8', 'XDG_CURRENT_DESKTOP': 'XFCE', 'LS_COLORS': 'rs=0:di=01;34:ln=01;36:mh=00:pi=40;33:so=01;35:do=01;35:bd=40;33;01:cd=40;33;01:or=40;31;01:mi=00:su=37;41:sg=30;43:ca=00:tw=30;42:ow=34;42:st=37;44:ex=01;32:*.tar=01;31:*.tgz=01;31:*.arc=01;31:*.arj=01;31:*.taz=01;31:*.lha=01;31:*.lz4=01;31:*.lzh=01;31:*.lzma=01;31:*.tlz=01;31:*.txz=01;31:*.tzo=01;31:*.t7z=01;31:*.zip=01;31:*.z=01;31:*.dz=01;31:*.gz=01;31:*.lrz=01;31:*.lz=01;31:*.lzo=01;31:*.xz=01;31:*.zst=01;31:*.tzst=01;31:*.bz2=01;31:*.bz=01;31:*.tbz=01;31:*.tbz2=01;31:*.tz=01;31:*.deb=01;31:*.rpm=01;31:*.jar=01;31:*.war=01;31:*.ear=01;31:*.sar=01;31:*.rar=01;31:*.alz=01;31:*.ace=01;31:*.zoo=01;31:*.cpio=01;31:*.7z=01;31:*.rz=01;31:*.cab=01;31:*.wim=01;31:*.swm=01;31:*.dwm=01;31:*.esd=01;31:*.avif=01;35:*.jpg=01;35:*.jpeg=01;35:*.mjpg=01;35:*.mjpeg=01;35:*.gif=01;35:*.bmp=01;35:*.pbm=01;35:*.pgm=01;35:*.ppm=01;35:*.tga=01;35:*.xbm=01;35:*.xpm=01;35:*.tif=01;35:*.tiff=01;35:*.png=01;35:*.svg=01;35:*.svgz=01;35:*.mng=01;35:*.pcx=01;35:*.mov=01;35:*.mpg=01;35:*.mpeg=01;35:*.m2v=01;35:*.mkv=01;35:*.webm=01;35:*.webp=01;35:*.ogm=01;35:*.mp4=01;35:*.m4v=01;35:*.mp4v=01;35:*.vob=01;35:*.qt=01;35:*.nuv=01;35:*.wmv=01;35:*.asf=01;35:*.rm=01;35:*.rmvb=01;35:*.flc=01;35:*.avi=01;35:*.fli=01;35:*.flv=01;35:*.gl=01;35:*.dl=01;35:*.xcf=01;35:*.xwd=01;35:*.yuv=01;35:*.cgm=01;35:*.emf=01;35:*.ogv=01;35:*.ogx=01;35:*.aac=00;36:*.au=00;36:*.flac=00;36:*.m4a=00;36:*.mid=00;36:*.midi=00;36:*.mka=00;36:*.mp3=00;36:*.mpc=00;36:*.ogg=00;36:*.ra=00;36:*.wav=00;36:*.oga=00;36:*.opus=00;36:*.spx=00;36:*.xspf=00;36:*~=00;90:*#=00;90:*.bak=00;90:*.crdownload=00;90:*.dpkg-dist=00;90:*.dpkg-new=00;90:*.dpkg-old=00;90:*.dpkg-tmp=00;90:*.old=00;90:*.orig=00;90:*.part=00;90:*.rej=00;90:*.rpmnew=00;90:*.rpmorig=00;90:*.rpmsave=00;90:*.swp=00;90:*.tmp=00;90:*.ucf-dist=00;90:*.ucf-new=00;90:*.ucf-old=00;90:', 'VSCODE_GIT_IPC_HANDLE': '/run/user/1000/vscode-git-f13100ddb5.sock', 'GNOME_TERMINAL_SERVICE': ':1.49', 'SSH_AUTH_SOCK': '/tmp/ssh-YuvaTmZ1RxKX/agent.8898', 'AMENT_PREFIX_PATH': '/home/orsted/AGV_EEPIS/install/ultrasonic:/home/orsted/AGV_EEPIS/install/system:/home/orsted/AGV_EEPIS/install/slam:/home/orsted/AGV_EEPIS/install/remote:/home/orsted/AGV_EEPIS/install/drive_controller:/home/orsted/AGV_EEPIS/install/ddmr_description:/home/orsted/AGV_EEPIS/install/canbus:/home/orsted/AGV_EEPIS/install/bringup:/home/orsted/AGV_EEPIS/install/ascamera:/home/orsted/AGV_EEPIS/install/agv_description:/home/orsted/ascam_ros2_ws/install/ascamera:/opt/ros/jazzy', 'SHELL': '/bin/bash', 'LESSCLOSE': '/usr/bin/lesspipe %s %s', 'LC_ALLL': 'en_US.UTF-8', 'ROS_AUTOMATIC_DISCOVERY_RANGE': 'SUBNET', 'VSCODE_GIT_ASKPASS_EXTRA_ARGS': '', 'PWD': '/home/orsted/AGV_EEPIS/build/bringup', 'XDG_CONFIG_DIRS': '/etc/xdg/xdg-xfce:/etc/xdg', 'SSH_CONNECTION': '192.168.137.1 62233 192.168.137.60 22', 'XDG_DATA_DIRS': '/usr/share/xfce4:/usr/share:/usr/local/share:/usr/share', 'PYTHONPATH': '/home/orsted/AGV_EEPIS/build/bringup/prefix_override:/usr/lib/python3/dist-packages/colcon_core/task/python/colcon_distutils_commands:/home/orsted/AGV_EEPIS/install/bringup/lib/python3.12/site-packages:/home/orsted/AGV_EEPIS/build/ultrasonic:/home/orsted/AGV_EEPIS/install/ultrasonic/lib/python3.12/site-packages:/home/orsted/AGV_EEPIS/build/system:/home/orsted/AGV_EEPIS/install/system/lib/python3.12/site-packages:/home/orsted/AGV_EEPIS/build/slam:/home/orsted/AGV_EEPIS/install/slam/lib/python3.12/site-packages:/home/orsted/AGV_EEPIS/build/remote:/home/orsted/AGV_EEPIS/install/remote/lib/python3.12/site-packages:/home/orsted/AGV_EEPIS/build/drive_controller:/home/orsted/AGV_EEPIS/install/drive_controller/lib/python3.12/site-packages:/home/orsted/AGV_EEPIS/build/ddmr_description:/home/orsted/AGV_EEPIS/install/ddmr_description/lib/python3.12/site-packages:/home/orsted/AGV_EEPIS/build/canbus:/home/orsted/AGV_EEPIS/install/canbus/lib/python3.12/site-packages:/home/orsted/AGV_EEPIS/build/bringup:/home/orsted/AGV_EEPIS/install/bringup/lib/python3.12/site-packages:/home/orsted/AGV_EEPIS/build/agv_description:/home/orsted/AGV_EEPIS/install/agv_description/lib/python3.12/site-packages:/opt/ros/jazzy/lib/python3.12/site-packages', 'COLCON': '1', 'VTE_VERSION': '7600', 'CMAKE_PREFIX_PATH': '/home/orsted/AGV_EEPIS/install/ascamera:/home/orsted/ascam_ros2_ws/install/ascamera:/opt/ros/jazzy/opt/gz_sim_vendor:/opt/ros/jazzy/opt/gz_sensors_vendor:/opt/ros/jazzy/opt/gz_physics_vendor:/opt/ros/jazzy/opt/sdformat_vendor:/opt/ros/jazzy/opt/gz_gui_vendor:/opt/ros/jazzy/opt/gz_transport_vendor:/opt/ros/jazzy/opt/gz_rendering_vendor:/opt/ros/jazzy/opt/gz_plugin_vendor:/opt/ros/jazzy/opt/gz_fuel_tools_vendor:/opt/ros/jazzy/opt/gz_msgs_vendor:/opt/ros/jazzy/opt/gz_common_vendor:/opt/ros/jazzy/opt/gz_math_vendor:/opt/ros/jazzy/opt/gz_utils_vendor:/opt/ros/jazzy/opt/gz_tools_vendor:/opt/ros/jazzy/opt/gz_ogre_next_vendor:/opt/ros/jazzy/opt/gz_dartsim_vendor:/opt/ros/jazzy/opt/gz_cmake_vendor'}, 'shell': False}
[7.582284] (agv_description) Command: {'cmd': ['/usr/bin/python3', '-W', 'ignore:setup.py install is deprecated', '-W', 'ignore:easy_install command is deprecated', 'setup.py', 'develop', '--editable', '--build-directory', '/home/orsted/AGV_EEPIS/build/agv_description/build', '--no-deps', 'symlink_data'], 'cwd': '/home/orsted/AGV_EEPIS/build/agv_description', 'env': {'VNCDESKTOP': 'orsted:2 (orsted)', 'LESSOPEN': '| /usr/bin/lesspipe %s', 'GZ_SIM_RESOURCE_PATH': '/opt/ros/jazzy/share', 'USER': 'orsted', 'SSH_CLIENT': '192.168.137.1 62233 22', 'GZ_CONFIG_PATH': '/opt/ros/jazzy/opt/gz_sim_vendor/share/gz:/opt/ros/jazzy/opt/sdformat_vendor/share/gz:/opt/ros/jazzy/opt/gz_gui_vendor/share/gz:/opt/ros/jazzy/opt/gz_transport_vendor/share/gz:/opt/ros/jazzy/opt/gz_rendering_vendor/share/gz:/opt/ros/jazzy/opt/gz_plugin_vendor/share/gz:/opt/ros/jazzy/opt/gz_fuel_tools_vendor/share/gz:/opt/ros/jazzy/opt/gz_msgs_vendor/share/gz:/opt/ros/jazzy/opt/gz_common_vendor/share/gz', 'SSH_AGENT_PID': '8899', 'XDG_SESSION_TYPE': 'x11', 'GIT_ASKPASS': '/home/orsted/.vscode-server/cli/servers/Stable-7debcd0e2acdea1c52de81bf9ee1620444407dda/server/extensions/git/dist/askpass.sh', 'SHLVL': '1', 'LD_LIBRARY_PATH': '/usr/local/cuda-13.2/lib64:/usr/local/cuda-13.2/lib64:/opt/ros/jazzy/opt/gz_sim_vendor/lib:/opt/ros/jazzy/opt/gz_sensors_vendor/lib:/opt/ros/jazzy/opt/gz_physics_vendor/lib:/opt/ros/jazzy/opt/sdformat_vendor/lib:/opt/ros/jazzy/opt/rviz_ogre_vendor/lib:/opt/ros/jazzy/lib/aarch64-linux-gnu:/opt/ros/jazzy/opt/gz_gui_vendor/lib:/opt/ros/jazzy/opt/gz_transport_vendor/lib:/opt/ros/jazzy/opt/gz_rendering_vendor/lib:/opt/ros/jazzy/opt/gz_plugin_vendor/lib:/opt/ros/jazzy/opt/gz_fuel_tools_vendor/lib:/opt/ros/jazzy/opt/gz_msgs_vendor/lib:/opt/ros/jazzy/opt/gz_common_vendor/lib:/opt/ros/jazzy/opt/gz_math_vendor/lib:/opt/ros/jazzy/opt/gz_utils_vendor/lib:/opt/ros/jazzy/opt/gz_tools_vendor/lib:/opt/ros/jazzy/opt/gz_ogre_next_vendor/lib:/opt/ros/jazzy/opt/gz_dartsim_vendor/lib:/opt/ros/jazzy/opt/gz_cmake_vendor/lib:/opt/ros/jazzy/lib:/usr/local/cuda-13.2/lib64:', 'BROWSER': '/home/orsted/.vscode-server/cli/servers/Stable-7debcd0e2acdea1c52de81bf9ee1620444407dda/server/bin/helpers/browser.sh', 'HOME': '/home/orsted', 'DESKTOP_SESSION': 'xfce', 'VSCODE_IPC_HOOK_CLI': '/run/user/1000/vscode-ipc-cc2dc662-49e5-42f8-aa3b-35ec80433977.sock', 'PANEL_GDK_CORE_DEVICE_EVENTS': '0', 'ROS_PYTHON_VERSION': '3', 'VSCODE_GIT_ASKPASS_MAIN': '/home/orsted/.vscode-server/cli/servers/Stable-7debcd0e2acdea1c52de81bf9ee1620444407dda/server/extensions/git/dist/askpass-main.js', 'VSCODE_GIT_ASKPASS_NODE': '/home/orsted/.vscode-server/cli/servers/Stable-7debcd0e2acdea1c52de81bf9ee1620444407dda/server/node', 'VSCODE_PYTHON_AUTOACTIVATE_GUARD': '1', 'DBUS_SESSION_BUS_ADDRESS': 'unix:path=/tmp/dbus-myeODg71Z4,guid=546e82a075626b48ad1da50d6ab1ec60', 'COLORTERM': 'truecolor', 'DEBUGINFOD_URLS': 'https://debuginfod.ubuntu.com', 'COLCON_PREFIX_PATH': '/home/orsted/AGV_EEPIS/install:/home/orsted/ascam_ros2_ws/install', 'ROS_DISTRO': 'jazzy', 'LOGNAME': 'orsted', '_': '/usr/bin/colcon', 'ROS_VERSION': '2', 'XDG_SESSION_CLASS': 'user', 'TERM': 'xterm-256color', 'XDG_SESSION_ID': '3', 'PATH': '/usr/local/cuda-13.2/bin:/usr/local/cuda-13.2/bin:/home/orsted/.vscode-server/cli/servers/Stable-7debcd0e2acdea1c52de81bf9ee1620444407dda/server/bin/remote-cli:/opt/ros/jazzy/opt/gz_msgs_vendor/bin:/opt/ros/jazzy/opt/gz_tools_vendor/bin:/opt/ros/jazzy/opt/gz_ogre_next_vendor/bin:/opt/ros/jazzy/bin:/usr/local/cuda-13.2/bin:/usr/local/sbin:/usr/local/bin:/usr/sbin:/usr/bin:/sbin:/bin:/usr/games:/usr/local/games:/snap/bin', 'SESSION_MANAGER': 'local/orsted:@/tmp/.ICE-unix/8848,unix/orsted:/tmp/.ICE-unix/8848', 'XDG_MENU_PREFIX': 'xfce-', 'GNOME_TERMINAL_SCREEN': '/org/gnome/Terminal/screen/707f9a9e_9b41_4d91_94a5_2c13f60cebb0', 'XDG_RUNTIME_DIR': '/run/user/1000', 'DISPLAY': ':2.0', 'LANG': 'en_US.UTF-8', 'XDG_CURRENT_DESKTOP': 'XFCE', 'LS_COLORS': 'rs=0:di=01;34:ln=01;36:mh=00:pi=40;33:so=01;35:do=01;35:bd=40;33;01:cd=40;33;01:or=40;31;01:mi=00:su=37;41:sg=30;43:ca=00:tw=30;42:ow=34;42:st=37;44:ex=01;32:*.tar=01;31:*.tgz=01;31:*.arc=01;31:*.arj=01;31:*.taz=01;31:*.lha=01;31:*.lz4=01;31:*.lzh=01;31:*.lzma=01;31:*.tlz=01;31:*.txz=01;31:*.tzo=01;31:*.t7z=01;31:*.zip=01;31:*.z=01;31:*.dz=01;31:*.gz=01;31:*.lrz=01;31:*.lz=01;31:*.lzo=01;31:*.xz=01;31:*.zst=01;31:*.tzst=01;31:*.bz2=01;31:*.bz=01;31:*.tbz=01;31:*.tbz2=01;31:*.tz=01;31:*.deb=01;31:*.rpm=01;31:*.jar=01;31:*.war=01;31:*.ear=01;31:*.sar=01;31:*.rar=01;31:*.alz=01;31:*.ace=01;31:*.zoo=01;31:*.cpio=01;31:*.7z=01;31:*.rz=01;31:*.cab=01;31:*.wim=01;31:*.swm=01;31:*.dwm=01;31:*.esd=01;31:*.avif=01;35:*.jpg=01;35:*.jpeg=01;35:*.mjpg=01;35:*.mjpeg=01;35:*.gif=01;35:*.bmp=01;35:*.pbm=01;35:*.pgm=01;35:*.ppm=01;35:*.tga=01;35:*.xbm=01;35:*.xpm=01;35:*.tif=01;35:*.tiff=01;35:*.png=01;35:*.svg=01;35:*.svgz=01;35:*.mng=01;35:*.pcx=01;35:*.mov=01;35:*.mpg=01;35:*.mpeg=01;35:*.m2v=01;35:*.mkv=01;35:*.webm=01;35:*.webp=01;35:*.ogm=01;35:*.mp4=01;35:*.m4v=01;35:*.mp4v=01;35:*.vob=01;35:*.qt=01;35:*.nuv=01;35:*.wmv=01;35:*.asf=01;35:*.rm=01;35:*.rmvb=01;35:*.flc=01;35:*.avi=01;35:*.fli=01;35:*.flv=01;35:*.gl=01;35:*.dl=01;35:*.xcf=01;35:*.xwd=01;35:*.yuv=01;35:*.cgm=01;35:*.emf=01;35:*.ogv=01;35:*.ogx=01;35:*.aac=00;36:*.au=00;36:*.flac=00;36:*.m4a=00;36:*.mid=00;36:*.midi=00;36:*.mka=00;36:*.mp3=00;36:*.mpc=00;36:*.ogg=00;36:*.ra=00;36:*.wav=00;36:*.oga=00;36:*.opus=00;36:*.spx=00;36:*.xspf=00;36:*~=00;90:*#=00;90:*.bak=00;90:*.crdownload=00;90:*.dpkg-dist=00;90:*.dpkg-new=00;90:*.dpkg-old=00;90:*.dpkg-tmp=00;90:*.old=00;90:*.orig=00;90:*.part=00;90:*.rej=00;90:*.rpmnew=00;90:*.rpmorig=00;90:*.rpmsave=00;90:*.swp=00;90:*.tmp=00;90:*.ucf-dist=00;90:*.ucf-new=00;90:*.ucf-old=00;90:', 'VSCODE_GIT_IPC_HANDLE': '/run/user/1000/vscode-git-f13100ddb5.sock', 'GNOME_TERMINAL_SERVICE': ':1.49', 'SSH_AUTH_SOCK': '/tmp/ssh-YuvaTmZ1RxKX/agent.8898', 'AMENT_PREFIX_PATH': '/home/orsted/AGV_EEPIS/install/ultrasonic:/home/orsted/AGV_EEPIS/install/system:/home/orsted/AGV_EEPIS/install/slam:/home/orsted/AGV_EEPIS/install/remote:/home/orsted/AGV_EEPIS/install/drive_controller:/home/orsted/AGV_EEPIS/install/ddmr_description:/home/orsted/AGV_EEPIS/install/canbus:/home/orsted/AGV_EEPIS/install/bringup:/home/orsted/AGV_EEPIS/install/ascamera:/home/orsted/AGV_EEPIS/install/agv_description:/home/orsted/ascam_ros2_ws/install/ascamera:/opt/ros/jazzy', 'SHELL': '/bin/bash', 'LESSCLOSE': '/usr/bin/lesspipe %s %s', 'LC_ALLL': 'en_US.UTF-8', 'ROS_AUTOMATIC_DISCOVERY_RANGE': 'SUBNET', 'VSCODE_GIT_ASKPASS_EXTRA_ARGS': '', 'PWD': '/home/orsted/AGV_EEPIS/build/agv_description', 'XDG_CONFIG_DIRS': '/etc/xdg/xdg-xfce:/etc/xdg', 'SSH_CONNECTION': '192.168.137.1 62233 192.168.137.60 22', 'XDG_DATA_DIRS': '/usr/share/xfce4:/usr/share:/usr/local/share:/usr/share', 'PYTHONPATH': '/home/orsted/AGV_EEPIS/build/agv_description/prefix_override:/usr/lib/python3/dist-packages/colcon_core/task/python/colcon_distutils_commands:/home/orsted/AGV_EEPIS/install/agv_description/lib/python3.12/site-packages:/home/orsted/AGV_EEPIS/build/ultrasonic:/home/orsted/AGV_EEPIS/install/ultrasonic/lib/python3.12/site-packages:/home/orsted/AGV_EEPIS/build/system:/home/orsted/AGV_EEPIS/install/system/lib/python3.12/site-packages:/home/orsted/AGV_EEPIS/build/slam:/home/orsted/AGV_EEPIS/install/slam/lib/python3.12/site-packages:/home/orsted/AGV_EEPIS/build/remote:/home/orsted/AGV_EEPIS/install/remote/lib/python3.12/site-packages:/home/orsted/AGV_EEPIS/build/drive_controller:/home/orsted/AGV_EEPIS/install/drive_controller/lib/python3.12/site-packages:/home/orsted/AGV_EEPIS/build/ddmr_description:/home/orsted/AGV_EEPIS/install/ddmr_description/lib/python3.12/site-packages:/home/orsted/AGV_EEPIS/build/canbus:/home/orsted/AGV_EEPIS/install/canbus/lib/python3.12/site-packages:/home/orsted/AGV_EEPIS/build/bringup:/home/orsted/AGV_EEPIS/install/bringup/lib/python3.12/site-packages:/home/orsted/AGV_EEPIS/build/agv_description:/home/orsted/AGV_EEPIS/install/agv_description/lib/python3.12/site-packages:/opt/ros/jazzy/lib/python3.12/site-packages', 'COLCON': '1', 'VTE_VERSION': '7600', 'CMAKE_PREFIX_PATH': '/home/orsted/AGV_EEPIS/install/ascamera:/home/orsted/ascam_ros2_ws/install/ascamera:/opt/ros/jazzy/opt/gz_sim_vendor:/opt/ros/jazzy/opt/gz_sensors_vendor:/opt/ros/jazzy/opt/gz_physics_vendor:/opt/ros/jazzy/opt/sdformat_vendor:/opt/ros/jazzy/opt/gz_gui_vendor:/opt/ros/jazzy/opt/gz_transport_vendor:/opt/ros/jazzy/opt/gz_rendering_vendor:/opt/ros/jazzy/opt/gz_plugin_vendor:/opt/ros/jazzy/opt/gz_fuel_tools_vendor:/opt/ros/jazzy/opt/gz_msgs_vendor:/opt/ros/jazzy/opt/gz_common_vendor:/opt/ros/jazzy/opt/gz_math_vendor:/opt/ros/jazzy/opt/gz_utils_vendor:/opt/ros/jazzy/opt/gz_tools_vendor:/opt/ros/jazzy/opt/gz_ogre_next_vendor:/opt/ros/jazzy/opt/gz_dartsim_vendor:/opt/ros/jazzy/opt/gz_cmake_vendor'}, 'shell': False}
[7.585090] (-) TimerEvent: {}
[7.649590] (ddmr_description) Command: {'cmd': ['/usr/bin/python3', '-W', 'ignore:setup.py install is deprecated', '-W', 'ignore:easy_install command is deprecated', 'setup.py', 'develop', '--editable', '--build-directory', '/home/orsted/AGV_EEPIS/build/ddmr_description/build', '--no-deps', 'symlink_data'], 'cwd': '/home/orsted/AGV_EEPIS/build/ddmr_description', 'env': {'VNCDESKTOP': 'orsted:2 (orsted)', 'LESSOPEN': '| /usr/bin/lesspipe %s', 'GZ_SIM_RESOURCE_PATH': '/opt/ros/jazzy/share', 'USER': 'orsted', 'SSH_CLIENT': '192.168.137.1 62233 22', 'GZ_CONFIG_PATH': '/opt/ros/jazzy/opt/gz_sim_vendor/share/gz:/opt/ros/jazzy/opt/sdformat_vendor/share/gz:/opt/ros/jazzy/opt/gz_gui_vendor/share/gz:/opt/ros/jazzy/opt/gz_transport_vendor/share/gz:/opt/ros/jazzy/opt/gz_rendering_vendor/share/gz:/opt/ros/jazzy/opt/gz_plugin_vendor/share/gz:/opt/ros/jazzy/opt/gz_fuel_tools_vendor/share/gz:/opt/ros/jazzy/opt/gz_msgs_vendor/share/gz:/opt/ros/jazzy/opt/gz_common_vendor/share/gz', 'SSH_AGENT_PID': '8899', 'XDG_SESSION_TYPE': 'x11', 'GIT_ASKPASS': '/home/orsted/.vscode-server/cli/servers/Stable-7debcd0e2acdea1c52de81bf9ee1620444407dda/server/extensions/git/dist/askpass.sh', 'SHLVL': '1', 'LD_LIBRARY_PATH': '/usr/local/cuda-13.2/lib64:/usr/local/cuda-13.2/lib64:/opt/ros/jazzy/opt/gz_sim_vendor/lib:/opt/ros/jazzy/opt/gz_sensors_vendor/lib:/opt/ros/jazzy/opt/gz_physics_vendor/lib:/opt/ros/jazzy/opt/sdformat_vendor/lib:/opt/ros/jazzy/opt/rviz_ogre_vendor/lib:/opt/ros/jazzy/lib/aarch64-linux-gnu:/opt/ros/jazzy/opt/gz_gui_vendor/lib:/opt/ros/jazzy/opt/gz_transport_vendor/lib:/opt/ros/jazzy/opt/gz_rendering_vendor/lib:/opt/ros/jazzy/opt/gz_plugin_vendor/lib:/opt/ros/jazzy/opt/gz_fuel_tools_vendor/lib:/opt/ros/jazzy/opt/gz_msgs_vendor/lib:/opt/ros/jazzy/opt/gz_common_vendor/lib:/opt/ros/jazzy/opt/gz_math_vendor/lib:/opt/ros/jazzy/opt/gz_utils_vendor/lib:/opt/ros/jazzy/opt/gz_tools_vendor/lib:/opt/ros/jazzy/opt/gz_ogre_next_vendor/lib:/opt/ros/jazzy/opt/gz_dartsim_vendor/lib:/opt/ros/jazzy/opt/gz_cmake_vendor/lib:/opt/ros/jazzy/lib:/usr/local/cuda-13.2/lib64:', 'BROWSER': '/home/orsted/.vscode-server/cli/servers/Stable-7debcd0e2acdea1c52de81bf9ee1620444407dda/server/bin/helpers/browser.sh', 'HOME': '/home/orsted', 'DESKTOP_SESSION': 'xfce', 'VSCODE_IPC_HOOK_CLI': '/run/user/1000/vscode-ipc-cc2dc662-49e5-42f8-aa3b-35ec80433977.sock', 'PANEL_GDK_CORE_DEVICE_EVENTS': '0', 'ROS_PYTHON_VERSION': '3', 'VSCODE_GIT_ASKPASS_MAIN': '/home/orsted/.vscode-server/cli/servers/Stable-7debcd0e2acdea1c52de81bf9ee1620444407dda/server/extensions/git/dist/askpass-main.js', 'VSCODE_GIT_ASKPASS_NODE': '/home/orsted/.vscode-server/cli/servers/Stable-7debcd0e2acdea1c52de81bf9ee1620444407dda/server/node', 'VSCODE_PYTHON_AUTOACTIVATE_GUARD': '1', 'DBUS_SESSION_BUS_ADDRESS': 'unix:path=/tmp/dbus-myeODg71Z4,guid=546e82a075626b48ad1da50d6ab1ec60', 'COLORTERM': 'truecolor', 'DEBUGINFOD_URLS': 'https://debuginfod.ubuntu.com', 'COLCON_PREFIX_PATH': '/home/orsted/AGV_EEPIS/install:/home/orsted/ascam_ros2_ws/install', 'ROS_DISTRO': 'jazzy', 'LOGNAME': 'orsted', '_': '/usr/bin/colcon', 'ROS_VERSION': '2', 'XDG_SESSION_CLASS': 'user', 'TERM': 'xterm-256color', 'XDG_SESSION_ID': '3', 'PATH': '/usr/local/cuda-13.2/bin:/usr/local/cuda-13.2/bin:/home/orsted/.vscode-server/cli/servers/Stable-7debcd0e2acdea1c52de81bf9ee1620444407dda/server/bin/remote-cli:/opt/ros/jazzy/opt/gz_msgs_vendor/bin:/opt/ros/jazzy/opt/gz_tools_vendor/bin:/opt/ros/jazzy/opt/gz_ogre_next_vendor/bin:/opt/ros/jazzy/bin:/usr/local/cuda-13.2/bin:/usr/local/sbin:/usr/local/bin:/usr/sbin:/usr/bin:/sbin:/bin:/usr/games:/usr/local/games:/snap/bin', 'SESSION_MANAGER': 'local/orsted:@/tmp/.ICE-unix/8848,unix/orsted:/tmp/.ICE-unix/8848', 'XDG_MENU_PREFIX': 'xfce-', 'GNOME_TERMINAL_SCREEN': '/org/gnome/Terminal/screen/707f9a9e_9b41_4d91_94a5_2c13f60cebb0', 'XDG_RUNTIME_DIR': '/run/user/1000', 'DISPLAY': ':2.0', 'LANG': 'en_US.UTF-8', 'XDG_CURRENT_DESKTOP': 'XFCE', 'LS_COLORS': 'rs=0:di=01;34:ln=01;36:mh=00:pi=40;33:so=01;35:do=01;35:bd=40;33;01:cd=40;33;01:or=40;31;01:mi=00:su=37;41:sg=30;43:ca=00:tw=30;42:ow=34;42:st=37;44:ex=01;32:*.tar=01;31:*.tgz=01;31:*.arc=01;31:*.arj=01;31:*.taz=01;31:*.lha=01;31:*.lz4=01;31:*.lzh=01;31:*.lzma=01;31:*.tlz=01;31:*.txz=01;31:*.tzo=01;31:*.t7z=01;31:*.zip=01;31:*.z=01;31:*.dz=01;31:*.gz=01;31:*.lrz=01;31:*.lz=01;31:*.lzo=01;31:*.xz=01;31:*.zst=01;31:*.tzst=01;31:*.bz2=01;31:*.bz=01;31:*.tbz=01;31:*.tbz2=01;31:*.tz=01;31:*.deb=01;31:*.rpm=01;31:*.jar=01;31:*.war=01;31:*.ear=01;31:*.sar=01;31:*.rar=01;31:*.alz=01;31:*.ace=01;31:*.zoo=01;31:*.cpio=01;31:*.7z=01;31:*.rz=01;31:*.cab=01;31:*.wim=01;31:*.swm=01;31:*.dwm=01;31:*.esd=01;31:*.avif=01;35:*.jpg=01;35:*.jpeg=01;35:*.mjpg=01;35:*.mjpeg=01;35:*.gif=01;35:*.bmp=01;35:*.pbm=01;35:*.pgm=01;35:*.ppm=01;35:*.tga=01;35:*.xbm=01;35:*.xpm=01;35:*.tif=01;35:*.tiff=01;35:*.png=01;35:*.svg=01;35:*.svgz=01;35:*.mng=01;35:*.pcx=01;35:*.mov=01;35:*.mpg=01;35:*.mpeg=01;35:*.m2v=01;35:*.mkv=01;35:*.webm=01;35:*.webp=01;35:*.ogm=01;35:*.mp4=01;35:*.m4v=01;35:*.mp4v=01;35:*.vob=01;35:*.qt=01;35:*.nuv=01;35:*.wmv=01;35:*.asf=01;35:*.rm=01;35:*.rmvb=01;35:*.flc=01;35:*.avi=01;35:*.fli=01;35:*.flv=01;35:*.gl=01;35:*.dl=01;35:*.xcf=01;35:*.xwd=01;35:*.yuv=01;35:*.cgm=01;35:*.emf=01;35:*.ogv=01;35:*.ogx=01;35:*.aac=00;36:*.au=00;36:*.flac=00;36:*.m4a=00;36:*.mid=00;36:*.midi=00;36:*.mka=00;36:*.mp3=00;36:*.mpc=00;36:*.ogg=00;36:*.ra=00;36:*.wav=00;36:*.oga=00;36:*.opus=00;36:*.spx=00;36:*.xspf=00;36:*~=00;90:*#=00;90:*.bak=00;90:*.crdownload=00;90:*.dpkg-dist=00;90:*.dpkg-new=00;90:*.dpkg-old=00;90:*.dpkg-tmp=00;90:*.old=00;90:*.orig=00;90:*.part=00;90:*.rej=00;90:*.rpmnew=00;90:*.rpmorig=00;90:*.rpmsave=00;90:*.swp=00;90:*.tmp=00;90:*.ucf-dist=00;90:*.ucf-new=00;90:*.ucf-old=00;90:', 'VSCODE_GIT_IPC_HANDLE': '/run/user/1000/vscode-git-f13100ddb5.sock', 'GNOME_TERMINAL_SERVICE': ':1.49', 'SSH_AUTH_SOCK': '/tmp/ssh-YuvaTmZ1RxKX/agent.8898', 'AMENT_PREFIX_PATH': '/home/orsted/AGV_EEPIS/install/ultrasonic:/home/orsted/AGV_EEPIS/install/system:/home/orsted/AGV_EEPIS/install/slam:/home/orsted/AGV_EEPIS/install/remote:/home/orsted/AGV_EEPIS/install/drive_controller:/home/orsted/AGV_EEPIS/install/ddmr_description:/home/orsted/AGV_EEPIS/install/canbus:/home/orsted/AGV_EEPIS/install/bringup:/home/orsted/AGV_EEPIS/install/ascamera:/home/orsted/AGV_EEPIS/install/agv_description:/home/orsted/ascam_ros2_ws/install/ascamera:/opt/ros/jazzy', 'SHELL': '/bin/bash', 'LESSCLOSE': '/usr/bin/lesspipe %s %s', 'LC_ALLL': 'en_US.UTF-8', 'ROS_AUTOMATIC_DISCOVERY_RANGE': 'SUBNET', 'VSCODE_GIT_ASKPASS_EXTRA_ARGS': '', 'PWD': '/home/orsted/AGV_EEPIS/build/ddmr_description', 'XDG_CONFIG_DIRS': '/etc/xdg/xdg-xfce:/etc/xdg', 'SSH_CONNECTION': '192.168.137.1 62233 192.168.137.60 22', 'XDG_DATA_DIRS': '/usr/share/xfce4:/usr/share:/usr/local/share:/usr/share', 'PYTHONPATH': '/home/orsted/AGV_EEPIS/build/ddmr_description/prefix_override:/usr/lib/python3/dist-packages/colcon_core/task/python/colcon_distutils_commands:/home/orsted/AGV_EEPIS/install/ddmr_description/lib/python3.12/site-packages:/home/orsted/AGV_EEPIS/build/ultrasonic:/home/orsted/AGV_EEPIS/install/ultrasonic/lib/python3.12/site-packages:/home/orsted/AGV_EEPIS/build/system:/home/orsted/AGV_EEPIS/install/system/lib/python3.12/site-packages:/home/orsted/AGV_EEPIS/build/slam:/home/orsted/AGV_EEPIS/install/slam/lib/python3.12/site-packages:/home/orsted/AGV_EEPIS/build/remote:/home/orsted/AGV_EEPIS/install/remote/lib/python3.12/site-packages:/home/orsted/AGV_EEPIS/build/drive_controller:/home/orsted/AGV_EEPIS/install/drive_controller/lib/python3.12/site-packages:/home/orsted/AGV_EEPIS/build/ddmr_description:/home/orsted/AGV_EEPIS/install/ddmr_description/lib/python3.12/site-packages:/home/orsted/AGV_EEPIS/build/canbus:/home/orsted/AGV_EEPIS/install/canbus/lib/python3.12/site-packages:/home/orsted/AGV_EEPIS/build/bringup:/home/orsted/AGV_EEPIS/install/bringup/lib/python3.12/site-packages:/home/orsted/AGV_EEPIS/build/agv_description:/home/orsted/AGV_EEPIS/install/agv_description/lib/python3.12/site-packages:/opt/ros/jazzy/lib/python3.12/site-packages', 'COLCON': '1', 'VTE_VERSION': '7600', 'CMAKE_PREFIX_PATH': '/home/orsted/AGV_EEPIS/install/ascamera:/home/orsted/ascam_ros2_ws/install/ascamera:/opt/ros/jazzy/opt/gz_sim_vendor:/opt/ros/jazzy/opt/gz_sensors_vendor:/opt/ros/jazzy/opt/gz_physics_vendor:/opt/ros/jazzy/opt/sdformat_vendor:/opt/ros/jazzy/opt/gz_gui_vendor:/opt/ros/jazzy/opt/gz_transport_vendor:/opt/ros/jazzy/opt/gz_rendering_vendor:/opt/ros/jazzy/opt/gz_plugin_vendor:/opt/ros/jazzy/opt/gz_fuel_tools_vendor:/opt/ros/jazzy/opt/gz_msgs_vendor:/opt/ros/jazzy/opt/gz_common_vendor:/opt/ros/jazzy/opt/gz_math_vendor:/opt/ros/jazzy/opt/gz_utils_vendor:/opt/ros/jazzy/opt/gz_tools_vendor:/opt/ros/jazzy/opt/gz_ogre_next_vendor:/opt/ros/jazzy/opt/gz_dartsim_vendor:/opt/ros/jazzy/opt/gz_cmake_vendor'}, 'shell': False}
[7.685669] (-) TimerEvent: {}
[7.787664] (-) TimerEvent: {}
[7.892596] (-) TimerEvent: {}
[7.993498] (-) TimerEvent: {}
[8.094359] (-) TimerEvent: {}
[8.198755] (-) TimerEvent: {}
[8.299657] (-) TimerEvent: {}
[8.364198] (drive_controller) StdoutLine: {'line': b'running develop\n'}
[8.399913] (-) TimerEvent: {}
[8.503517] (-) TimerEvent: {}
[8.604735] (-) TimerEvent: {}
[8.672161] (bringup) StdoutLine: {'line': b'running develop\n'}
[8.704950] (-) TimerEvent: {}
[8.707637] (canbus) StdoutLine: {'line': b'running develop\n'}
[8.731994] (agv_description) StdoutLine: {'line': b'running develop\n'}
[8.805168] (-) TimerEvent: {}
[8.906046] (-) TimerEvent: {}
[8.951194] (drive_controller) StdoutLine: {'line': b'running egg_info\n'}
[8.952107] (drive_controller) StdoutLine: {'line': b'creating drive_controller.egg-info\n'}
[9.007487] (-) TimerEvent: {}
[9.012053] (drive_controller) StdoutLine: {'line': b'writing drive_controller.egg-info/PKG-INFO\n'}
[9.012736] (drive_controller) StdoutLine: {'line': b'writing dependency_links to drive_controller.egg-info/dependency_links.txt\n'}
[9.012940] (drive_controller) StdoutLine: {'line': b'writing entry points to drive_controller.egg-info/entry_points.txt\n'}
[9.013108] (drive_controller) StdoutLine: {'line': b'writing requirements to drive_controller.egg-info/requires.txt\n'}
[9.013283] (drive_controller) StdoutLine: {'line': b'writing top-level names to drive_controller.egg-info/top_level.txt\n'}
[9.013442] (drive_controller) StdoutLine: {'line': b"writing manifest file 'drive_controller.egg-info/SOURCES.txt'\n"}
[9.108403] (-) TimerEvent: {}
[9.134751] (drive_controller) StdoutLine: {'line': b"reading manifest file 'drive_controller.egg-info/SOURCES.txt'\n"}
[9.137574] (drive_controller) StdoutLine: {'line': b"writing manifest file 'drive_controller.egg-info/SOURCES.txt'\n"}
[9.201584] (drive_controller) StdoutLine: {'line': b'running build_ext\n'}
[9.202696] (drive_controller) StdoutLine: {'line': b'Creating /home/orsted/AGV_EEPIS/install/drive_controller/lib/python3.12/site-packages/drive-controller.egg-link (link to .)\n'}
[9.205254] (drive_controller) StdoutLine: {'line': b'Installing ddmr_kinec_node script to /home/orsted/AGV_EEPIS/install/drive_controller/lib/drive_controller\n'}
[9.206867] (drive_controller) StdoutLine: {'line': b'Installing kinematics_node script to /home/orsted/AGV_EEPIS/install/drive_controller/lib/drive_controller\n'}
[9.207203] (drive_controller) StdoutLine: {'line': b'\n'}
[9.207398] (drive_controller) StdoutLine: {'line': b'Installed /home/orsted/AGV_EEPIS/build/drive_controller\n'}
[9.208336] (drive_controller) StdoutLine: {'line': b'running symlink_data\n'}
[9.208573] (-) TimerEvent: {}
[9.208910] (drive_controller) StdoutLine: {'line': b'creating /home/orsted/AGV_EEPIS/install/drive_controller/share/ament_index\n'}
[9.210024] (drive_controller) StdoutLine: {'line': b'creating /home/orsted/AGV_EEPIS/install/drive_controller/share/ament_index/resource_index\n'}
[9.210251] (drive_controller) StdoutLine: {'line': b'creating /home/orsted/AGV_EEPIS/install/drive_controller/share/ament_index/resource_index/packages\n'}
[9.210449] (drive_controller) StdoutLine: {'line': b'symbolically linking /home/orsted/AGV_EEPIS/build/drive_controller/resource/drive_controller -> /home/orsted/AGV_EEPIS/install/drive_controller/share/ament_index/resource_index/packages\n'}
[9.211327] (drive_controller) StdoutLine: {'line': b'symbolically linking /home/orsted/AGV_EEPIS/build/drive_controller/package.xml -> /home/orsted/AGV_EEPIS/install/drive_controller/share/drive_controller\n'}
[9.211548] (drive_controller) StdoutLine: {'line': b'creating /home/orsted/AGV_EEPIS/install/drive_controller/share/drive_controller/launch\n'}
[9.212128] (drive_controller) StdoutLine: {'line': b'symbolically linking /home/orsted/AGV_EEPIS/build/drive_controller/launch/bringup.launch.py -> /home/orsted/AGV_EEPIS/install/drive_controller/share/drive_controller/launch\n'}
[9.212712] (drive_controller) StdoutLine: {'line': b'creating /home/orsted/AGV_EEPIS/install/drive_controller/share/drive_controller/config\n'}
[9.311993] (-) TimerEvent: {}
[9.323247] (bringup) StdoutLine: {'line': b'running egg_info\n'}
[9.324143] (bringup) StdoutLine: {'line': b'creating bringup.egg-info\n'}
[9.354925] (agv_description) StdoutLine: {'line': b'running egg_info\n'}
[9.355749] (agv_description) StdoutLine: {'line': b'creating agv_description.egg-info\n'}
[9.356035] (canbus) StdoutLine: {'line': b'running egg_info\n'}
[9.360398] (canbus) StdoutLine: {'line': b'creating canbus.egg-info\n'}
[9.387047] (bringup) StdoutLine: {'line': b'writing bringup.egg-info/PKG-INFO\n'}
[9.388227] (bringup) StdoutLine: {'line': b'writing dependency_links to bringup.egg-info/dependency_links.txt\n'}
[9.388960] (bringup) StdoutLine: {'line': b'writing requirements to bringup.egg-info/requires.txt\n'}
[9.394023] (bringup) StdoutLine: {'line': b'writing top-level names to bringup.egg-info/top_level.txt\n'}
[9.394616] (bringup) StdoutLine: {'line': b"writing manifest file 'bringup.egg-info/SOURCES.txt'\n"}
[9.415979] (-) TimerEvent: {}
[9.418074] (canbus) StdoutLine: {'line': b'writing canbus.egg-info/PKG-INFO\n'}
[9.418679] (agv_description) StdoutLine: {'line': b'writing agv_description.egg-info/PKG-INFO\n'}
[9.419169] (agv_description) StdoutLine: {'line': b'writing dependency_links to agv_description.egg-info/dependency_links.txt\n'}
[9.419369] (canbus) StdoutLine: {'line': b'writing dependency_links to canbus.egg-info/dependency_links.txt\n'}
[9.419633] (agv_description) StdoutLine: {'line': b'writing requirements to agv_description.egg-info/requires.txt\n'}
[9.419945] (canbus) StdoutLine: {'line': b'writing entry points to canbus.egg-info/entry_points.txt\n'}
[9.420248] (canbus) StdoutLine: {'line': b'writing requirements to canbus.egg-info/requires.txt\n'}
[9.420488] (agv_description) StdoutLine: {'line': b'writing top-level names to agv_description.egg-info/top_level.txt\n'}
[9.420666] (agv_description) StdoutLine: {'line': b"writing manifest file 'agv_description.egg-info/SOURCES.txt'\n"}
[9.420872] (canbus) StdoutLine: {'line': b'writing top-level names to canbus.egg-info/top_level.txt\n'}
[9.421028] (canbus) StdoutLine: {'line': b"writing manifest file 'canbus.egg-info/SOURCES.txt'\n"}
[9.427854] (ddmr_description) StdoutLine: {'line': b'running develop\n'}
[9.428250] (ddmr_description) StdoutLine: {'line': b'running egg_info\n'}
[9.428436] (ddmr_description) StdoutLine: {'line': b'creating ddmr_description.egg-info\n'}
[9.428608] (ddmr_description) StdoutLine: {'line': b'writing ddmr_description.egg-info/PKG-INFO\n'}
[9.428770] (ddmr_description) StdoutLine: {'line': b'writing dependency_links to ddmr_description.egg-info/dependency_links.txt\n'}
[9.428929] (ddmr_description) StdoutLine: {'line': b'writing requirements to ddmr_description.egg-info/requires.txt\n'}
[9.429080] (ddmr_description) StdoutLine: {'line': b'writing top-level names to ddmr_description.egg-info/top_level.txt\n'}
[9.429232] (ddmr_description) StdoutLine: {'line': b"writing manifest file 'ddmr_description.egg-info/SOURCES.txt'\n"}
[9.429385] (drive_controller) CommandEnded: {'returncode': 0}
[9.475186] (ddmr_description) StdoutLine: {'line': b"reading manifest file 'ddmr_description.egg-info/SOURCES.txt'\n"}
[9.476133] (ddmr_description) StdoutLine: {'line': b"writing manifest file 'ddmr_description.egg-info/SOURCES.txt'\n"}
[9.487899] (drive_controller) JobEnded: {'identifier': 'drive_controller', 'rc': 0}
[9.490035] (remote) JobStarted: {'identifier': 'remote'}
[9.518738] (-) TimerEvent: {}
[9.539119] (bringup) StdoutLine: {'line': b"reading manifest file 'bringup.egg-info/SOURCES.txt'\n"}
[9.543264] (bringup) StdoutLine: {'line': b"writing manifest file 'bringup.egg-info/SOURCES.txt'\n"}
[9.547951] (agv_description) StdoutLine: {'line': b"reading manifest file 'agv_description.egg-info/SOURCES.txt'\n"}
[9.550129] (agv_description) StdoutLine: {'line': b"writing manifest file 'agv_description.egg-info/SOURCES.txt'\n"}
[9.551303] (canbus) StdoutLine: {'line': b"reading manifest file 'canbus.egg-info/SOURCES.txt'\n"}
[9.554653] (canbus) StdoutLine: {'line': b"writing manifest file 'canbus.egg-info/SOURCES.txt'\n"}
[9.555215] (ddmr_description) StdoutLine: {'line': b'running build_ext\n'}
[9.556447] (ddmr_description) StdoutLine: {'line': b'Creating /home/orsted/AGV_EEPIS/install/ddmr_description/lib/python3.12/site-packages/ddmr-description.egg-link (link to .)\n'}
[9.560156] (ddmr_description) StdoutLine: {'line': b'\n'}
[9.560401] (ddmr_description) StdoutLine: {'line': b'Installed /home/orsted/AGV_EEPIS/build/ddmr_description\n'}
[9.560581] (ddmr_description) StdoutLine: {'line': b'running symlink_data\n'}
[9.560742] (ddmr_description) StdoutLine: {'line': b'creating /home/orsted/AGV_EEPIS/install/ddmr_description/share/ament_index\n'}
[9.560902] (ddmr_description) StdoutLine: {'line': b'creating /home/orsted/AGV_EEPIS/install/ddmr_description/share/ament_index/resource_index\n'}
[9.561081] (ddmr_description) StdoutLine: {'line': b'creating /home/orsted/AGV_EEPIS/install/ddmr_description/share/ament_index/resource_index/packages\n'}
[9.561236] (ddmr_description) StdoutLine: {'line': b'symbolically linking /home/orsted/AGV_EEPIS/build/ddmr_description/resource/ddmr_description -> /home/orsted/AGV_EEPIS/install/ddmr_description/share/ament_index/resource_index/packages\n'}
[9.561396] (ddmr_description) StdoutLine: {'line': b'symbolically linking /home/orsted/AGV_EEPIS/build/ddmr_description/package.xml -> /home/orsted/AGV_EEPIS/install/ddmr_description/share/ddmr_description\n'}
[9.561545] (ddmr_description) StdoutLine: {'line': b'creating /home/orsted/AGV_EEPIS/install/ddmr_description/share/ddmr_description/launch\n'}
[9.561688] (ddmr_description) StdoutLine: {'line': b'symbolically linking /home/orsted/AGV_EEPIS/build/ddmr_description/launch/display.launch.py -> /home/orsted/AGV_EEPIS/install/ddmr_description/share/ddmr_description/launch\n'}
[9.561836] (ddmr_description) StdoutLine: {'line': b'symbolically linking /home/orsted/AGV_EEPIS/build/ddmr_description/launch/gazebo.launch.py -> /home/orsted/AGV_EEPIS/install/ddmr_description/share/ddmr_description/launch\n'}
[9.561981] (ddmr_description) StdoutLine: {'line': b'creating /home/orsted/AGV_EEPIS/install/ddmr_description/share/ddmr_description/urdf\n'}
[9.562125] (ddmr_description) StdoutLine: {'line': b'symbolically linking /home/orsted/AGV_EEPIS/build/ddmr_description/urdf/ddmr.gazebo -> /home/orsted/AGV_EEPIS/install/ddmr_description/share/ddmr_description/urdf\n'}
[9.562272] (ddmr_description) StdoutLine: {'line': b'symbolically linking /home/orsted/AGV_EEPIS/build/ddmr_description/urdf/ddmr.xacro -> /home/orsted/AGV_EEPIS/install/ddmr_description/share/ddmr_description/urdf\n'}
[9.562418] (ddmr_description) StdoutLine: {'line': b'symbolically linking /home/orsted/AGV_EEPIS/build/ddmr_description/urdf/materials.xacro -> /home/orsted/AGV_EEPIS/install/ddmr_description/share/ddmr_description/urdf\n'}
[9.562556] (ddmr_description) StdoutLine: {'line': b'symbolically linking /home/orsted/AGV_EEPIS/build/ddmr_description/urdf/ddmr.ros2control -> /home/orsted/AGV_EEPIS/install/ddmr_description/share/ddmr_description/urdf\n'}
[9.562735] (ddmr_description) StdoutLine: {'line': b'creating /home/orsted/AGV_EEPIS/install/ddmr_description/share/ddmr_description/meshes\n'}
[9.562881] (ddmr_description) StdoutLine: {'line': b'symbolically linking /home/orsted/AGV_EEPIS/build/ddmr_description/meshes/camera_link.stl -> /home/orsted/AGV_EEPIS/install/ddmr_description/share/ddmr_description/meshes\n'}
[9.563024] (ddmr_description) StdoutLine: {'line': b'symbolically linking /home/orsted/AGV_EEPIS/build/ddmr_description/meshes/rwheel.stl -> /home/orsted/AGV_EEPIS/install/ddmr_description/share/ddmr_description/meshes\n'}
[9.563164] (ddmr_description) StdoutLine: {'line': b'symbolically linking /home/orsted/AGV_EEPIS/build/ddmr_description/meshes/base_link.stl -> /home/orsted/AGV_EEPIS/install/ddmr_description/share/ddmr_description/meshes\n'}
[9.563301] (ddmr_description) StdoutLine: {'line': b'symbolically linking /home/orsted/AGV_EEPIS/build/ddmr_description/meshes/lwheel.stl -> /home/orsted/AGV_EEPIS/install/ddmr_description/share/ddmr_description/meshes\n'}
[9.563470] (ddmr_description) StdoutLine: {'line': b'creating /home/orsted/AGV_EEPIS/install/ddmr_description/share/ddmr_description/config\n'}
[9.563620] (ddmr_description) StdoutLine: {'line': b'symbolically linking /home/orsted/AGV_EEPIS/build/ddmr_description/config/ros_gz_bridge_gazebo.yaml -> /home/orsted/AGV_EEPIS/install/ddmr_description/share/ddmr_description/config\n'}
[9.563761] (ddmr_description) StdoutLine: {'line': b'symbolically linking /home/orsted/AGV_EEPIS/build/ddmr_description/config/display.rviz -> /home/orsted/AGV_EEPIS/install/ddmr_description/share/ddmr_description/config\n'}
[9.575344] (ddmr_description) StdoutLine: {'line': b'symbolically linking /home/orsted/AGV_EEPIS/build/ddmr_description/config/gazebo.rviz -> /home/orsted/AGV_EEPIS/install/ddmr_description/share/ddmr_description/config\n'}
[9.610382] (bringup) StdoutLine: {'line': b'running build_ext\n'}
[9.611980] (bringup) StdoutLine: {'line': b'Creating /home/orsted/AGV_EEPIS/install/bringup/lib/python3.12/site-packages/bringup.egg-link (link to .)\n'}
[9.612675] (bringup) StdoutLine: {'line': b'\n'}
[9.612942] (bringup) StdoutLine: {'line': b'Installed /home/orsted/AGV_EEPIS/build/bringup\n'}
[9.613261] (bringup) StdoutLine: {'line': b'running symlink_data\n'}
[9.613442] (bringup) StdoutLine: {'line': b'creating /home/orsted/AGV_EEPIS/install/bringup/share/ament_index\n'}
[9.613862] (bringup) StdoutLine: {'line': b'creating /home/orsted/AGV_EEPIS/install/bringup/share/ament_index/resource_index\n'}
[9.614110] (bringup) StdoutLine: {'line': b'creating /home/orsted/AGV_EEPIS/install/bringup/share/ament_index/resource_index/packages\n'}
[9.614342] (bringup) StdoutLine: {'line': b'symbolically linking /home/orsted/AGV_EEPIS/build/bringup/resource/bringup -> /home/orsted/AGV_EEPIS/install/bringup/share/ament_index/resource_index/packages\n'}
[9.614586] (bringup) StdoutLine: {'line': b'symbolically linking /home/orsted/AGV_EEPIS/build/bringup/package.xml -> /home/orsted/AGV_EEPIS/install/bringup/share/bringup\n'}
[9.614979] (bringup) StdoutLine: {'line': b'creating /home/orsted/AGV_EEPIS/install/bringup/share/bringup/launch\n'}
[9.615158] (bringup) StdoutLine: {'line': b'symbolically linking /home/orsted/AGV_EEPIS/build/bringup/launch/robot.launch.py -> /home/orsted/AGV_EEPIS/install/bringup/share/bringup/launch\n'}
[9.615322] (bringup) StdoutLine: {'line': b'symbolically linking /home/orsted/AGV_EEPIS/build/bringup/launch/simulation.launch.py -> /home/orsted/AGV_EEPIS/install/bringup/share/bringup/launch\n'}
[9.615475] (bringup) StdoutLine: {'line': b'creating /home/orsted/AGV_EEPIS/install/bringup/share/bringup/rviz\n'}
[9.615618] (bringup) StdoutLine: {'line': b'symbolically linking /home/orsted/AGV_EEPIS/build/bringup/rviz/simulation.rviz -> /home/orsted/AGV_EEPIS/install/bringup/share/bringup/rviz\n'}
[9.619896] (agv_description) StdoutLine: {'line': b'running build_ext\n'}
[9.620564] (-) TimerEvent: {}
[9.621030] (agv_description) StdoutLine: {'line': b'Creating /home/orsted/AGV_EEPIS/install/agv_description/lib/python3.12/site-packages/agv-description.egg-link (link to .)\n'}
[9.621334] (agv_description) StdoutLine: {'line': b'\n'}
[9.621519] (agv_description) StdoutLine: {'line': b'Installed /home/orsted/AGV_EEPIS/build/agv_description\n'}
[9.621687] (agv_description) StdoutLine: {'line': b'running symlink_data\n'}
[9.621848] (agv_description) StdoutLine: {'line': b'creating /home/orsted/AGV_EEPIS/install/agv_description/share/ament_index\n'}
[9.622002] (agv_description) StdoutLine: {'line': b'creating /home/orsted/AGV_EEPIS/install/agv_description/share/ament_index/resource_index\n'}
[9.622150] (agv_description) StdoutLine: {'line': b'creating /home/orsted/AGV_EEPIS/install/agv_description/share/ament_index/resource_index/packages\n'}
[9.622298] (agv_description) StdoutLine: {'line': b'symbolically linking /home/orsted/AGV_EEPIS/build/agv_description/resource/agv_description -> /home/orsted/AGV_EEPIS/install/agv_description/share/ament_index/resource_index/packages\n'}
[9.623031] (agv_description) StdoutLine: {'line': b'symbolically linking /home/orsted/AGV_EEPIS/build/agv_description/package.xml -> /home/orsted/AGV_EEPIS/install/agv_description/share/agv_description\n'}
[9.623737] (agv_description) StdoutLine: {'line': b'creating /home/orsted/AGV_EEPIS/install/agv_description/share/agv_description/launch\n'}
[9.629630] (agv_description) StdoutLine: {'line': b'symbolically linking /home/orsted/AGV_EEPIS/build/agv_description/launch/agv_spawn.launch.py -> /home/orsted/AGV_EEPIS/install/agv_description/share/agv_description/launch\n'}
[9.629956] (agv_description) StdoutLine: {'line': b'symbolically linking /home/orsted/AGV_EEPIS/build/agv_description/launch/agv_world.launch.py -> /home/orsted/AGV_EEPIS/install/agv_description/share/agv_description/launch\n'}
[9.630139] (agv_description) StdoutLine: {'line': b'symbolically linking /home/orsted/AGV_EEPIS/build/agv_description/launch/state_publisher.launch.py -> /home/orsted/AGV_EEPIS/install/agv_description/share/agv_description/launch\n'}
[9.630309] (agv_description) StdoutLine: {'line': b'creating /home/orsted/AGV_EEPIS/install/agv_description/share/agv_description/urdf\n'}
[9.630469] (agv_description) StdoutLine: {'line': b'symbolically linking /home/orsted/AGV_EEPIS/build/agv_description/urdf/materials.xacro -> /home/orsted/AGV_EEPIS/install/agv_description/share/agv_description/urdf\n'}
[9.630628] (agv_description) StdoutLine: {'line': b'symbolically linking /home/orsted/AGV_EEPIS/build/agv_description/urdf/model.gazebo -> /home/orsted/AGV_EEPIS/install/agv_description/share/agv_description/urdf\n'}
[9.630782] (agv_description) StdoutLine: {'line': b'symbolically linking /home/orsted/AGV_EEPIS/build/agv_description/urdf/model.xacro -> /home/orsted/AGV_EEPIS/install/agv_description/share/agv_description/urdf\n'}
[9.630930] (agv_description) StdoutLine: {'line': b'symbolically linking /home/orsted/AGV_EEPIS/build/agv_description/urdf/camera.xacro -> /home/orsted/AGV_EEPIS/install/agv_description/share/agv_description/urdf\n'}
[9.631074] (agv_description) StdoutLine: {'line': b'symbolically linking /home/orsted/AGV_EEPIS/build/agv_description/urdf/model.ros2control -> /home/orsted/AGV_EEPIS/install/agv_description/share/agv_description/urdf\n'}
[9.631220] (agv_description) StdoutLine: {'line': b'creating /home/orsted/AGV_EEPIS/install/agv_description/share/agv_description/meshes\n'}
[9.631371] (agv_description) StdoutLine: {'line': b'symbolically linking /home/orsted/AGV_EEPIS/build/agv_description/meshes/stacker_fork_1.stl -> /home/orsted/AGV_EEPIS/install/agv_description/share/agv_description/meshes\n'}
[9.631517] (agv_description) StdoutLine: {'line': b'symbolically linking /home/orsted/AGV_EEPIS/build/agv_description/meshes/l_caster_wheel_1.stl -> /home/orsted/AGV_EEPIS/install/agv_description/share/agv_description/meshes\n'}
[9.631720] (agv_description) StdoutLine: {'line': b'symbolically linking /home/orsted/AGV_EEPIS/build/agv_description/meshes/r_caster_1.stl -> /home/orsted/AGV_EEPIS/install/agv_description/share/agv_description/meshes\n'}
[9.637190] (agv_description) StdoutLine: {'line': b'symbolically linking /home/orsted/AGV_EEPIS/build/agv_description/meshes/l_wheel_1.stl -> /home/orsted/AGV_EEPIS/install/agv_description/share/agv_description/meshes\n'}
[9.637568] (agv_description) StdoutLine: {'line': b'symbolically linking /home/orsted/AGV_EEPIS/build/agv_description/meshes/base_link.stl -> /home/orsted/AGV_EEPIS/install/agv_description/share/agv_description/meshes\n'}
[9.637749] (agv_description) StdoutLine: {'line': b'symbolically linking /home/orsted/AGV_EEPIS/build/agv_description/meshes/steering_1.stl -> /home/orsted/AGV_EEPIS/install/agv_description/share/agv_description/meshes\n'}
[9.637912] (agv_description) StdoutLine: {'line': b'symbolically linking /home/orsted/AGV_EEPIS/build/agv_description/meshes/l_static_wheel_1.stl -> /home/orsted/AGV_EEPIS/install/agv_description/share/agv_description/meshes\n'}
[9.638071] (agv_description) StdoutLine: {'line': b'symbolically linking /home/orsted/AGV_EEPIS/build/agv_description/meshes/l_caster_1.stl -> /home/orsted/AGV_EEPIS/install/agv_description/share/agv_description/meshes\n'}
[9.638277] (agv_description) StdoutLine: {'line': b'symbolically linking /home/orsted/AGV_EEPIS/build/agv_description/meshes/r_wheel_1.stl -> /home/orsted/AGV_EEPIS/install/agv_description/share/agv_description/meshes\n'}
[9.638431] (agv_description) StdoutLine: {'line': b'symbolically linking /home/orsted/AGV_EEPIS/build/agv_description/meshes/steer_head_1.stl -> /home/orsted/AGV_EEPIS/install/agv_description/share/agv_description/meshes\n'}
[9.638584] (agv_description) StdoutLine: {'line': b'symbolically linking /home/orsted/AGV_EEPIS/build/agv_description/meshes/r_static_wheel_1.stl -> /home/orsted/AGV_EEPIS/install/agv_description/share/agv_description/meshes\n'}
[9.638733] (agv_description) StdoutLine: {'line': b'symbolically linking /home/orsted/AGV_EEPIS/build/agv_description/meshes/r_caster_wheel_1.stl -> /home/orsted/AGV_EEPIS/install/agv_description/share/agv_description/meshes\n'}
[9.638879] (agv_description) StdoutLine: {'line': b'symbolically linking /home/orsted/AGV_EEPIS/build/agv_description/meshes/stacker_slider_1.stl -> /home/orsted/AGV_EEPIS/install/agv_description/share/agv_description/meshes\n'}
[9.639021] (agv_description) StdoutLine: {'line': b'creating /home/orsted/AGV_EEPIS/install/agv_description/share/agv_description/config\n'}
[9.639165] (agv_description) StdoutLine: {'line': b'symbolically linking /home/orsted/AGV_EEPIS/build/agv_description/config/ros_gz_bridge_gazebo.yaml -> /home/orsted/AGV_EEPIS/install/agv_description/share/agv_description/config\n'}
[9.639305] (agv_description) StdoutLine: {'line': b'symbolically linking /home/orsted/AGV_EEPIS/build/agv_description/config/display.rviz -> /home/orsted/AGV_EEPIS/install/agv_description/share/agv_description/config\n'}
[9.639447] (agv_description) StdoutLine: {'line': b'symbolically linking /home/orsted/AGV_EEPIS/build/agv_description/config/gazebo.rviz -> /home/orsted/AGV_EEPIS/install/agv_description/share/agv_description/config\n'}
[9.639591] (agv_description) StdoutLine: {'line': b'creating /home/orsted/AGV_EEPIS/install/agv_description/share/agv_description/params\n'}
[9.639729] (agv_description) StdoutLine: {'line': b'symbolically linking /home/orsted/AGV_EEPIS/build/agv_description/params/agv_bridge.yaml -> /home/orsted/AGV_EEPIS/install/agv_description/share/agv_description/params\n'}
[9.639982] (agv_description) StdoutLine: {'line': b'creating /home/orsted/AGV_EEPIS/install/agv_description/share/agv_description/turtlebot3_world\n'}
[9.640140] (agv_description) StdoutLine: {'line': b'symbolically linking /home/orsted/AGV_EEPIS/build/agv_description/turtlebot3_world/model-1_4.sdf -> /home/orsted/AGV_EEPIS/install/agv_description/share/agv_description/turtlebot3_world\n'}
[9.640294] (agv_description) StdoutLine: {'line': b'symbolically linking /home/orsted/AGV_EEPIS/build/agv_description/turtlebot3_world/model.config -> /home/orsted/AGV_EEPIS/install/agv_description/share/agv_description/turtlebot3_world\n'}
[9.640438] (agv_description) StdoutLine: {'line': b'symbolically linking /home/orsted/AGV_EEPIS/build/agv_description/turtlebot3_world/model.sdf -> /home/orsted/AGV_EEPIS/install/agv_description/share/agv_description/turtlebot3_world\n'}
[9.640633] (agv_description) StdoutLine: {'line': b'symbolically linking /home/orsted/AGV_EEPIS/build/agv_description/turtlebot3_world/turtlebot3_world.world -> /home/orsted/AGV_EEPIS/install/agv_description/share/agv_description/turtlebot3_world\n'}
[9.640804] (agv_description) StdoutLine: {'line': b'creating /home/orsted/AGV_EEPIS/install/agv_description/share/agv_description/turtlebot3_world/meshes\n'}
[9.640964] (agv_description) StdoutLine: {'line': b'symbolically linking /home/orsted/AGV_EEPIS/build/agv_description/turtlebot3_world/meshes/wall.dae -> /home/orsted/AGV_EEPIS/install/agv_description/share/agv_description/turtlebot3_world/meshes\n'}
[9.641165] (agv_description) StdoutLine: {'line': b'symbolically linking /home/orsted/AGV_EEPIS/build/agv_description/turtlebot3_world/meshes/hexagon.dae -> /home/orsted/AGV_EEPIS/install/agv_description/share/agv_description/turtlebot3_world/meshes\n'}
[9.644377] (canbus) StdoutLine: {'line': b'running build_ext\n'}
[9.645077] (canbus) StdoutLine: {'line': b'Creating /home/orsted/AGV_EEPIS/install/canbus/lib/python3.12/site-packages/canbus.egg-link (link to .)\n'}
[9.647754] (canbus) StdoutLine: {'line': b'Installing canbus_node script to /home/orsted/AGV_EEPIS/install/canbus/lib/canbus\n'}
[9.650833] (canbus) StdoutLine: {'line': b'\n'}
[9.651329] (canbus) StdoutLine: {'line': b'Installed /home/orsted/AGV_EEPIS/build/canbus\n'}
[9.652050] (canbus) StdoutLine: {'line': b'running symlink_data\n'}
[9.652433] (canbus) StdoutLine: {'line': b'creating /home/orsted/AGV_EEPIS/install/canbus/share/ament_index\n'}
[9.652729] (canbus) StdoutLine: {'line': b'creating /home/orsted/AGV_EEPIS/install/canbus/share/ament_index/resource_index\n'}
[9.652980] (canbus) StdoutLine: {'line': b'creating /home/orsted/AGV_EEPIS/install/canbus/share/ament_index/resource_index/packages\n'}
[9.653561] (canbus) StdoutLine: {'line': b'symbolically linking /home/orsted/AGV_EEPIS/build/canbus/resource/canbus -> /home/orsted/AGV_EEPIS/install/canbus/share/ament_index/resource_index/packages\n'}
[9.654152] (canbus) StdoutLine: {'line': b'symbolically linking /home/orsted/AGV_EEPIS/build/canbus/package.xml -> /home/orsted/AGV_EEPIS/install/canbus/share/canbus\n'}
[9.654338] (canbus) StdoutLine: {'line': b'creating /home/orsted/AGV_EEPIS/install/canbus/share/canbus/launch\n'}
[9.654501] (canbus) StdoutLine: {'line': b'symbolically linking /home/orsted/AGV_EEPIS/build/canbus/launch/canbus.launch.py -> /home/orsted/AGV_EEPIS/install/canbus/share/canbus/launch\n'}
[9.724002] (-) TimerEvent: {}
[9.827332] (-) TimerEvent: {}
[9.929863] (-) TimerEvent: {}
[10.030792] (-) TimerEvent: {}
[10.131712] (-) TimerEvent: {}
[10.232647] (-) TimerEvent: {}
[10.286199] (agv_description) CommandEnded: {'returncode': 0}
[10.310522] (agv_description) JobEnded: {'identifier': 'agv_description', 'rc': 0}
[10.312583] (ddmr_description) CommandEnded: {'returncode': 0}
[10.332782] (-) TimerEvent: {}
[10.337203] (ddmr_description) JobEnded: {'identifier': 'ddmr_description', 'rc': 0}
[10.339686] (canbus) CommandEnded: {'returncode': 0}
[10.360055] (canbus) JobEnded: {'identifier': 'canbus', 'rc': 0}
[10.362856] (bringup) CommandEnded: {'returncode': 0}
[10.383472] (bringup) JobEnded: {'identifier': 'bringup', 'rc': 0}
[10.386178] (slam) JobStarted: {'identifier': 'slam'}
[10.405289] (system) JobStarted: {'identifier': 'system'}
[10.423297] (ultrasonic) JobStarted: {'identifier': 'ultrasonic'}
[10.433914] (-) TimerEvent: {}
[10.535030] (-) TimerEvent: {}
[10.636120] (-) TimerEvent: {}
[10.737086] (-) TimerEvent: {}
[10.838086] (-) TimerEvent: {}
[10.926018] (ascamera) StdoutLine: {'line': b"-- Checking for module 'libusb-1.0'\n"}
[10.938217] (-) TimerEvent: {}
[10.971293] (ascamera) StdoutLine: {'line': b'--   Found libusb-1.0, version 1.0.27\n'}
[11.038500] (-) TimerEvent: {}
[11.072128] (ascamera) StdoutLine: {'line': b'-- Found libusb: /usr/lib/aarch64-linux-gnu/libusb-1.0.so  \n'}
[11.077300] (ascamera) StdoutLine: {'line': b'-- OpenNI found (version: 1.5.4.0, include: /usr/include/ni, lib: /usr/lib/libOpenNI.so;libusb::libusb)\n'}
[11.138707] (-) TimerEvent: {}
[11.239703] (-) TimerEvent: {}
[11.255791] (ascamera) StdoutLine: {'line': b'-- OpenNI2 found (version: 2.2.0.33, include: /usr/include/openni2, lib: /usr/lib/aarch64-linux-gnu/libOpenNI2.so;libusb::libusb)\n'}
[11.271550] (ascamera) StdoutLine: {'line': b'-- Found Pcap: /usr/lib/aarch64-linux-gnu/libpcap.so  \n'}
[11.303611] (ascamera) StdoutLine: {'line': b'-- Found ZLIB: /usr/lib/aarch64-linux-gnu/libz.so (found version "1.3")  \n'}
[11.339918] (-) TimerEvent: {}
[11.342200] (ascamera) StdoutLine: {'line': b'-- Found PNG: /usr/lib/aarch64-linux-gnu/libpng.so (found version "1.6.43") \n'}
[11.440131] (-) TimerEvent: {}
[11.540971] (-) TimerEvent: {}
[11.641850] (-) TimerEvent: {}
[11.742737] (-) TimerEvent: {}
[11.843727] (-) TimerEvent: {}
[11.944654] (-) TimerEvent: {}
[12.045514] (-) TimerEvent: {}
[12.146427] (-) TimerEvent: {}
[12.247381] (-) TimerEvent: {}
[12.348428] (-) TimerEvent: {}
[12.449442] (-) TimerEvent: {}
[12.477170] (ascamera) StdoutLine: {'line': b'-- OpenNI found (version: 1.5.4.0, include: /usr/include/ni, lib: /usr/lib/libOpenNI.so;libusb::libusb)\n'}
[12.495818] (ascamera) StdoutLine: {'line': b'-- OpenNI2 found (version: 2.2.0.33, include: /usr/include/openni2, lib: /usr/lib/aarch64-linux-gnu/libOpenNI2.so;libusb::libusb)\n'}
[12.549653] (-) TimerEvent: {}
[12.651455] (-) TimerEvent: {}
[12.754685] (-) TimerEvent: {}
[12.860291] (-) TimerEvent: {}
[12.961222] (-) TimerEvent: {}
[13.063981] (-) TimerEvent: {}
[13.164886] (-) TimerEvent: {}
[13.265785] (-) TimerEvent: {}
[13.366697] (-) TimerEvent: {}
[13.467697] (-) TimerEvent: {}
[13.569391] (-) TimerEvent: {}
[13.672852] (-) TimerEvent: {}
[13.686984] (remote) Command: {'cmd': ['/usr/bin/python3', '-W', 'ignore:setup.py install is deprecated', '-W', 'ignore:easy_install command is deprecated', 'setup.py', 'develop', '--editable', '--build-directory', '/home/orsted/AGV_EEPIS/build/remote/build', '--no-deps', 'symlink_data'], 'cwd': '/home/orsted/AGV_EEPIS/build/remote', 'env': {'VNCDESKTOP': 'orsted:2 (orsted)', 'LESSOPEN': '| /usr/bin/lesspipe %s', 'GZ_SIM_RESOURCE_PATH': '/opt/ros/jazzy/share', 'USER': 'orsted', 'SSH_CLIENT': '192.168.137.1 62233 22', 'GZ_CONFIG_PATH': '/opt/ros/jazzy/opt/gz_sim_vendor/share/gz:/opt/ros/jazzy/opt/sdformat_vendor/share/gz:/opt/ros/jazzy/opt/gz_gui_vendor/share/gz:/opt/ros/jazzy/opt/gz_transport_vendor/share/gz:/opt/ros/jazzy/opt/gz_rendering_vendor/share/gz:/opt/ros/jazzy/opt/gz_plugin_vendor/share/gz:/opt/ros/jazzy/opt/gz_fuel_tools_vendor/share/gz:/opt/ros/jazzy/opt/gz_msgs_vendor/share/gz:/opt/ros/jazzy/opt/gz_common_vendor/share/gz', 'SSH_AGENT_PID': '8899', 'XDG_SESSION_TYPE': 'x11', 'GIT_ASKPASS': '/home/orsted/.vscode-server/cli/servers/Stable-7debcd0e2acdea1c52de81bf9ee1620444407dda/server/extensions/git/dist/askpass.sh', 'SHLVL': '1', 'LD_LIBRARY_PATH': '/usr/local/cuda-13.2/lib64:/usr/local/cuda-13.2/lib64:/opt/ros/jazzy/opt/gz_sim_vendor/lib:/opt/ros/jazzy/opt/gz_sensors_vendor/lib:/opt/ros/jazzy/opt/gz_physics_vendor/lib:/opt/ros/jazzy/opt/sdformat_vendor/lib:/opt/ros/jazzy/opt/rviz_ogre_vendor/lib:/opt/ros/jazzy/lib/aarch64-linux-gnu:/opt/ros/jazzy/opt/gz_gui_vendor/lib:/opt/ros/jazzy/opt/gz_transport_vendor/lib:/opt/ros/jazzy/opt/gz_rendering_vendor/lib:/opt/ros/jazzy/opt/gz_plugin_vendor/lib:/opt/ros/jazzy/opt/gz_fuel_tools_vendor/lib:/opt/ros/jazzy/opt/gz_msgs_vendor/lib:/opt/ros/jazzy/opt/gz_common_vendor/lib:/opt/ros/jazzy/opt/gz_math_vendor/lib:/opt/ros/jazzy/opt/gz_utils_vendor/lib:/opt/ros/jazzy/opt/gz_tools_vendor/lib:/opt/ros/jazzy/opt/gz_ogre_next_vendor/lib:/opt/ros/jazzy/opt/gz_dartsim_vendor/lib:/opt/ros/jazzy/opt/gz_cmake_vendor/lib:/opt/ros/jazzy/lib:/usr/local/cuda-13.2/lib64:', 'BROWSER': '/home/orsted/.vscode-server/cli/servers/Stable-7debcd0e2acdea1c52de81bf9ee1620444407dda/server/bin/helpers/browser.sh', 'HOME': '/home/orsted', 'DESKTOP_SESSION': 'xfce', 'VSCODE_IPC_HOOK_CLI': '/run/user/1000/vscode-ipc-cc2dc662-49e5-42f8-aa3b-35ec80433977.sock', 'PANEL_GDK_CORE_DEVICE_EVENTS': '0', 'ROS_PYTHON_VERSION': '3', 'VSCODE_GIT_ASKPASS_MAIN': '/home/orsted/.vscode-server/cli/servers/Stable-7debcd0e2acdea1c52de81bf9ee1620444407dda/server/extensions/git/dist/askpass-main.js', 'VSCODE_GIT_ASKPASS_NODE': '/home/orsted/.vscode-server/cli/servers/Stable-7debcd0e2acdea1c52de81bf9ee1620444407dda/server/node', 'VSCODE_PYTHON_AUTOACTIVATE_GUARD': '1', 'DBUS_SESSION_BUS_ADDRESS': 'unix:path=/tmp/dbus-myeODg71Z4,guid=546e82a075626b48ad1da50d6ab1ec60', 'COLORTERM': 'truecolor', 'DEBUGINFOD_URLS': 'https://debuginfod.ubuntu.com', 'COLCON_PREFIX_PATH': '/home/orsted/AGV_EEPIS/install:/home/orsted/ascam_ros2_ws/install', 'ROS_DISTRO': 'jazzy', 'LOGNAME': 'orsted', '_': '/usr/bin/colcon', 'ROS_VERSION': '2', 'XDG_SESSION_CLASS': 'user', 'TERM': 'xterm-256color', 'XDG_SESSION_ID': '3', 'PATH': '/usr/local/cuda-13.2/bin:/usr/local/cuda-13.2/bin:/home/orsted/.vscode-server/cli/servers/Stable-7debcd0e2acdea1c52de81bf9ee1620444407dda/server/bin/remote-cli:/opt/ros/jazzy/opt/gz_msgs_vendor/bin:/opt/ros/jazzy/opt/gz_tools_vendor/bin:/opt/ros/jazzy/opt/gz_ogre_next_vendor/bin:/opt/ros/jazzy/bin:/usr/local/cuda-13.2/bin:/usr/local/sbin:/usr/local/bin:/usr/sbin:/usr/bin:/sbin:/bin:/usr/games:/usr/local/games:/snap/bin', 'SESSION_MANAGER': 'local/orsted:@/tmp/.ICE-unix/8848,unix/orsted:/tmp/.ICE-unix/8848', 'XDG_MENU_PREFIX': 'xfce-', 'GNOME_TERMINAL_SCREEN': '/org/gnome/Terminal/screen/707f9a9e_9b41_4d91_94a5_2c13f60cebb0', 'XDG_RUNTIME_DIR': '/run/user/1000', 'DISPLAY': ':2.0', 'LANG': 'en_US.UTF-8', 'XDG_CURRENT_DESKTOP': 'XFCE', 'LS_COLORS': 'rs=0:di=01;34:ln=01;36:mh=00:pi=40;33:so=01;35:do=01;35:bd=40;33;01:cd=40;33;01:or=40;31;01:mi=00:su=37;41:sg=30;43:ca=00:tw=30;42:ow=34;42:st=37;44:ex=01;32:*.tar=01;31:*.tgz=01;31:*.arc=01;31:*.arj=01;31:*.taz=01;31:*.lha=01;31:*.lz4=01;31:*.lzh=01;31:*.lzma=01;31:*.tlz=01;31:*.txz=01;31:*.tzo=01;31:*.t7z=01;31:*.zip=01;31:*.z=01;31:*.dz=01;31:*.gz=01;31:*.lrz=01;31:*.lz=01;31:*.lzo=01;31:*.xz=01;31:*.zst=01;31:*.tzst=01;31:*.bz2=01;31:*.bz=01;31:*.tbz=01;31:*.tbz2=01;31:*.tz=01;31:*.deb=01;31:*.rpm=01;31:*.jar=01;31:*.war=01;31:*.ear=01;31:*.sar=01;31:*.rar=01;31:*.alz=01;31:*.ace=01;31:*.zoo=01;31:*.cpio=01;31:*.7z=01;31:*.rz=01;31:*.cab=01;31:*.wim=01;31:*.swm=01;31:*.dwm=01;31:*.esd=01;31:*.avif=01;35:*.jpg=01;35:*.jpeg=01;35:*.mjpg=01;35:*.mjpeg=01;35:*.gif=01;35:*.bmp=01;35:*.pbm=01;35:*.pgm=01;35:*.ppm=01;35:*.tga=01;35:*.xbm=01;35:*.xpm=01;35:*.tif=01;35:*.tiff=01;35:*.png=01;35:*.svg=01;35:*.svgz=01;35:*.mng=01;35:*.pcx=01;35:*.mov=01;35:*.mpg=01;35:*.mpeg=01;35:*.m2v=01;35:*.mkv=01;35:*.webm=01;35:*.webp=01;35:*.ogm=01;35:*.mp4=01;35:*.m4v=01;35:*.mp4v=01;35:*.vob=01;35:*.qt=01;35:*.nuv=01;35:*.wmv=01;35:*.asf=01;35:*.rm=01;35:*.rmvb=01;35:*.flc=01;35:*.avi=01;35:*.fli=01;35:*.flv=01;35:*.gl=01;35:*.dl=01;35:*.xcf=01;35:*.xwd=01;35:*.yuv=01;35:*.cgm=01;35:*.emf=01;35:*.ogv=01;35:*.ogx=01;35:*.aac=00;36:*.au=00;36:*.flac=00;36:*.m4a=00;36:*.mid=00;36:*.midi=00;36:*.mka=00;36:*.mp3=00;36:*.mpc=00;36:*.ogg=00;36:*.ra=00;36:*.wav=00;36:*.oga=00;36:*.opus=00;36:*.spx=00;36:*.xspf=00;36:*~=00;90:*#=00;90:*.bak=00;90:*.crdownload=00;90:*.dpkg-dist=00;90:*.dpkg-new=00;90:*.dpkg-old=00;90:*.dpkg-tmp=00;90:*.old=00;90:*.orig=00;90:*.part=00;90:*.rej=00;90:*.rpmnew=00;90:*.rpmorig=00;90:*.rpmsave=00;90:*.swp=00;90:*.tmp=00;90:*.ucf-dist=00;90:*.ucf-new=00;90:*.ucf-old=00;90:', 'VSCODE_GIT_IPC_HANDLE': '/run/user/1000/vscode-git-f13100ddb5.sock', 'GNOME_TERMINAL_SERVICE': ':1.49', 'SSH_AUTH_SOCK': '/tmp/ssh-YuvaTmZ1RxKX/agent.8898', 'AMENT_PREFIX_PATH': '/home/orsted/AGV_EEPIS/install/ultrasonic:/home/orsted/AGV_EEPIS/install/system:/home/orsted/AGV_EEPIS/install/slam:/home/orsted/AGV_EEPIS/install/remote:/home/orsted/AGV_EEPIS/install/drive_controller:/home/orsted/AGV_EEPIS/install/ddmr_description:/home/orsted/AGV_EEPIS/install/canbus:/home/orsted/AGV_EEPIS/install/bringup:/home/orsted/AGV_EEPIS/install/ascamera:/home/orsted/AGV_EEPIS/install/agv_description:/home/orsted/ascam_ros2_ws/install/ascamera:/opt/ros/jazzy', 'SHELL': '/bin/bash', 'LESSCLOSE': '/usr/bin/lesspipe %s %s', 'LC_ALLL': 'en_US.UTF-8', 'ROS_AUTOMATIC_DISCOVERY_RANGE': 'SUBNET', 'VSCODE_GIT_ASKPASS_EXTRA_ARGS': '', 'PWD': '/home/orsted/AGV_EEPIS/build/remote', 'XDG_CONFIG_DIRS': '/etc/xdg/xdg-xfce:/etc/xdg', 'SSH_CONNECTION': '192.168.137.1 62233 192.168.137.60 22', 'XDG_DATA_DIRS': '/usr/share/xfce4:/usr/share:/usr/local/share:/usr/share', 'PYTHONPATH': '/home/orsted/AGV_EEPIS/build/remote/prefix_override:/usr/lib/python3/dist-packages/colcon_core/task/python/colcon_distutils_commands:/home/orsted/AGV_EEPIS/install/remote/lib/python3.12/site-packages:/home/orsted/AGV_EEPIS/build/ultrasonic:/home/orsted/AGV_EEPIS/install/ultrasonic/lib/python3.12/site-packages:/home/orsted/AGV_EEPIS/build/system:/home/orsted/AGV_EEPIS/install/system/lib/python3.12/site-packages:/home/orsted/AGV_EEPIS/build/slam:/home/orsted/AGV_EEPIS/install/slam/lib/python3.12/site-packages:/home/orsted/AGV_EEPIS/build/remote:/home/orsted/AGV_EEPIS/install/remote/lib/python3.12/site-packages:/home/orsted/AGV_EEPIS/build/drive_controller:/home/orsted/AGV_EEPIS/install/drive_controller/lib/python3.12/site-packages:/home/orsted/AGV_EEPIS/build/ddmr_description:/home/orsted/AGV_EEPIS/install/ddmr_description/lib/python3.12/site-packages:/home/orsted/AGV_EEPIS/build/canbus:/home/orsted/AGV_EEPIS/install/canbus/lib/python3.12/site-packages:/home/orsted/AGV_EEPIS/build/bringup:/home/orsted/AGV_EEPIS/install/bringup/lib/python3.12/site-packages:/home/orsted/AGV_EEPIS/build/agv_description:/home/orsted/AGV_EEPIS/install/agv_description/lib/python3.12/site-packages:/opt/ros/jazzy/lib/python3.12/site-packages', 'COLCON': '1', 'VTE_VERSION': '7600', 'CMAKE_PREFIX_PATH': '/home/orsted/AGV_EEPIS/install/ascamera:/home/orsted/ascam_ros2_ws/install/ascamera:/opt/ros/jazzy/opt/gz_sim_vendor:/opt/ros/jazzy/opt/gz_sensors_vendor:/opt/ros/jazzy/opt/gz_physics_vendor:/opt/ros/jazzy/opt/sdformat_vendor:/opt/ros/jazzy/opt/gz_gui_vendor:/opt/ros/jazzy/opt/gz_transport_vendor:/opt/ros/jazzy/opt/gz_rendering_vendor:/opt/ros/jazzy/opt/gz_plugin_vendor:/opt/ros/jazzy/opt/gz_fuel_tools_vendor:/opt/ros/jazzy/opt/gz_msgs_vendor:/opt/ros/jazzy/opt/gz_common_vendor:/opt/ros/jazzy/opt/gz_math_vendor:/opt/ros/jazzy/opt/gz_utils_vendor:/opt/ros/jazzy/opt/gz_tools_vendor:/opt/ros/jazzy/opt/gz_ogre_next_vendor:/opt/ros/jazzy/opt/gz_dartsim_vendor:/opt/ros/jazzy/opt/gz_cmake_vendor'}, 'shell': False}
[13.764271] (ascamera) StdoutLine: {'line': b'-- Found Qhull version 8.0.2\n'}
[13.773342] (-) TimerEvent: {}
[13.874210] (-) TimerEvent: {}
[13.977256] (-) TimerEvent: {}
[14.078132] (-) TimerEvent: {}
[14.179081] (-) TimerEvent: {}
[14.279917] (-) TimerEvent: {}
[14.383129] (-) TimerEvent: {}
[14.484393] (-) TimerEvent: {}
[14.585350] (-) TimerEvent: {}
[14.686305] (-) TimerEvent: {}
[14.734792] (remote) StdoutLine: {'line': b'running develop\n'}
[14.786489] (-) TimerEvent: {}
[14.887390] (-) TimerEvent: {}
[14.990511] (-) TimerEvent: {}
[15.069329] (ascamera) StdoutLine: {'line': b'-- OpenNI found (version: 1.5.4.0, include: /usr/include/ni, lib: /usr/lib/libOpenNI.so;libusb::libusb)\n'}
[15.090650] (-) TimerEvent: {}
[15.192080] (-) TimerEvent: {}
[15.296449] (-) TimerEvent: {}
[15.355688] (remote) StdoutLine: {'line': b'running egg_info\n'}
[15.356399] (remote) StdoutLine: {'line': b'creating remote.egg-info\n'}
[15.396655] (-) TimerEvent: {}
[15.416607] (remote) StdoutLine: {'line': b'writing remote.egg-info/PKG-INFO\n'}
[15.417761] (remote) StdoutLine: {'line': b'writing dependency_links to remote.egg-info/dependency_links.txt\n'}
[15.418264] (remote) StdoutLine: {'line': b'writing entry points to remote.egg-info/entry_points.txt\n'}
[15.418694] (remote) StdoutLine: {'line': b'writing requirements to remote.egg-info/requires.txt\n'}
[15.419142] (remote) StdoutLine: {'line': b'writing top-level names to remote.egg-info/top_level.txt\n'}
[15.419354] (remote) StdoutLine: {'line': b"writing manifest file 'remote.egg-info/SOURCES.txt'\n"}
[15.499049] (-) TimerEvent: {}
[15.555909] (remote) StdoutLine: {'line': b"reading manifest file 'remote.egg-info/SOURCES.txt'\n"}
[15.556732] (remote) StdoutLine: {'line': b"writing manifest file 'remote.egg-info/SOURCES.txt'\n"}
[15.574165] (ultrasonic) Command: {'cmd': ['/usr/bin/python3', '-W', 'ignore:setup.py install is deprecated', '-W', 'ignore:easy_install command is deprecated', 'setup.py', 'develop', '--editable', '--build-directory', '/home/orsted/AGV_EEPIS/build/ultrasonic/build', '--no-deps', 'symlink_data'], 'cwd': '/home/orsted/AGV_EEPIS/build/ultrasonic', 'env': {'VNCDESKTOP': 'orsted:2 (orsted)', 'LESSOPEN': '| /usr/bin/lesspipe %s', 'GZ_SIM_RESOURCE_PATH': '/opt/ros/jazzy/share', 'USER': 'orsted', 'SSH_CLIENT': '192.168.137.1 62233 22', 'GZ_CONFIG_PATH': '/opt/ros/jazzy/opt/gz_sim_vendor/share/gz:/opt/ros/jazzy/opt/sdformat_vendor/share/gz:/opt/ros/jazzy/opt/gz_gui_vendor/share/gz:/opt/ros/jazzy/opt/gz_transport_vendor/share/gz:/opt/ros/jazzy/opt/gz_rendering_vendor/share/gz:/opt/ros/jazzy/opt/gz_plugin_vendor/share/gz:/opt/ros/jazzy/opt/gz_fuel_tools_vendor/share/gz:/opt/ros/jazzy/opt/gz_msgs_vendor/share/gz:/opt/ros/jazzy/opt/gz_common_vendor/share/gz', 'SSH_AGENT_PID': '8899', 'XDG_SESSION_TYPE': 'x11', 'GIT_ASKPASS': '/home/orsted/.vscode-server/cli/servers/Stable-7debcd0e2acdea1c52de81bf9ee1620444407dda/server/extensions/git/dist/askpass.sh', 'SHLVL': '1', 'LD_LIBRARY_PATH': '/usr/local/cuda-13.2/lib64:/usr/local/cuda-13.2/lib64:/opt/ros/jazzy/opt/gz_sim_vendor/lib:/opt/ros/jazzy/opt/gz_sensors_vendor/lib:/opt/ros/jazzy/opt/gz_physics_vendor/lib:/opt/ros/jazzy/opt/sdformat_vendor/lib:/opt/ros/jazzy/opt/rviz_ogre_vendor/lib:/opt/ros/jazzy/lib/aarch64-linux-gnu:/opt/ros/jazzy/opt/gz_gui_vendor/lib:/opt/ros/jazzy/opt/gz_transport_vendor/lib:/opt/ros/jazzy/opt/gz_rendering_vendor/lib:/opt/ros/jazzy/opt/gz_plugin_vendor/lib:/opt/ros/jazzy/opt/gz_fuel_tools_vendor/lib:/opt/ros/jazzy/opt/gz_msgs_vendor/lib:/opt/ros/jazzy/opt/gz_common_vendor/lib:/opt/ros/jazzy/opt/gz_math_vendor/lib:/opt/ros/jazzy/opt/gz_utils_vendor/lib:/opt/ros/jazzy/opt/gz_tools_vendor/lib:/opt/ros/jazzy/opt/gz_ogre_next_vendor/lib:/opt/ros/jazzy/opt/gz_dartsim_vendor/lib:/opt/ros/jazzy/opt/gz_cmake_vendor/lib:/opt/ros/jazzy/lib:/usr/local/cuda-13.2/lib64:', 'BROWSER': '/home/orsted/.vscode-server/cli/servers/Stable-7debcd0e2acdea1c52de81bf9ee1620444407dda/server/bin/helpers/browser.sh', 'HOME': '/home/orsted', 'DESKTOP_SESSION': 'xfce', 'VSCODE_IPC_HOOK_CLI': '/run/user/1000/vscode-ipc-cc2dc662-49e5-42f8-aa3b-35ec80433977.sock', 'PANEL_GDK_CORE_DEVICE_EVENTS': '0', 'ROS_PYTHON_VERSION': '3', 'VSCODE_GIT_ASKPASS_MAIN': '/home/orsted/.vscode-server/cli/servers/Stable-7debcd0e2acdea1c52de81bf9ee1620444407dda/server/extensions/git/dist/askpass-main.js', 'VSCODE_GIT_ASKPASS_NODE': '/home/orsted/.vscode-server/cli/servers/Stable-7debcd0e2acdea1c52de81bf9ee1620444407dda/server/node', 'VSCODE_PYTHON_AUTOACTIVATE_GUARD': '1', 'DBUS_SESSION_BUS_ADDRESS': 'unix:path=/tmp/dbus-myeODg71Z4,guid=546e82a075626b48ad1da50d6ab1ec60', 'COLORTERM': 'truecolor', 'DEBUGINFOD_URLS': 'https://debuginfod.ubuntu.com', 'COLCON_PREFIX_PATH': '/home/orsted/AGV_EEPIS/install:/home/orsted/ascam_ros2_ws/install', 'ROS_DISTRO': 'jazzy', 'LOGNAME': 'orsted', '_': '/usr/bin/colcon', 'ROS_VERSION': '2', 'XDG_SESSION_CLASS': 'user', 'TERM': 'xterm-256color', 'XDG_SESSION_ID': '3', 'PATH': '/usr/local/cuda-13.2/bin:/usr/local/cuda-13.2/bin:/home/orsted/.vscode-server/cli/servers/Stable-7debcd0e2acdea1c52de81bf9ee1620444407dda/server/bin/remote-cli:/opt/ros/jazzy/opt/gz_msgs_vendor/bin:/opt/ros/jazzy/opt/gz_tools_vendor/bin:/opt/ros/jazzy/opt/gz_ogre_next_vendor/bin:/opt/ros/jazzy/bin:/usr/local/cuda-13.2/bin:/usr/local/sbin:/usr/local/bin:/usr/sbin:/usr/bin:/sbin:/bin:/usr/games:/usr/local/games:/snap/bin', 'SESSION_MANAGER': 'local/orsted:@/tmp/.ICE-unix/8848,unix/orsted:/tmp/.ICE-unix/8848', 'XDG_MENU_PREFIX': 'xfce-', 'GNOME_TERMINAL_SCREEN': '/org/gnome/Terminal/screen/707f9a9e_9b41_4d91_94a5_2c13f60cebb0', 'XDG_RUNTIME_DIR': '/run/user/1000', 'DISPLAY': ':2.0', 'LANG': 'en_US.UTF-8', 'XDG_CURRENT_DESKTOP': 'XFCE', 'LS_COLORS': 'rs=0:di=01;34:ln=01;36:mh=00:pi=40;33:so=01;35:do=01;35:bd=40;33;01:cd=40;33;01:or=40;31;01:mi=00:su=37;41:sg=30;43:ca=00:tw=30;42:ow=34;42:st=37;44:ex=01;32:*.tar=01;31:*.tgz=01;31:*.arc=01;31:*.arj=01;31:*.taz=01;31:*.lha=01;31:*.lz4=01;31:*.lzh=01;31:*.lzma=01;31:*.tlz=01;31:*.txz=01;31:*.tzo=01;31:*.t7z=01;31:*.zip=01;31:*.z=01;31:*.dz=01;31:*.gz=01;31:*.lrz=01;31:*.lz=01;31:*.lzo=01;31:*.xz=01;31:*.zst=01;31:*.tzst=01;31:*.bz2=01;31:*.bz=01;31:*.tbz=01;31:*.tbz2=01;31:*.tz=01;31:*.deb=01;31:*.rpm=01;31:*.jar=01;31:*.war=01;31:*.ear=01;31:*.sar=01;31:*.rar=01;31:*.alz=01;31:*.ace=01;31:*.zoo=01;31:*.cpio=01;31:*.7z=01;31:*.rz=01;31:*.cab=01;31:*.wim=01;31:*.swm=01;31:*.dwm=01;31:*.esd=01;31:*.avif=01;35:*.jpg=01;35:*.jpeg=01;35:*.mjpg=01;35:*.mjpeg=01;35:*.gif=01;35:*.bmp=01;35:*.pbm=01;35:*.pgm=01;35:*.ppm=01;35:*.tga=01;35:*.xbm=01;35:*.xpm=01;35:*.tif=01;35:*.tiff=01;35:*.png=01;35:*.svg=01;35:*.svgz=01;35:*.mng=01;35:*.pcx=01;35:*.mov=01;35:*.mpg=01;35:*.mpeg=01;35:*.m2v=01;35:*.mkv=01;35:*.webm=01;35:*.webp=01;35:*.ogm=01;35:*.mp4=01;35:*.m4v=01;35:*.mp4v=01;35:*.vob=01;35:*.qt=01;35:*.nuv=01;35:*.wmv=01;35:*.asf=01;35:*.rm=01;35:*.rmvb=01;35:*.flc=01;35:*.avi=01;35:*.fli=01;35:*.flv=01;35:*.gl=01;35:*.dl=01;35:*.xcf=01;35:*.xwd=01;35:*.yuv=01;35:*.cgm=01;35:*.emf=01;35:*.ogv=01;35:*.ogx=01;35:*.aac=00;36:*.au=00;36:*.flac=00;36:*.m4a=00;36:*.mid=00;36:*.midi=00;36:*.mka=00;36:*.mp3=00;36:*.mpc=00;36:*.ogg=00;36:*.ra=00;36:*.wav=00;36:*.oga=00;36:*.opus=00;36:*.spx=00;36:*.xspf=00;36:*~=00;90:*#=00;90:*.bak=00;90:*.crdownload=00;90:*.dpkg-dist=00;90:*.dpkg-new=00;90:*.dpkg-old=00;90:*.dpkg-tmp=00;90:*.old=00;90:*.orig=00;90:*.part=00;90:*.rej=00;90:*.rpmnew=00;90:*.rpmorig=00;90:*.rpmsave=00;90:*.swp=00;90:*.tmp=00;90:*.ucf-dist=00;90:*.ucf-new=00;90:*.ucf-old=00;90:', 'VSCODE_GIT_IPC_HANDLE': '/run/user/1000/vscode-git-f13100ddb5.sock', 'GNOME_TERMINAL_SERVICE': ':1.49', 'SSH_AUTH_SOCK': '/tmp/ssh-YuvaTmZ1RxKX/agent.8898', 'AMENT_PREFIX_PATH': '/home/orsted/AGV_EEPIS/install/ultrasonic:/home/orsted/AGV_EEPIS/install/system:/home/orsted/AGV_EEPIS/install/slam:/home/orsted/AGV_EEPIS/install/remote:/home/orsted/AGV_EEPIS/install/drive_controller:/home/orsted/AGV_EEPIS/install/ddmr_description:/home/orsted/AGV_EEPIS/install/canbus:/home/orsted/AGV_EEPIS/install/bringup:/home/orsted/AGV_EEPIS/install/ascamera:/home/orsted/AGV_EEPIS/install/agv_description:/home/orsted/ascam_ros2_ws/install/ascamera:/opt/ros/jazzy', 'SHELL': '/bin/bash', 'LESSCLOSE': '/usr/bin/lesspipe %s %s', 'LC_ALLL': 'en_US.UTF-8', 'ROS_AUTOMATIC_DISCOVERY_RANGE': 'SUBNET', 'VSCODE_GIT_ASKPASS_EXTRA_ARGS': '', 'PWD': '/home/orsted/AGV_EEPIS/build/ultrasonic', 'XDG_CONFIG_DIRS': '/etc/xdg/xdg-xfce:/etc/xdg', 'SSH_CONNECTION': '192.168.137.1 62233 192.168.137.60 22', 'XDG_DATA_DIRS': '/usr/share/xfce4:/usr/share:/usr/local/share:/usr/share', 'PYTHONPATH': '/home/orsted/AGV_EEPIS/build/ultrasonic/prefix_override:/usr/lib/python3/dist-packages/colcon_core/task/python/colcon_distutils_commands:/home/orsted/AGV_EEPIS/install/ultrasonic/lib/python3.12/site-packages:/home/orsted/AGV_EEPIS/build/ultrasonic:/home/orsted/AGV_EEPIS/install/ultrasonic/lib/python3.12/site-packages:/home/orsted/AGV_EEPIS/build/system:/home/orsted/AGV_EEPIS/install/system/lib/python3.12/site-packages:/home/orsted/AGV_EEPIS/build/slam:/home/orsted/AGV_EEPIS/install/slam/lib/python3.12/site-packages:/home/orsted/AGV_EEPIS/build/remote:/home/orsted/AGV_EEPIS/install/remote/lib/python3.12/site-packages:/home/orsted/AGV_EEPIS/build/drive_controller:/home/orsted/AGV_EEPIS/install/drive_controller/lib/python3.12/site-packages:/home/orsted/AGV_EEPIS/build/ddmr_description:/home/orsted/AGV_EEPIS/install/ddmr_description/lib/python3.12/site-packages:/home/orsted/AGV_EEPIS/build/canbus:/home/orsted/AGV_EEPIS/install/canbus/lib/python3.12/site-packages:/home/orsted/AGV_EEPIS/build/bringup:/home/orsted/AGV_EEPIS/install/bringup/lib/python3.12/site-packages:/home/orsted/AGV_EEPIS/build/agv_description:/home/orsted/AGV_EEPIS/install/agv_description/lib/python3.12/site-packages:/opt/ros/jazzy/lib/python3.12/site-packages', 'COLCON': '1', 'VTE_VERSION': '7600', 'CMAKE_PREFIX_PATH': '/home/orsted/AGV_EEPIS/install/ascamera:/home/orsted/ascam_ros2_ws/install/ascamera:/opt/ros/jazzy/opt/gz_sim_vendor:/opt/ros/jazzy/opt/gz_sensors_vendor:/opt/ros/jazzy/opt/gz_physics_vendor:/opt/ros/jazzy/opt/sdformat_vendor:/opt/ros/jazzy/opt/gz_gui_vendor:/opt/ros/jazzy/opt/gz_transport_vendor:/opt/ros/jazzy/opt/gz_rendering_vendor:/opt/ros/jazzy/opt/gz_plugin_vendor:/opt/ros/jazzy/opt/gz_fuel_tools_vendor:/opt/ros/jazzy/opt/gz_msgs_vendor:/opt/ros/jazzy/opt/gz_common_vendor:/opt/ros/jazzy/opt/gz_math_vendor:/opt/ros/jazzy/opt/gz_utils_vendor:/opt/ros/jazzy/opt/gz_tools_vendor:/opt/ros/jazzy/opt/gz_ogre_next_vendor:/opt/ros/jazzy/opt/gz_dartsim_vendor:/opt/ros/jazzy/opt/gz_cmake_vendor'}, 'shell': False}
[15.584276] (system) Command: {'cmd': ['/usr/bin/python3', '-W', 'ignore:setup.py install is deprecated', '-W', 'ignore:easy_install command is deprecated', 'setup.py', 'develop', '--editable', '--build-directory', '/home/orsted/AGV_EEPIS/build/system/build', '--no-deps', 'symlink_data'], 'cwd': '/home/orsted/AGV_EEPIS/build/system', 'env': {'VNCDESKTOP': 'orsted:2 (orsted)', 'LESSOPEN': '| /usr/bin/lesspipe %s', 'GZ_SIM_RESOURCE_PATH': '/opt/ros/jazzy/share', 'USER': 'orsted', 'SSH_CLIENT': '192.168.137.1 62233 22', 'GZ_CONFIG_PATH': '/opt/ros/jazzy/opt/gz_sim_vendor/share/gz:/opt/ros/jazzy/opt/sdformat_vendor/share/gz:/opt/ros/jazzy/opt/gz_gui_vendor/share/gz:/opt/ros/jazzy/opt/gz_transport_vendor/share/gz:/opt/ros/jazzy/opt/gz_rendering_vendor/share/gz:/opt/ros/jazzy/opt/gz_plugin_vendor/share/gz:/opt/ros/jazzy/opt/gz_fuel_tools_vendor/share/gz:/opt/ros/jazzy/opt/gz_msgs_vendor/share/gz:/opt/ros/jazzy/opt/gz_common_vendor/share/gz', 'SSH_AGENT_PID': '8899', 'XDG_SESSION_TYPE': 'x11', 'GIT_ASKPASS': '/home/orsted/.vscode-server/cli/servers/Stable-7debcd0e2acdea1c52de81bf9ee1620444407dda/server/extensions/git/dist/askpass.sh', 'SHLVL': '1', 'LD_LIBRARY_PATH': '/usr/local/cuda-13.2/lib64:/usr/local/cuda-13.2/lib64:/opt/ros/jazzy/opt/gz_sim_vendor/lib:/opt/ros/jazzy/opt/gz_sensors_vendor/lib:/opt/ros/jazzy/opt/gz_physics_vendor/lib:/opt/ros/jazzy/opt/sdformat_vendor/lib:/opt/ros/jazzy/opt/rviz_ogre_vendor/lib:/opt/ros/jazzy/lib/aarch64-linux-gnu:/opt/ros/jazzy/opt/gz_gui_vendor/lib:/opt/ros/jazzy/opt/gz_transport_vendor/lib:/opt/ros/jazzy/opt/gz_rendering_vendor/lib:/opt/ros/jazzy/opt/gz_plugin_vendor/lib:/opt/ros/jazzy/opt/gz_fuel_tools_vendor/lib:/opt/ros/jazzy/opt/gz_msgs_vendor/lib:/opt/ros/jazzy/opt/gz_common_vendor/lib:/opt/ros/jazzy/opt/gz_math_vendor/lib:/opt/ros/jazzy/opt/gz_utils_vendor/lib:/opt/ros/jazzy/opt/gz_tools_vendor/lib:/opt/ros/jazzy/opt/gz_ogre_next_vendor/lib:/opt/ros/jazzy/opt/gz_dartsim_vendor/lib:/opt/ros/jazzy/opt/gz_cmake_vendor/lib:/opt/ros/jazzy/lib:/usr/local/cuda-13.2/lib64:', 'BROWSER': '/home/orsted/.vscode-server/cli/servers/Stable-7debcd0e2acdea1c52de81bf9ee1620444407dda/server/bin/helpers/browser.sh', 'HOME': '/home/orsted', 'DESKTOP_SESSION': 'xfce', 'VSCODE_IPC_HOOK_CLI': '/run/user/1000/vscode-ipc-cc2dc662-49e5-42f8-aa3b-35ec80433977.sock', 'PANEL_GDK_CORE_DEVICE_EVENTS': '0', 'ROS_PYTHON_VERSION': '3', 'VSCODE_GIT_ASKPASS_MAIN': '/home/orsted/.vscode-server/cli/servers/Stable-7debcd0e2acdea1c52de81bf9ee1620444407dda/server/extensions/git/dist/askpass-main.js', 'VSCODE_GIT_ASKPASS_NODE': '/home/orsted/.vscode-server/cli/servers/Stable-7debcd0e2acdea1c52de81bf9ee1620444407dda/server/node', 'VSCODE_PYTHON_AUTOACTIVATE_GUARD': '1', 'DBUS_SESSION_BUS_ADDRESS': 'unix:path=/tmp/dbus-myeODg71Z4,guid=546e82a075626b48ad1da50d6ab1ec60', 'COLORTERM': 'truecolor', 'DEBUGINFOD_URLS': 'https://debuginfod.ubuntu.com', 'COLCON_PREFIX_PATH': '/home/orsted/AGV_EEPIS/install:/home/orsted/ascam_ros2_ws/install', 'ROS_DISTRO': 'jazzy', 'LOGNAME': 'orsted', '_': '/usr/bin/colcon', 'ROS_VERSION': '2', 'XDG_SESSION_CLASS': 'user', 'TERM': 'xterm-256color', 'XDG_SESSION_ID': '3', 'PATH': '/usr/local/cuda-13.2/bin:/usr/local/cuda-13.2/bin:/home/orsted/.vscode-server/cli/servers/Stable-7debcd0e2acdea1c52de81bf9ee1620444407dda/server/bin/remote-cli:/opt/ros/jazzy/opt/gz_msgs_vendor/bin:/opt/ros/jazzy/opt/gz_tools_vendor/bin:/opt/ros/jazzy/opt/gz_ogre_next_vendor/bin:/opt/ros/jazzy/bin:/usr/local/cuda-13.2/bin:/usr/local/sbin:/usr/local/bin:/usr/sbin:/usr/bin:/sbin:/bin:/usr/games:/usr/local/games:/snap/bin', 'SESSION_MANAGER': 'local/orsted:@/tmp/.ICE-unix/8848,unix/orsted:/tmp/.ICE-unix/8848', 'XDG_MENU_PREFIX': 'xfce-', 'GNOME_TERMINAL_SCREEN': '/org/gnome/Terminal/screen/707f9a9e_9b41_4d91_94a5_2c13f60cebb0', 'XDG_RUNTIME_DIR': '/run/user/1000', 'DISPLAY': ':2.0', 'LANG': 'en_US.UTF-8', 'XDG_CURRENT_DESKTOP': 'XFCE', 'LS_COLORS': 'rs=0:di=01;34:ln=01;36:mh=00:pi=40;33:so=01;35:do=01;35:bd=40;33;01:cd=40;33;01:or=40;31;01:mi=00:su=37;41:sg=30;43:ca=00:tw=30;42:ow=34;42:st=37;44:ex=01;32:*.tar=01;31:*.tgz=01;31:*.arc=01;31:*.arj=01;31:*.taz=01;31:*.lha=01;31:*.lz4=01;31:*.lzh=01;31:*.lzma=01;31:*.tlz=01;31:*.txz=01;31:*.tzo=01;31:*.t7z=01;31:*.zip=01;31:*.z=01;31:*.dz=01;31:*.gz=01;31:*.lrz=01;31:*.lz=01;31:*.lzo=01;31:*.xz=01;31:*.zst=01;31:*.tzst=01;31:*.bz2=01;31:*.bz=01;31:*.tbz=01;31:*.tbz2=01;31:*.tz=01;31:*.deb=01;31:*.rpm=01;31:*.jar=01;31:*.war=01;31:*.ear=01;31:*.sar=01;31:*.rar=01;31:*.alz=01;31:*.ace=01;31:*.zoo=01;31:*.cpio=01;31:*.7z=01;31:*.rz=01;31:*.cab=01;31:*.wim=01;31:*.swm=01;31:*.dwm=01;31:*.esd=01;31:*.avif=01;35:*.jpg=01;35:*.jpeg=01;35:*.mjpg=01;35:*.mjpeg=01;35:*.gif=01;35:*.bmp=01;35:*.pbm=01;35:*.pgm=01;35:*.ppm=01;35:*.tga=01;35:*.xbm=01;35:*.xpm=01;35:*.tif=01;35:*.tiff=01;35:*.png=01;35:*.svg=01;35:*.svgz=01;35:*.mng=01;35:*.pcx=01;35:*.mov=01;35:*.mpg=01;35:*.mpeg=01;35:*.m2v=01;35:*.mkv=01;35:*.webm=01;35:*.webp=01;35:*.ogm=01;35:*.mp4=01;35:*.m4v=01;35:*.mp4v=01;35:*.vob=01;35:*.qt=01;35:*.nuv=01;35:*.wmv=01;35:*.asf=01;35:*.rm=01;35:*.rmvb=01;35:*.flc=01;35:*.avi=01;35:*.fli=01;35:*.flv=01;35:*.gl=01;35:*.dl=01;35:*.xcf=01;35:*.xwd=01;35:*.yuv=01;35:*.cgm=01;35:*.emf=01;35:*.ogv=01;35:*.ogx=01;35:*.aac=00;36:*.au=00;36:*.flac=00;36:*.m4a=00;36:*.mid=00;36:*.midi=00;36:*.mka=00;36:*.mp3=00;36:*.mpc=00;36:*.ogg=00;36:*.ra=00;36:*.wav=00;36:*.oga=00;36:*.opus=00;36:*.spx=00;36:*.xspf=00;36:*~=00;90:*#=00;90:*.bak=00;90:*.crdownload=00;90:*.dpkg-dist=00;90:*.dpkg-new=00;90:*.dpkg-old=00;90:*.dpkg-tmp=00;90:*.old=00;90:*.orig=00;90:*.part=00;90:*.rej=00;90:*.rpmnew=00;90:*.rpmorig=00;90:*.rpmsave=00;90:*.swp=00;90:*.tmp=00;90:*.ucf-dist=00;90:*.ucf-new=00;90:*.ucf-old=00;90:', 'VSCODE_GIT_IPC_HANDLE': '/run/user/1000/vscode-git-f13100ddb5.sock', 'GNOME_TERMINAL_SERVICE': ':1.49', 'SSH_AUTH_SOCK': '/tmp/ssh-YuvaTmZ1RxKX/agent.8898', 'AMENT_PREFIX_PATH': '/home/orsted/AGV_EEPIS/install/ultrasonic:/home/orsted/AGV_EEPIS/install/system:/home/orsted/AGV_EEPIS/install/slam:/home/orsted/AGV_EEPIS/install/remote:/home/orsted/AGV_EEPIS/install/drive_controller:/home/orsted/AGV_EEPIS/install/ddmr_description:/home/orsted/AGV_EEPIS/install/canbus:/home/orsted/AGV_EEPIS/install/bringup:/home/orsted/AGV_EEPIS/install/ascamera:/home/orsted/AGV_EEPIS/install/agv_description:/home/orsted/ascam_ros2_ws/install/ascamera:/opt/ros/jazzy', 'SHELL': '/bin/bash', 'LESSCLOSE': '/usr/bin/lesspipe %s %s', 'LC_ALLL': 'en_US.UTF-8', 'ROS_AUTOMATIC_DISCOVERY_RANGE': 'SUBNET', 'VSCODE_GIT_ASKPASS_EXTRA_ARGS': '', 'PWD': '/home/orsted/AGV_EEPIS/build/system', 'XDG_CONFIG_DIRS': '/etc/xdg/xdg-xfce:/etc/xdg', 'SSH_CONNECTION': '192.168.137.1 62233 192.168.137.60 22', 'XDG_DATA_DIRS': '/usr/share/xfce4:/usr/share:/usr/local/share:/usr/share', 'PYTHONPATH': '/home/orsted/AGV_EEPIS/build/system/prefix_override:/usr/lib/python3/dist-packages/colcon_core/task/python/colcon_distutils_commands:/home/orsted/AGV_EEPIS/install/system/lib/python3.12/site-packages:/home/orsted/AGV_EEPIS/build/ultrasonic:/home/orsted/AGV_EEPIS/install/ultrasonic/lib/python3.12/site-packages:/home/orsted/AGV_EEPIS/build/system:/home/orsted/AGV_EEPIS/install/system/lib/python3.12/site-packages:/home/orsted/AGV_EEPIS/build/slam:/home/orsted/AGV_EEPIS/install/slam/lib/python3.12/site-packages:/home/orsted/AGV_EEPIS/build/remote:/home/orsted/AGV_EEPIS/install/remote/lib/python3.12/site-packages:/home/orsted/AGV_EEPIS/build/drive_controller:/home/orsted/AGV_EEPIS/install/drive_controller/lib/python3.12/site-packages:/home/orsted/AGV_EEPIS/build/ddmr_description:/home/orsted/AGV_EEPIS/install/ddmr_description/lib/python3.12/site-packages:/home/orsted/AGV_EEPIS/build/canbus:/home/orsted/AGV_EEPIS/install/canbus/lib/python3.12/site-packages:/home/orsted/AGV_EEPIS/build/bringup:/home/orsted/AGV_EEPIS/install/bringup/lib/python3.12/site-packages:/home/orsted/AGV_EEPIS/build/agv_description:/home/orsted/AGV_EEPIS/install/agv_description/lib/python3.12/site-packages:/opt/ros/jazzy/lib/python3.12/site-packages', 'COLCON': '1', 'VTE_VERSION': '7600', 'CMAKE_PREFIX_PATH': '/home/orsted/AGV_EEPIS/install/ascamera:/home/orsted/ascam_ros2_ws/install/ascamera:/opt/ros/jazzy/opt/gz_sim_vendor:/opt/ros/jazzy/opt/gz_sensors_vendor:/opt/ros/jazzy/opt/gz_physics_vendor:/opt/ros/jazzy/opt/sdformat_vendor:/opt/ros/jazzy/opt/gz_gui_vendor:/opt/ros/jazzy/opt/gz_transport_vendor:/opt/ros/jazzy/opt/gz_rendering_vendor:/opt/ros/jazzy/opt/gz_plugin_vendor:/opt/ros/jazzy/opt/gz_fuel_tools_vendor:/opt/ros/jazzy/opt/gz_msgs_vendor:/opt/ros/jazzy/opt/gz_common_vendor:/opt/ros/jazzy/opt/gz_math_vendor:/opt/ros/jazzy/opt/gz_utils_vendor:/opt/ros/jazzy/opt/gz_tools_vendor:/opt/ros/jazzy/opt/gz_ogre_next_vendor:/opt/ros/jazzy/opt/gz_dartsim_vendor:/opt/ros/jazzy/opt/gz_cmake_vendor'}, 'shell': False}
[15.599246] (-) TimerEvent: {}
[15.617802] (remote) StdoutLine: {'line': b'running build_ext\n'}
[15.618656] (remote) StdoutLine: {'line': b'Creating /home/orsted/AGV_EEPIS/install/remote/lib/python3.12/site-packages/remote.egg-link (link to .)\n'}
[15.620450] (remote) StdoutLine: {'line': b'Installing radio_node script to /home/orsted/AGV_EEPIS/install/remote/lib/remote\n'}
[15.621526] (remote) StdoutLine: {'line': b'\n'}
[15.621811] (remote) StdoutLine: {'line': b'Installed /home/orsted/AGV_EEPIS/build/remote\n'}
[15.622080] (remote) StdoutLine: {'line': b'running symlink_data\n'}
[15.622447] (remote) StdoutLine: {'line': b'creating /home/orsted/AGV_EEPIS/install/remote/share/ament_index\n'}
[15.622790] (remote) StdoutLine: {'line': b'creating /home/orsted/AGV_EEPIS/install/remote/share/ament_index/resource_index\n'}
[15.623598] (remote) StdoutLine: {'line': b'creating /home/orsted/AGV_EEPIS/install/remote/share/ament_index/resource_index/packages\n'}
[15.624182] (remote) StdoutLine: {'line': b'symbolically linking /home/orsted/AGV_EEPIS/build/remote/resource/remote -> /home/orsted/AGV_EEPIS/install/remote/share/ament_index/resource_index/packages\n'}
[15.624398] (remote) StdoutLine: {'line': b'symbolically linking /home/orsted/AGV_EEPIS/build/remote/package.xml -> /home/orsted/AGV_EEPIS/install/remote/share/remote\n'}
[15.624585] (remote) StdoutLine: {'line': b'creating /home/orsted/AGV_EEPIS/install/remote/share/remote/launch\n'}
[15.624741] (remote) StdoutLine: {'line': b'symbolically linking /home/orsted/AGV_EEPIS/build/remote/launch/ps4_remote.launch.py -> /home/orsted/AGV_EEPIS/install/remote/share/remote/launch\n'}
[15.626492] (remote) StdoutLine: {'line': b'symbolically linking /home/orsted/AGV_EEPIS/build/remote/launch/radiomaster_ER6.launch.py -> /home/orsted/AGV_EEPIS/install/remote/share/remote/launch\n'}
[15.626944] (remote) StdoutLine: {'line': b'creating /home/orsted/AGV_EEPIS/install/remote/share/remote/params\n'}
[15.627122] (remote) StdoutLine: {'line': b'symbolically linking /home/orsted/AGV_EEPIS/build/remote/params/ps4_teleop.yaml -> /home/orsted/AGV_EEPIS/install/remote/share/remote/params\n'}
[15.699509] (-) TimerEvent: {}
[15.708362] (slam) Command: {'cmd': ['/usr/bin/python3', '-W', 'ignore:setup.py install is deprecated', '-W', 'ignore:easy_install command is deprecated', 'setup.py', 'develop', '--editable', '--build-directory', '/home/orsted/AGV_EEPIS/build/slam/build', '--no-deps', 'symlink_data'], 'cwd': '/home/orsted/AGV_EEPIS/build/slam', 'env': {'VNCDESKTOP': 'orsted:2 (orsted)', 'LESSOPEN': '| /usr/bin/lesspipe %s', 'GZ_SIM_RESOURCE_PATH': '/opt/ros/jazzy/share', 'USER': 'orsted', 'SSH_CLIENT': '192.168.137.1 62233 22', 'GZ_CONFIG_PATH': '/opt/ros/jazzy/opt/gz_sim_vendor/share/gz:/opt/ros/jazzy/opt/sdformat_vendor/share/gz:/opt/ros/jazzy/opt/gz_gui_vendor/share/gz:/opt/ros/jazzy/opt/gz_transport_vendor/share/gz:/opt/ros/jazzy/opt/gz_rendering_vendor/share/gz:/opt/ros/jazzy/opt/gz_plugin_vendor/share/gz:/opt/ros/jazzy/opt/gz_fuel_tools_vendor/share/gz:/opt/ros/jazzy/opt/gz_msgs_vendor/share/gz:/opt/ros/jazzy/opt/gz_common_vendor/share/gz', 'SSH_AGENT_PID': '8899', 'XDG_SESSION_TYPE': 'x11', 'GIT_ASKPASS': '/home/orsted/.vscode-server/cli/servers/Stable-7debcd0e2acdea1c52de81bf9ee1620444407dda/server/extensions/git/dist/askpass.sh', 'SHLVL': '1', 'LD_LIBRARY_PATH': '/usr/local/cuda-13.2/lib64:/usr/local/cuda-13.2/lib64:/opt/ros/jazzy/opt/gz_sim_vendor/lib:/opt/ros/jazzy/opt/gz_sensors_vendor/lib:/opt/ros/jazzy/opt/gz_physics_vendor/lib:/opt/ros/jazzy/opt/sdformat_vendor/lib:/opt/ros/jazzy/opt/rviz_ogre_vendor/lib:/opt/ros/jazzy/lib/aarch64-linux-gnu:/opt/ros/jazzy/opt/gz_gui_vendor/lib:/opt/ros/jazzy/opt/gz_transport_vendor/lib:/opt/ros/jazzy/opt/gz_rendering_vendor/lib:/opt/ros/jazzy/opt/gz_plugin_vendor/lib:/opt/ros/jazzy/opt/gz_fuel_tools_vendor/lib:/opt/ros/jazzy/opt/gz_msgs_vendor/lib:/opt/ros/jazzy/opt/gz_common_vendor/lib:/opt/ros/jazzy/opt/gz_math_vendor/lib:/opt/ros/jazzy/opt/gz_utils_vendor/lib:/opt/ros/jazzy/opt/gz_tools_vendor/lib:/opt/ros/jazzy/opt/gz_ogre_next_vendor/lib:/opt/ros/jazzy/opt/gz_dartsim_vendor/lib:/opt/ros/jazzy/opt/gz_cmake_vendor/lib:/opt/ros/jazzy/lib:/usr/local/cuda-13.2/lib64:', 'BROWSER': '/home/orsted/.vscode-server/cli/servers/Stable-7debcd0e2acdea1c52de81bf9ee1620444407dda/server/bin/helpers/browser.sh', 'HOME': '/home/orsted', 'DESKTOP_SESSION': 'xfce', 'VSCODE_IPC_HOOK_CLI': '/run/user/1000/vscode-ipc-cc2dc662-49e5-42f8-aa3b-35ec80433977.sock', 'PANEL_GDK_CORE_DEVICE_EVENTS': '0', 'ROS_PYTHON_VERSION': '3', 'VSCODE_GIT_ASKPASS_MAIN': '/home/orsted/.vscode-server/cli/servers/Stable-7debcd0e2acdea1c52de81bf9ee1620444407dda/server/extensions/git/dist/askpass-main.js', 'VSCODE_GIT_ASKPASS_NODE': '/home/orsted/.vscode-server/cli/servers/Stable-7debcd0e2acdea1c52de81bf9ee1620444407dda/server/node', 'VSCODE_PYTHON_AUTOACTIVATE_GUARD': '1', 'DBUS_SESSION_BUS_ADDRESS': 'unix:path=/tmp/dbus-myeODg71Z4,guid=546e82a075626b48ad1da50d6ab1ec60', 'COLORTERM': 'truecolor', 'DEBUGINFOD_URLS': 'https://debuginfod.ubuntu.com', 'COLCON_PREFIX_PATH': '/home/orsted/AGV_EEPIS/install:/home/orsted/ascam_ros2_ws/install', 'ROS_DISTRO': 'jazzy', 'LOGNAME': 'orsted', '_': '/usr/bin/colcon', 'ROS_VERSION': '2', 'XDG_SESSION_CLASS': 'user', 'TERM': 'xterm-256color', 'XDG_SESSION_ID': '3', 'PATH': '/usr/local/cuda-13.2/bin:/usr/local/cuda-13.2/bin:/home/orsted/.vscode-server/cli/servers/Stable-7debcd0e2acdea1c52de81bf9ee1620444407dda/server/bin/remote-cli:/opt/ros/jazzy/opt/gz_msgs_vendor/bin:/opt/ros/jazzy/opt/gz_tools_vendor/bin:/opt/ros/jazzy/opt/gz_ogre_next_vendor/bin:/opt/ros/jazzy/bin:/usr/local/cuda-13.2/bin:/usr/local/sbin:/usr/local/bin:/usr/sbin:/usr/bin:/sbin:/bin:/usr/games:/usr/local/games:/snap/bin', 'SESSION_MANAGER': 'local/orsted:@/tmp/.ICE-unix/8848,unix/orsted:/tmp/.ICE-unix/8848', 'XDG_MENU_PREFIX': 'xfce-', 'GNOME_TERMINAL_SCREEN': '/org/gnome/Terminal/screen/707f9a9e_9b41_4d91_94a5_2c13f60cebb0', 'XDG_RUNTIME_DIR': '/run/user/1000', 'DISPLAY': ':2.0', 'LANG': 'en_US.UTF-8', 'XDG_CURRENT_DESKTOP': 'XFCE', 'LS_COLORS': 'rs=0:di=01;34:ln=01;36:mh=00:pi=40;33:so=01;35:do=01;35:bd=40;33;01:cd=40;33;01:or=40;31;01:mi=00:su=37;41:sg=30;43:ca=00:tw=30;42:ow=34;42:st=37;44:ex=01;32:*.tar=01;31:*.tgz=01;31:*.arc=01;31:*.arj=01;31:*.taz=01;31:*.lha=01;31:*.lz4=01;31:*.lzh=01;31:*.lzma=01;31:*.tlz=01;31:*.txz=01;31:*.tzo=01;31:*.t7z=01;31:*.zip=01;31:*.z=01;31:*.dz=01;31:*.gz=01;31:*.lrz=01;31:*.lz=01;31:*.lzo=01;31:*.xz=01;31:*.zst=01;31:*.tzst=01;31:*.bz2=01;31:*.bz=01;31:*.tbz=01;31:*.tbz2=01;31:*.tz=01;31:*.deb=01;31:*.rpm=01;31:*.jar=01;31:*.war=01;31:*.ear=01;31:*.sar=01;31:*.rar=01;31:*.alz=01;31:*.ace=01;31:*.zoo=01;31:*.cpio=01;31:*.7z=01;31:*.rz=01;31:*.cab=01;31:*.wim=01;31:*.swm=01;31:*.dwm=01;31:*.esd=01;31:*.avif=01;35:*.jpg=01;35:*.jpeg=01;35:*.mjpg=01;35:*.mjpeg=01;35:*.gif=01;35:*.bmp=01;35:*.pbm=01;35:*.pgm=01;35:*.ppm=01;35:*.tga=01;35:*.xbm=01;35:*.xpm=01;35:*.tif=01;35:*.tiff=01;35:*.png=01;35:*.svg=01;35:*.svgz=01;35:*.mng=01;35:*.pcx=01;35:*.mov=01;35:*.mpg=01;35:*.mpeg=01;35:*.m2v=01;35:*.mkv=01;35:*.webm=01;35:*.webp=01;35:*.ogm=01;35:*.mp4=01;35:*.m4v=01;35:*.mp4v=01;35:*.vob=01;35:*.qt=01;35:*.nuv=01;35:*.wmv=01;35:*.asf=01;35:*.rm=01;35:*.rmvb=01;35:*.flc=01;35:*.avi=01;35:*.fli=01;35:*.flv=01;35:*.gl=01;35:*.dl=01;35:*.xcf=01;35:*.xwd=01;35:*.yuv=01;35:*.cgm=01;35:*.emf=01;35:*.ogv=01;35:*.ogx=01;35:*.aac=00;36:*.au=00;36:*.flac=00;36:*.m4a=00;36:*.mid=00;36:*.midi=00;36:*.mka=00;36:*.mp3=00;36:*.mpc=00;36:*.ogg=00;36:*.ra=00;36:*.wav=00;36:*.oga=00;36:*.opus=00;36:*.spx=00;36:*.xspf=00;36:*~=00;90:*#=00;90:*.bak=00;90:*.crdownload=00;90:*.dpkg-dist=00;90:*.dpkg-new=00;90:*.dpkg-old=00;90:*.dpkg-tmp=00;90:*.old=00;90:*.orig=00;90:*.part=00;90:*.rej=00;90:*.rpmnew=00;90:*.rpmorig=00;90:*.rpmsave=00;90:*.swp=00;90:*.tmp=00;90:*.ucf-dist=00;90:*.ucf-new=00;90:*.ucf-old=00;90:', 'VSCODE_GIT_IPC_HANDLE': '/run/user/1000/vscode-git-f13100ddb5.sock', 'GNOME_TERMINAL_SERVICE': ':1.49', 'SSH_AUTH_SOCK': '/tmp/ssh-YuvaTmZ1RxKX/agent.8898', 'AMENT_PREFIX_PATH': '/home/orsted/AGV_EEPIS/install/ultrasonic:/home/orsted/AGV_EEPIS/install/system:/home/orsted/AGV_EEPIS/install/slam:/home/orsted/AGV_EEPIS/install/remote:/home/orsted/AGV_EEPIS/install/drive_controller:/home/orsted/AGV_EEPIS/install/ddmr_description:/home/orsted/AGV_EEPIS/install/canbus:/home/orsted/AGV_EEPIS/install/bringup:/home/orsted/AGV_EEPIS/install/ascamera:/home/orsted/AGV_EEPIS/install/agv_description:/home/orsted/ascam_ros2_ws/install/ascamera:/opt/ros/jazzy', 'SHELL': '/bin/bash', 'LESSCLOSE': '/usr/bin/lesspipe %s %s', 'LC_ALLL': 'en_US.UTF-8', 'ROS_AUTOMATIC_DISCOVERY_RANGE': 'SUBNET', 'VSCODE_GIT_ASKPASS_EXTRA_ARGS': '', 'PWD': '/home/orsted/AGV_EEPIS/build/slam', 'XDG_CONFIG_DIRS': '/etc/xdg/xdg-xfce:/etc/xdg', 'SSH_CONNECTION': '192.168.137.1 62233 192.168.137.60 22', 'XDG_DATA_DIRS': '/usr/share/xfce4:/usr/share:/usr/local/share:/usr/share', 'PYTHONPATH': '/home/orsted/AGV_EEPIS/build/slam/prefix_override:/usr/lib/python3/dist-packages/colcon_core/task/python/colcon_distutils_commands:/home/orsted/AGV_EEPIS/install/slam/lib/python3.12/site-packages:/home/orsted/AGV_EEPIS/build/ultrasonic:/home/orsted/AGV_EEPIS/install/ultrasonic/lib/python3.12/site-packages:/home/orsted/AGV_EEPIS/build/system:/home/orsted/AGV_EEPIS/install/system/lib/python3.12/site-packages:/home/orsted/AGV_EEPIS/build/slam:/home/orsted/AGV_EEPIS/install/slam/lib/python3.12/site-packages:/home/orsted/AGV_EEPIS/build/remote:/home/orsted/AGV_EEPIS/install/remote/lib/python3.12/site-packages:/home/orsted/AGV_EEPIS/build/drive_controller:/home/orsted/AGV_EEPIS/install/drive_controller/lib/python3.12/site-packages:/home/orsted/AGV_EEPIS/build/ddmr_description:/home/orsted/AGV_EEPIS/install/ddmr_description/lib/python3.12/site-packages:/home/orsted/AGV_EEPIS/build/canbus:/home/orsted/AGV_EEPIS/install/canbus/lib/python3.12/site-packages:/home/orsted/AGV_EEPIS/build/bringup:/home/orsted/AGV_EEPIS/install/bringup/lib/python3.12/site-packages:/home/orsted/AGV_EEPIS/build/agv_description:/home/orsted/AGV_EEPIS/install/agv_description/lib/python3.12/site-packages:/opt/ros/jazzy/lib/python3.12/site-packages', 'COLCON': '1', 'VTE_VERSION': '7600', 'CMAKE_PREFIX_PATH': '/home/orsted/AGV_EEPIS/install/ascamera:/home/orsted/ascam_ros2_ws/install/ascamera:/opt/ros/jazzy/opt/gz_sim_vendor:/opt/ros/jazzy/opt/gz_sensors_vendor:/opt/ros/jazzy/opt/gz_physics_vendor:/opt/ros/jazzy/opt/sdformat_vendor:/opt/ros/jazzy/opt/gz_gui_vendor:/opt/ros/jazzy/opt/gz_transport_vendor:/opt/ros/jazzy/opt/gz_rendering_vendor:/opt/ros/jazzy/opt/gz_plugin_vendor:/opt/ros/jazzy/opt/gz_fuel_tools_vendor:/opt/ros/jazzy/opt/gz_msgs_vendor:/opt/ros/jazzy/opt/gz_common_vendor:/opt/ros/jazzy/opt/gz_math_vendor:/opt/ros/jazzy/opt/gz_utils_vendor:/opt/ros/jazzy/opt/gz_tools_vendor:/opt/ros/jazzy/opt/gz_ogre_next_vendor:/opt/ros/jazzy/opt/gz_dartsim_vendor:/opt/ros/jazzy/opt/gz_cmake_vendor'}, 'shell': False}
[15.799947] (-) TimerEvent: {}
[15.874439] (remote) CommandEnded: {'returncode': 0}
[15.895989] (remote) JobEnded: {'identifier': 'remote', 'rc': 0}
[15.900130] (-) TimerEvent: {}
[16.000985] (-) TimerEvent: {}
[16.101844] (-) TimerEvent: {}
[16.204023] (-) TimerEvent: {}
[16.304873] (-) TimerEvent: {}
[16.373243] (ascamera) StdoutLine: {'line': b'-- Found PCL_COMMON: /usr/lib/aarch64-linux-gnu/libpcl_common.so  \n'}
[16.376272] (ascamera) StdoutLine: {'line': b'-- Found PCL_KDTREE: /usr/lib/aarch64-linux-gnu/libpcl_kdtree.so  \n'}
[16.378918] (ascamera) StdoutLine: {'line': b'-- Found PCL_OCTREE: /usr/lib/aarch64-linux-gnu/libpcl_octree.so  \n'}
[16.381960] (ascamera) StdoutLine: {'line': b'-- Found PCL_SEARCH: /usr/lib/aarch64-linux-gnu/libpcl_search.so  \n'}
[16.384462] (ascamera) StdoutLine: {'line': b'-- Found PCL_SAMPLE_CONSENSUS: /usr/lib/aarch64-linux-gnu/libpcl_sample_consensus.so  \n'}
[16.387138] (ascamera) StdoutLine: {'line': b'-- Found PCL_FILTERS: /usr/lib/aarch64-linux-gnu/libpcl_filters.so  \n'}
[16.388379] (ascamera) StdoutLine: {'line': b'-- Found PCL_2D: /usr/include/pcl-1.14  \n'}
[16.389457] (ascamera) StdoutLine: {'line': b'-- Found PCL_GEOMETRY: /usr/include/pcl-1.14  \n'}
[16.392171] (ascamera) StdoutLine: {'line': b'-- Found PCL_IO: /usr/lib/aarch64-linux-gnu/libpcl_io.so  \n'}
[16.395049] (ascamera) StdoutLine: {'line': b'-- Found PCL_FEATURES: /usr/lib/aarch64-linux-gnu/libpcl_features.so  \n'}
[16.397969] (ascamera) StdoutLine: {'line': b'-- Found PCL_ML: /usr/lib/aarch64-linux-gnu/libpcl_ml.so  \n'}
[16.400590] (ascamera) StdoutLine: {'line': b'-- Found PCL_SEGMENTATION: /usr/lib/aarch64-linux-gnu/libpcl_segmentation.so  \n'}
[16.403508] (ascamera) StdoutLine: {'line': b'-- Found PCL_VISUALIZATION: /usr/lib/aarch64-linux-gnu/libpcl_visualization.so  \n'}
[16.404930] (-) TimerEvent: {}
[16.407565] (ascamera) StdoutLine: {'line': b'-- Found PCL_SURFACE: /usr/lib/aarch64-linux-gnu/libpcl_surface.so  \n'}
[16.410503] (ascamera) StdoutLine: {'line': b'-- Found PCL_REGISTRATION: /usr/lib/aarch64-linux-gnu/libpcl_registration.so  \n'}
[16.413952] (ascamera) StdoutLine: {'line': b'-- Found PCL_KEYPOINTS: /usr/lib/aarch64-linux-gnu/libpcl_keypoints.so  \n'}
[16.417140] (ascamera) StdoutLine: {'line': b'-- Found PCL_TRACKING: /usr/lib/aarch64-linux-gnu/libpcl_tracking.so  \n'}
[16.420040] (ascamera) StdoutLine: {'line': b'-- Found PCL_RECOGNITION: /usr/lib/aarch64-linux-gnu/libpcl_recognition.so  \n'}
[16.423283] (ascamera) StdoutLine: {'line': b'-- Found PCL_STEREO: /usr/lib/aarch64-linux-gnu/libpcl_stereo.so  \n'}
[16.426330] (ascamera) StdoutLine: {'line': b'-- Found PCL_APPS: /usr/lib/aarch64-linux-gnu/libpcl_apps.so  \n'}
[16.428727] (ascamera) StdoutLine: {'line': b'-- Found PCL_IN_HAND_SCANNER: /usr/include/pcl-1.14  \n'}
[16.429760] (ascamera) StdoutLine: {'line': b'-- Found PCL_MODELER: /usr/include/pcl-1.14  \n'}
[16.433000] (ascamera) StdoutLine: {'line': b'-- Found PCL_POINT_CLOUD_EDITOR: /usr/include/pcl-1.14  \n'}
[16.437059] (ascamera) StdoutLine: {'line': b'-- Found PCL_OUTOFCORE: /usr/lib/aarch64-linux-gnu/libpcl_outofcore.so  \n'}
[16.439095] (ascamera) StdoutLine: {'line': b'-- Found PCL_PEOPLE: /usr/lib/aarch64-linux-gnu/libpcl_people.so  \n'}
[16.444819] (ascamera) StderrLine: {'line': b'\x1b[33mCMake Warning (dev) at CMakeLists.txt:40 (find_package):\n'}
[16.445211] (ascamera) StderrLine: {'line': b'  Policy CMP0074 is not set: find_package uses <PackageName>_ROOT variables.\n'}
[16.445404] (ascamera) StderrLine: {'line': b'  Run "cmake --help-policy CMP0074" for policy details.  Use the cmake_policy\n'}
[16.445575] (ascamera) StderrLine: {'line': b'  command to set the policy and suppress this warning.\n'}
[16.445741] (ascamera) StderrLine: {'line': b'\n'}
[16.445902] (ascamera) StderrLine: {'line': b'  CMake variable PCL_ROOT is set to:\n'}
[16.446059] (ascamera) StderrLine: {'line': b'\n'}
[16.446212] (ascamera) StderrLine: {'line': b'    /usr\n'}
[16.446417] (ascamera) StderrLine: {'line': b'\n'}
[16.446571] (ascamera) StderrLine: {'line': b'  For compatibility, CMake is ignoring the variable.\n'}
[16.446722] (ascamera) StderrLine: {'line': b'This warning is for project developers.  Use -Wno-dev to suppress it.\n'}
[16.447038] (ascamera) StderrLine: {'line': b'\x1b[0m\n'}
[16.480230] (ascamera) StdoutLine: {'line': b'-- Found tf2: 0.36.21 (/opt/ros/jazzy/share/tf2/cmake)\n'}
[16.502909] (ascamera) StdoutLine: {'line': b'-- Found tf2_ros: 0.36.21 (/opt/ros/jazzy/share/tf2_ros/cmake)\n'}
[16.505048] (-) TimerEvent: {}
[16.571856] (system) StdoutLine: {'line': b'running develop\n'}
[16.595664] (ultrasonic) StdoutLine: {'line': b'running develop\n'}
[16.605209] (-) TimerEvent: {}
[16.705894] (-) TimerEvent: {}
[16.767293] (slam) StdoutLine: {'line': b'running develop\n'}
[16.806060] (-) TimerEvent: {}
[16.907167] (-) TimerEvent: {}
[16.918728] (ascamera) StdoutLine: {'line': b'-- Found ament_lint_auto: 0.17.5 (/opt/ros/jazzy/share/ament_lint_auto/cmake)\n'}
[17.007358] (-) TimerEvent: {}
[17.108227] (-) TimerEvent: {}
[17.160720] (system) StdoutLine: {'line': b'running egg_info\n'}
[17.161584] (system) StdoutLine: {'line': b'creating system.egg-info\n'}
[17.208303] (-) TimerEvent: {}
[17.221549] (system) StdoutLine: {'line': b'writing system.egg-info/PKG-INFO\n'}
[17.222313] (system) StdoutLine: {'line': b'writing dependency_links to system.egg-info/dependency_links.txt\n'}
[17.222832] (ultrasonic) StdoutLine: {'line': b'running egg_info\n'}
[17.223106] (ultrasonic) StdoutLine: {'line': b'creating ultrasonic.egg-info\n'}
[17.223465] (system) StdoutLine: {'line': b'writing requirements to system.egg-info/requires.txt\n'}
[17.223681] (system) StdoutLine: {'line': b'writing top-level names to system.egg-info/top_level.txt\n'}
[17.223911] (system) StdoutLine: {'line': b"writing manifest file 'system.egg-info/SOURCES.txt'\n"}
[17.284327] (ultrasonic) StdoutLine: {'line': b'writing ultrasonic.egg-info/PKG-INFO\n'}
[17.285124] (ultrasonic) StdoutLine: {'line': b'writing dependency_links to ultrasonic.egg-info/dependency_links.txt\n'}
[17.285672] (ultrasonic) StdoutLine: {'line': b'writing requirements to ultrasonic.egg-info/requires.txt\n'}
[17.285948] (ultrasonic) StdoutLine: {'line': b'writing top-level names to ultrasonic.egg-info/top_level.txt\n'}
[17.286312] (ultrasonic) StdoutLine: {'line': b"writing manifest file 'ultrasonic.egg-info/SOURCES.txt'\n"}
[17.308499] (-) TimerEvent: {}
[17.339568] (ascamera) StdoutLine: {'line': b"-- Added test 'copyright' to check source files copyright and LICENSE\n"}
[17.341386] (system) StdoutLine: {'line': b"reading manifest file 'system.egg-info/SOURCES.txt'\n"}
[17.343028] (system) StdoutLine: {'line': b"writing manifest file 'system.egg-info/SOURCES.txt'\n"}
[17.348046] (ascamera) StdoutLine: {'line': b"-- Added test 'cppcheck' to perform static code analysis on C / C++ code\n"}
[17.348525] (ascamera) StdoutLine: {'line': b'-- Configured cppcheck include dirs: /home/orsted/AGV_EEPIS/src/ascamera/include;/home/orsted/AGV_EEPIS/src/ascamera/libs/include;$<BUILD_INTERFACE:/home/orsted/AGV_EEPIS/src/ascamera/include>\n'}
[17.348816] (ascamera) StdoutLine: {'line': b'-- Configured cppcheck exclude dirs and/or files: \n'}
[17.354757] (ascamera) StdoutLine: {'line': b"-- Added test 'cpplint' to check C / C++ code against the Google style\n"}
[17.355160] (ascamera) StdoutLine: {'line': b'-- Configured cpplint exclude dirs and/or files: \n'}
[17.358347] (ascamera) StdoutLine: {'line': b"-- Added test 'flake8' to check Python code syntax and style conventions\n"}
[17.358707] (ascamera) StdoutLine: {'line': b"-- Configured 'flake8' exclude dirs and/or files: \n"}
[17.362420] (ascamera) StdoutLine: {'line': b"-- Added test 'lint_cmake' to check CMake code style\n"}
[17.365651] (ascamera) StdoutLine: {'line': b"-- Added test 'pep257' to check Python code against some of the docstring style conventions in PEP 257\n"}
[17.371974] (slam) StdoutLine: {'line': b'running egg_info\n'}
[17.372544] (slam) StdoutLine: {'line': b'creating slam.egg-info\n'}
[17.372902] (ascamera) StdoutLine: {'line': b"-- Added test 'uncrustify' to check C / C++ code style\n"}
[17.373126] (ascamera) StdoutLine: {'line': b'-- Configured uncrustify additional arguments: \n'}
[17.376328] (ascamera) StdoutLine: {'line': b"-- Added test 'xmllint' to check XML markup files\n"}
[17.383337] (ascamera) StdoutLine: {'line': b'-- Configuring done (16.4s)\n'}
[17.405557] (system) StdoutLine: {'line': b'running build_ext\n'}
[17.406380] (system) StdoutLine: {'line': b'Creating /home/orsted/AGV_EEPIS/install/system/lib/python3.12/site-packages/system.egg-link (link to .)\n'}
[17.407541] (system) StdoutLine: {'line': b'\n'}
[17.407755] (system) StdoutLine: {'line': b'Installed /home/orsted/AGV_EEPIS/build/system\n'}
[17.408167] (system) StdoutLine: {'line': b'running symlink_data\n'}
[17.408401] (system) StdoutLine: {'line': b'creating /home/orsted/AGV_EEPIS/install/system/share/ament_index\n'}
[17.408680] (-) TimerEvent: {}
[17.409137] (system) StdoutLine: {'line': b'creating /home/orsted/AGV_EEPIS/install/system/share/ament_index/resource_index\n'}
[17.409362] (system) StdoutLine: {'line': b'creating /home/orsted/AGV_EEPIS/install/system/share/ament_index/resource_index/packages\n'}
[17.409531] (system) StdoutLine: {'line': b'symbolically linking /home/orsted/AGV_EEPIS/build/system/resource/system -> /home/orsted/AGV_EEPIS/install/system/share/ament_index/resource_index/packages\n'}
[17.409697] (system) StdoutLine: {'line': b'symbolically linking /home/orsted/AGV_EEPIS/build/system/package.xml -> /home/orsted/AGV_EEPIS/install/system/share/system\n'}
[17.410175] (ultrasonic) StdoutLine: {'line': b"reading manifest file 'ultrasonic.egg-info/SOURCES.txt'\n"}
[17.413576] (ultrasonic) StdoutLine: {'line': b"writing manifest file 'ultrasonic.egg-info/SOURCES.txt'\n"}
[17.434239] (slam) StdoutLine: {'line': b'writing slam.egg-info/PKG-INFO\n'}
[17.435296] (slam) StdoutLine: {'line': b'writing dependency_links to slam.egg-info/dependency_links.txt\n'}
[17.436034] (slam) StdoutLine: {'line': b'writing requirements to slam.egg-info/requires.txt\n'}
[17.436616] (slam) StdoutLine: {'line': b'writing top-level names to slam.egg-info/top_level.txt\n'}
[17.436827] (slam) StdoutLine: {'line': b"writing manifest file 'slam.egg-info/SOURCES.txt'\n"}
[17.480955] (ultrasonic) StdoutLine: {'line': b'running build_ext\n'}
[17.481709] (ultrasonic) StdoutLine: {'line': b'Creating /home/orsted/AGV_EEPIS/install/ultrasonic/lib/python3.12/site-packages/ultrasonic.egg-link (link to .)\n'}
[17.483151] (ultrasonic) StdoutLine: {'line': b'\n'}
[17.483398] (ultrasonic) StdoutLine: {'line': b'Installed /home/orsted/AGV_EEPIS/build/ultrasonic\n'}
[17.483668] (ultrasonic) StdoutLine: {'line': b'running symlink_data\n'}
[17.483966] (ultrasonic) StdoutLine: {'line': b'creating /home/orsted/AGV_EEPIS/install/ultrasonic/share/ament_index\n'}
[17.484405] (ultrasonic) StdoutLine: {'line': b'creating /home/orsted/AGV_EEPIS/install/ultrasonic/share/ament_index/resource_index\n'}
[17.484598] (ultrasonic) StdoutLine: {'line': b'creating /home/orsted/AGV_EEPIS/install/ultrasonic/share/ament_index/resource_index/packages\n'}
[17.484854] (ultrasonic) StdoutLine: {'line': b'symbolically linking /home/orsted/AGV_EEPIS/build/ultrasonic/resource/ultrasonic -> /home/orsted/AGV_EEPIS/install/ultrasonic/share/ament_index/resource_index/packages\n'}
[17.485037] (ultrasonic) StdoutLine: {'line': b'symbolically linking /home/orsted/AGV_EEPIS/build/ultrasonic/package.xml -> /home/orsted/AGV_EEPIS/install/ultrasonic/share/ultrasonic\n'}
[17.508891] (-) TimerEvent: {}
[17.545312] (ascamera) StdoutLine: {'line': b'-- Generating done (0.1s)\n'}
[17.562719] (slam) StdoutLine: {'line': b"reading manifest file 'slam.egg-info/SOURCES.txt'\n"}
[17.564478] (slam) StdoutLine: {'line': b"writing manifest file 'slam.egg-info/SOURCES.txt'\n"}
[17.576210] (ascamera) StdoutLine: {'line': b'-- Build files have been written to: /home/orsted/AGV_EEPIS/build/ascamera\n'}
[17.584502] (system) CommandEnded: {'returncode': 0}
[17.611102] (-) TimerEvent: {}
[17.614704] (system) JobEnded: {'identifier': 'system', 'rc': 0}
[17.633852] (slam) StdoutLine: {'line': b'running build_ext\n'}
[17.634597] (slam) StdoutLine: {'line': b'Creating /home/orsted/AGV_EEPIS/install/slam/lib/python3.12/site-packages/slam.egg-link (link to .)\n'}
[17.635132] (slam) StdoutLine: {'line': b'\n'}
[17.635494] (slam) StdoutLine: {'line': b'Installed /home/orsted/AGV_EEPIS/build/slam\n'}
[17.635873] (slam) StdoutLine: {'line': b'running symlink_data\n'}
[17.636125] (slam) StdoutLine: {'line': b'creating /home/orsted/AGV_EEPIS/install/slam/share/ament_index\n'}
[17.636493] (slam) StdoutLine: {'line': b'creating /home/orsted/AGV_EEPIS/install/slam/share/ament_index/resource_index\n'}
[17.636715] (slam) StdoutLine: {'line': b'creating /home/orsted/AGV_EEPIS/install/slam/share/ament_index/resource_index/packages\n'}
[17.636895] (slam) StdoutLine: {'line': b'symbolically linking /home/orsted/AGV_EEPIS/build/slam/resource/slam -> /home/orsted/AGV_EEPIS/install/slam/share/ament_index/resource_index/packages\n'}
[17.637157] (slam) StdoutLine: {'line': b'symbolically linking /home/orsted/AGV_EEPIS/build/slam/package.xml -> /home/orsted/AGV_EEPIS/install/slam/share/slam\n'}
[17.637332] (slam) StdoutLine: {'line': b'creating /home/orsted/AGV_EEPIS/install/slam/share/slam/launch\n'}
[17.637488] (slam) StdoutLine: {'line': b'symbolically linking /home/orsted/AGV_EEPIS/build/slam/launch/slam.launch.py -> /home/orsted/AGV_EEPIS/install/slam/share/slam/launch\n'}
[17.637639] (slam) StdoutLine: {'line': b'creating /home/orsted/AGV_EEPIS/install/slam/share/slam/config\n'}
[17.637783] (slam) StdoutLine: {'line': b'symbolically linking /home/orsted/AGV_EEPIS/build/slam/config/display.rviz -> /home/orsted/AGV_EEPIS/install/slam/share/slam/config\n'}
[17.637928] (slam) StdoutLine: {'line': b'symbolically linking /home/orsted/AGV_EEPIS/build/slam/config/rtabmap_param.yaml -> /home/orsted/AGV_EEPIS/install/slam/share/slam/config\n'}
[17.706610] (ascamera) CommandEnded: {'returncode': 0}
[17.709377] (ascamera) JobProgress: {'identifier': 'ascamera', 'progress': 'build'}
[17.712513] (ascamera) Command: {'cmd': ['/usr/bin/cmake', '--build', '/home/orsted/AGV_EEPIS/build/ascamera', '--', '-j6', '-l6'], 'cwd': '/home/orsted/AGV_EEPIS/build/ascamera', 'env': OrderedDict({'VNCDESKTOP': 'orsted:2 (orsted)', 'LESSOPEN': '| /usr/bin/lesspipe %s', 'GZ_SIM_RESOURCE_PATH': '/opt/ros/jazzy/share', 'USER': 'orsted', 'SSH_CLIENT': '192.168.137.1 62233 22', 'GZ_CONFIG_PATH': '/opt/ros/jazzy/opt/gz_sim_vendor/share/gz:/opt/ros/jazzy/opt/sdformat_vendor/share/gz:/opt/ros/jazzy/opt/gz_gui_vendor/share/gz:/opt/ros/jazzy/opt/gz_transport_vendor/share/gz:/opt/ros/jazzy/opt/gz_rendering_vendor/share/gz:/opt/ros/jazzy/opt/gz_plugin_vendor/share/gz:/opt/ros/jazzy/opt/gz_fuel_tools_vendor/share/gz:/opt/ros/jazzy/opt/gz_msgs_vendor/share/gz:/opt/ros/jazzy/opt/gz_common_vendor/share/gz', 'SSH_AGENT_PID': '8899', 'XDG_SESSION_TYPE': 'x11', 'GIT_ASKPASS': '/home/orsted/.vscode-server/cli/servers/Stable-7debcd0e2acdea1c52de81bf9ee1620444407dda/server/extensions/git/dist/askpass.sh', 'SHLVL': '1', 'LD_LIBRARY_PATH': '/usr/local/cuda-13.2/lib64:/usr/local/cuda-13.2/lib64:/opt/ros/jazzy/opt/gz_sim_vendor/lib:/opt/ros/jazzy/opt/gz_sensors_vendor/lib:/opt/ros/jazzy/opt/gz_physics_vendor/lib:/opt/ros/jazzy/opt/sdformat_vendor/lib:/opt/ros/jazzy/opt/rviz_ogre_vendor/lib:/opt/ros/jazzy/lib/aarch64-linux-gnu:/opt/ros/jazzy/opt/gz_gui_vendor/lib:/opt/ros/jazzy/opt/gz_transport_vendor/lib:/opt/ros/jazzy/opt/gz_rendering_vendor/lib:/opt/ros/jazzy/opt/gz_plugin_vendor/lib:/opt/ros/jazzy/opt/gz_fuel_tools_vendor/lib:/opt/ros/jazzy/opt/gz_msgs_vendor/lib:/opt/ros/jazzy/opt/gz_common_vendor/lib:/opt/ros/jazzy/opt/gz_math_vendor/lib:/opt/ros/jazzy/opt/gz_utils_vendor/lib:/opt/ros/jazzy/opt/gz_tools_vendor/lib:/opt/ros/jazzy/opt/gz_ogre_next_vendor/lib:/opt/ros/jazzy/opt/gz_dartsim_vendor/lib:/opt/ros/jazzy/opt/gz_cmake_vendor/lib:/opt/ros/jazzy/lib:/usr/local/cuda-13.2/lib64:', 'BROWSER': '/home/orsted/.vscode-server/cli/servers/Stable-7debcd0e2acdea1c52de81bf9ee1620444407dda/server/bin/helpers/browser.sh', 'HOME': '/home/orsted', 'DESKTOP_SESSION': 'xfce', 'VSCODE_IPC_HOOK_CLI': '/run/user/1000/vscode-ipc-cc2dc662-49e5-42f8-aa3b-35ec80433977.sock', 'PANEL_GDK_CORE_DEVICE_EVENTS': '0', 'ROS_PYTHON_VERSION': '3', 'VSCODE_GIT_ASKPASS_MAIN': '/home/orsted/.vscode-server/cli/servers/Stable-7debcd0e2acdea1c52de81bf9ee1620444407dda/server/extensions/git/dist/askpass-main.js', 'VSCODE_GIT_ASKPASS_NODE': '/home/orsted/.vscode-server/cli/servers/Stable-7debcd0e2acdea1c52de81bf9ee1620444407dda/server/node', 'VSCODE_PYTHON_AUTOACTIVATE_GUARD': '1', 'DBUS_SESSION_BUS_ADDRESS': 'unix:path=/tmp/dbus-myeODg71Z4,guid=546e82a075626b48ad1da50d6ab1ec60', 'COLORTERM': 'truecolor', 'DEBUGINFOD_URLS': 'https://debuginfod.ubuntu.com', 'COLCON_PREFIX_PATH': '/home/orsted/AGV_EEPIS/install:/home/orsted/ascam_ros2_ws/install', 'ROS_DISTRO': 'jazzy', 'LOGNAME': 'orsted', '_': '/usr/bin/colcon', 'ROS_VERSION': '2', 'XDG_SESSION_CLASS': 'user', 'TERM': 'xterm-256color', 'XDG_SESSION_ID': '3', 'PATH': '/usr/local/cuda-13.2/bin:/usr/local/cuda-13.2/bin:/home/orsted/.vscode-server/cli/servers/Stable-7debcd0e2acdea1c52de81bf9ee1620444407dda/server/bin/remote-cli:/opt/ros/jazzy/opt/gz_msgs_vendor/bin:/opt/ros/jazzy/opt/gz_tools_vendor/bin:/opt/ros/jazzy/opt/gz_ogre_next_vendor/bin:/opt/ros/jazzy/bin:/usr/local/cuda-13.2/bin:/usr/local/sbin:/usr/local/bin:/usr/sbin:/usr/bin:/sbin:/bin:/usr/games:/usr/local/games:/snap/bin', 'SESSION_MANAGER': 'local/orsted:@/tmp/.ICE-unix/8848,unix/orsted:/tmp/.ICE-unix/8848', 'XDG_MENU_PREFIX': 'xfce-', 'GNOME_TERMINAL_SCREEN': '/org/gnome/Terminal/screen/707f9a9e_9b41_4d91_94a5_2c13f60cebb0', 'XDG_RUNTIME_DIR': '/run/user/1000', 'DISPLAY': ':2.0', 'LANG': 'en_US.UTF-8', 'XDG_CURRENT_DESKTOP': 'XFCE', 'LS_COLORS': 'rs=0:di=01;34:ln=01;36:mh=00:pi=40;33:so=01;35:do=01;35:bd=40;33;01:cd=40;33;01:or=40;31;01:mi=00:su=37;41:sg=30;43:ca=00:tw=30;42:ow=34;42:st=37;44:ex=01;32:*.tar=01;31:*.tgz=01;31:*.arc=01;31:*.arj=01;31:*.taz=01;31:*.lha=01;31:*.lz4=01;31:*.lzh=01;31:*.lzma=01;31:*.tlz=01;31:*.txz=01;31:*.tzo=01;31:*.t7z=01;31:*.zip=01;31:*.z=01;31:*.dz=01;31:*.gz=01;31:*.lrz=01;31:*.lz=01;31:*.lzo=01;31:*.xz=01;31:*.zst=01;31:*.tzst=01;31:*.bz2=01;31:*.bz=01;31:*.tbz=01;31:*.tbz2=01;31:*.tz=01;31:*.deb=01;31:*.rpm=01;31:*.jar=01;31:*.war=01;31:*.ear=01;31:*.sar=01;31:*.rar=01;31:*.alz=01;31:*.ace=01;31:*.zoo=01;31:*.cpio=01;31:*.7z=01;31:*.rz=01;31:*.cab=01;31:*.wim=01;31:*.swm=01;31:*.dwm=01;31:*.esd=01;31:*.avif=01;35:*.jpg=01;35:*.jpeg=01;35:*.mjpg=01;35:*.mjpeg=01;35:*.gif=01;35:*.bmp=01;35:*.pbm=01;35:*.pgm=01;35:*.ppm=01;35:*.tga=01;35:*.xbm=01;35:*.xpm=01;35:*.tif=01;35:*.tiff=01;35:*.png=01;35:*.svg=01;35:*.svgz=01;35:*.mng=01;35:*.pcx=01;35:*.mov=01;35:*.mpg=01;35:*.mpeg=01;35:*.m2v=01;35:*.mkv=01;35:*.webm=01;35:*.webp=01;35:*.ogm=01;35:*.mp4=01;35:*.m4v=01;35:*.mp4v=01;35:*.vob=01;35:*.qt=01;35:*.nuv=01;35:*.wmv=01;35:*.asf=01;35:*.rm=01;35:*.rmvb=01;35:*.flc=01;35:*.avi=01;35:*.fli=01;35:*.flv=01;35:*.gl=01;35:*.dl=01;35:*.xcf=01;35:*.xwd=01;35:*.yuv=01;35:*.cgm=01;35:*.emf=01;35:*.ogv=01;35:*.ogx=01;35:*.aac=00;36:*.au=00;36:*.flac=00;36:*.m4a=00;36:*.mid=00;36:*.midi=00;36:*.mka=00;36:*.mp3=00;36:*.mpc=00;36:*.ogg=00;36:*.ra=00;36:*.wav=00;36:*.oga=00;36:*.opus=00;36:*.spx=00;36:*.xspf=00;36:*~=00;90:*#=00;90:*.bak=00;90:*.crdownload=00;90:*.dpkg-dist=00;90:*.dpkg-new=00;90:*.dpkg-old=00;90:*.dpkg-tmp=00;90:*.old=00;90:*.orig=00;90:*.part=00;90:*.rej=00;90:*.rpmnew=00;90:*.rpmorig=00;90:*.rpmsave=00;90:*.swp=00;90:*.tmp=00;90:*.ucf-dist=00;90:*.ucf-new=00;90:*.ucf-old=00;90:', 'VSCODE_GIT_IPC_HANDLE': '/run/user/1000/vscode-git-f13100ddb5.sock', 'GNOME_TERMINAL_SERVICE': ':1.49', 'SSH_AUTH_SOCK': '/tmp/ssh-YuvaTmZ1RxKX/agent.8898', 'AMENT_PREFIX_PATH': '/home/orsted/AGV_EEPIS/install/ultrasonic:/home/orsted/AGV_EEPIS/install/system:/home/orsted/AGV_EEPIS/install/slam:/home/orsted/AGV_EEPIS/install/remote:/home/orsted/AGV_EEPIS/install/drive_controller:/home/orsted/AGV_EEPIS/install/ddmr_description:/home/orsted/AGV_EEPIS/install/canbus:/home/orsted/AGV_EEPIS/install/bringup:/home/orsted/AGV_EEPIS/install/ascamera:/home/orsted/AGV_EEPIS/install/agv_description:/home/orsted/ascam_ros2_ws/install/ascamera:/opt/ros/jazzy', 'SHELL': '/bin/bash', 'LESSCLOSE': '/usr/bin/lesspipe %s %s', 'LC_ALLL': 'en_US.UTF-8', 'ROS_AUTOMATIC_DISCOVERY_RANGE': 'SUBNET', 'VSCODE_GIT_ASKPASS_EXTRA_ARGS': '', 'PWD': '/home/orsted/AGV_EEPIS/build/ascamera', 'XDG_CONFIG_DIRS': '/etc/xdg/xdg-xfce:/etc/xdg', 'SSH_CONNECTION': '192.168.137.1 62233 192.168.137.60 22', 'XDG_DATA_DIRS': '/usr/share/xfce4:/usr/share:/usr/local/share:/usr/share', 'PYTHONPATH': '/home/orsted/AGV_EEPIS/build/ultrasonic:/home/orsted/AGV_EEPIS/install/ultrasonic/lib/python3.12/site-packages:/home/orsted/AGV_EEPIS/build/system:/home/orsted/AGV_EEPIS/install/system/lib/python3.12/site-packages:/home/orsted/AGV_EEPIS/build/slam:/home/orsted/AGV_EEPIS/install/slam/lib/python3.12/site-packages:/home/orsted/AGV_EEPIS/build/remote:/home/orsted/AGV_EEPIS/install/remote/lib/python3.12/site-packages:/home/orsted/AGV_EEPIS/build/drive_controller:/home/orsted/AGV_EEPIS/install/drive_controller/lib/python3.12/site-packages:/home/orsted/AGV_EEPIS/build/ddmr_description:/home/orsted/AGV_EEPIS/install/ddmr_description/lib/python3.12/site-packages:/home/orsted/AGV_EEPIS/build/canbus:/home/orsted/AGV_EEPIS/install/canbus/lib/python3.12/site-packages:/home/orsted/AGV_EEPIS/build/bringup:/home/orsted/AGV_EEPIS/install/bringup/lib/python3.12/site-packages:/home/orsted/AGV_EEPIS/build/agv_description:/home/orsted/AGV_EEPIS/install/agv_description/lib/python3.12/site-packages:/opt/ros/jazzy/lib/python3.12/site-packages', 'COLCON': '1', 'VTE_VERSION': '7600', 'CMAKE_PREFIX_PATH': '/home/orsted/AGV_EEPIS/install/ascamera:/home/orsted/ascam_ros2_ws/install/ascamera:/opt/ros/jazzy/opt/gz_sim_vendor:/opt/ros/jazzy/opt/gz_sensors_vendor:/opt/ros/jazzy/opt/gz_physics_vendor:/opt/ros/jazzy/opt/sdformat_vendor:/opt/ros/jazzy/opt/gz_gui_vendor:/opt/ros/jazzy/opt/gz_transport_vendor:/opt/ros/jazzy/opt/gz_rendering_vendor:/opt/ros/jazzy/opt/gz_plugin_vendor:/opt/ros/jazzy/opt/gz_fuel_tools_vendor:/opt/ros/jazzy/opt/gz_msgs_vendor:/opt/ros/jazzy/opt/gz_common_vendor:/opt/ros/jazzy/opt/gz_math_vendor:/opt/ros/jazzy/opt/gz_utils_vendor:/opt/ros/jazzy/opt/gz_tools_vendor:/opt/ros/jazzy/opt/gz_ogre_next_vendor:/opt/ros/jazzy/opt/gz_dartsim_vendor:/opt/ros/jazzy/opt/gz_cmake_vendor:/home/orsted/AGV_EEPIS/install/ultrasonic:/home/orsted/AGV_EEPIS/install/system:/home/orsted/AGV_EEPIS/install/slam:/home/orsted/AGV_EEPIS/install/remote:/home/orsted/AGV_EEPIS/install/drive_controller:/home/orsted/AGV_EEPIS/install/ddmr_description:/home/orsted/AGV_EEPIS/install/canbus:/home/orsted/AGV_EEPIS/install/bringup:/home/orsted/AGV_EEPIS/install/agv_description:/opt/ros/jazzy'}), 'shell': False}
[17.714738] (-) TimerEvent: {}
[17.716644] (ultrasonic) CommandEnded: {'returncode': 0}
[17.740205] (ultrasonic) JobEnded: {'identifier': 'ultrasonic', 'rc': 0}
[17.815076] (-) TimerEvent: {}
[17.852727] (slam) CommandEnded: {'returncode': 0}
[17.876815] (slam) JobEnded: {'identifier': 'slam', 'rc': 0}
[17.887816] (ascamera) StdoutLine: {'line': b'[ 16%] \x1b[32mBuilding CXX object CMakeFiles/ascamera_node.dir/src/ascamera_node.cpp.o\x1b[0m\n'}
[17.891303] (ascamera) StdoutLine: {'line': b'[ 33%] \x1b[32mBuilding CXX object CMakeFiles/ascamera_node.dir/src/CameraSrv.cpp.o\x1b[0m\n'}
[17.891627] (ascamera) StdoutLine: {'line': b'[ 50%] \x1b[32mBuilding CXX object CMakeFiles/ascamera_node.dir/src/CameraPublisher.cpp.o\x1b[0m\n'}
[17.892117] (ascamera) StdoutLine: {'line': b'[ 66%] \x1b[32mBuilding CXX object CMakeFiles/ascamera_node.dir/src/Camera.cpp.o\x1b[0m\n'}
[17.897796] (ascamera) StdoutLine: {'line': b'[ 83%] \x1b[32mBuilding CXX object CMakeFiles/ascamera_node.dir/src/TfTreeFrameIdInfo.cpp.o\x1b[0m\n'}
[17.916864] (-) TimerEvent: {}
[18.017821] (-) TimerEvent: {}
[18.118790] (-) TimerEvent: {}
[18.219762] (-) TimerEvent: {}
[18.320819] (-) TimerEvent: {}
[18.421787] (-) TimerEvent: {}
[18.522804] (-) TimerEvent: {}
[18.623876] (-) TimerEvent: {}
[18.725529] (-) TimerEvent: {}
[18.826549] (-) TimerEvent: {}
[18.927579] (-) TimerEvent: {}
[19.028768] (-) TimerEvent: {}
[19.130883] (-) TimerEvent: {}
[19.231941] (-) TimerEvent: {}
[19.336443] (-) TimerEvent: {}
[19.437500] (-) TimerEvent: {}
[19.538595] (-) TimerEvent: {}
[19.640384] (-) TimerEvent: {}
[19.741422] (-) TimerEvent: {}
[19.842412] (-) TimerEvent: {}
[19.943471] (-) TimerEvent: {}
[20.044825] (-) TimerEvent: {}
[20.148263] (-) TimerEvent: {}
[20.249271] (-) TimerEvent: {}
[20.352633] (-) TimerEvent: {}
[20.453667] (-) TimerEvent: {}
[20.556194] (-) TimerEvent: {}
[20.657205] (-) TimerEvent: {}
[20.758154] (-) TimerEvent: {}
[20.859125] (-) TimerEvent: {}
[20.960155] (-) TimerEvent: {}
[21.061192] (-) TimerEvent: {}
[21.162219] (-) TimerEvent: {}
[21.263234] (-) TimerEvent: {}
[21.364665] (-) TimerEvent: {}
[21.465743] (-) TimerEvent: {}
[21.567121] (-) TimerEvent: {}
[21.672301] (-) TimerEvent: {}
[21.773326] (-) TimerEvent: {}
[21.877547] (-) TimerEvent: {}
[21.978546] (-) TimerEvent: {}
[22.079612] (-) TimerEvent: {}
[22.180688] (-) TimerEvent: {}
[22.284015] (-) TimerEvent: {}
[22.387263] (-) TimerEvent: {}
[22.488587] (-) TimerEvent: {}
[22.589680] (-) TimerEvent: {}
[22.693019] (-) TimerEvent: {}
[22.794042] (-) TimerEvent: {}
[22.895093] (-) TimerEvent: {}
[22.996299] (-) TimerEvent: {}
[23.097390] (-) TimerEvent: {}
[23.198489] (-) TimerEvent: {}
[23.302138] (-) TimerEvent: {}
[23.403236] (-) TimerEvent: {}
[23.504440] (-) TimerEvent: {}
[23.607929] (-) TimerEvent: {}
[23.711516] (-) TimerEvent: {}
[23.812671] (-) TimerEvent: {}
[23.913740] (-) TimerEvent: {}
[24.014815] (-) TimerEvent: {}
[24.124163] (-) TimerEvent: {}
[24.225268] (-) TimerEvent: {}
[24.326344] (-) TimerEvent: {}
[24.431963] (-) TimerEvent: {}
[24.533244] (-) TimerEvent: {}
[24.637062] (-) TimerEvent: {}
[24.738179] (-) TimerEvent: {}
[24.839309] (-) TimerEvent: {}
[24.940902] (-) TimerEvent: {}
[25.044450] (-) TimerEvent: {}
[25.145528] (-) TimerEvent: {}
[25.249334] (-) TimerEvent: {}
[25.350439] (-) TimerEvent: {}
[25.452543] (-) TimerEvent: {}
[25.560914] (-) TimerEvent: {}
[25.662189] (-) TimerEvent: {}
[25.765495] (-) TimerEvent: {}
[25.866559] (-) TimerEvent: {}
[25.971017] (-) TimerEvent: {}
[26.072123] (-) TimerEvent: {}
[26.176055] (-) TimerEvent: {}
[26.277110] (-) TimerEvent: {}
[26.378135] (-) TimerEvent: {}
[26.482976] (-) TimerEvent: {}
[26.584323] (-) TimerEvent: {}
[26.685388] (-) TimerEvent: {}
[26.786443] (-) TimerEvent: {}
[26.887474] (-) TimerEvent: {}
[26.990875] (-) TimerEvent: {}
[27.094235] (-) TimerEvent: {}
[27.197608] (-) TimerEvent: {}
[27.300406] (-) TimerEvent: {}
[27.403669] (-) TimerEvent: {}
[27.507053] (-) TimerEvent: {}
[27.608302] (-) TimerEvent: {}
[27.709545] (-) TimerEvent: {}
[27.812115] (-) TimerEvent: {}
[27.913069] (-) TimerEvent: {}
[28.014077] (-) TimerEvent: {}
[28.115112] (-) TimerEvent: {}
[28.218242] (-) TimerEvent: {}
[28.320261] (-) TimerEvent: {}
[28.421285] (-) TimerEvent: {}
[28.522366] (-) TimerEvent: {}
[28.623472] (-) TimerEvent: {}
[28.724572] (-) TimerEvent: {}
[28.825637] (-) TimerEvent: {}
[28.926726] (-) TimerEvent: {}
[29.027757] (-) TimerEvent: {}
[29.131156] (-) TimerEvent: {}
[29.236070] (-) TimerEvent: {}
[29.337105] (-) TimerEvent: {}
[29.438523] (-) TimerEvent: {}
[29.539572] (-) TimerEvent: {}
[29.640689] (-) TimerEvent: {}
[29.741762] (-) TimerEvent: {}
[29.842840] (-) TimerEvent: {}
[29.943934] (-) TimerEvent: {}
[30.044948] (-) TimerEvent: {}
[30.148072] (-) TimerEvent: {}
[30.249118] (-) TimerEvent: {}
[30.350145] (-) TimerEvent: {}
[30.451159] (-) TimerEvent: {}
[30.554238] (-) TimerEvent: {}
[30.655230] (-) TimerEvent: {}
[30.757005] (-) TimerEvent: {}
[30.858074] (-) TimerEvent: {}
[30.959174] (-) TimerEvent: {}
[31.060332] (-) TimerEvent: {}
[31.161521] (-) TimerEvent: {}
[31.262712] (-) TimerEvent: {}
[31.363940] (-) TimerEvent: {}
[31.465144] (-) TimerEvent: {}
[31.568024] (-) TimerEvent: {}
[31.671331] (-) TimerEvent: {}
[31.774760] (-) TimerEvent: {}
[31.878071] (-) TimerEvent: {}
[31.980285] (-) TimerEvent: {}
[32.083581] (-) TimerEvent: {}
[32.186734] (-) TimerEvent: {}
[32.289875] (-) TimerEvent: {}
[32.392313] (-) TimerEvent: {}
[32.493491] (-) TimerEvent: {}
[32.594614] (-) TimerEvent: {}
[32.695692] (-) TimerEvent: {}
[32.796824] (-) TimerEvent: {}
[32.897889] (-) TimerEvent: {}
[32.998920] (-) TimerEvent: {}
[33.100021] (-) TimerEvent: {}
[33.201095] (-) TimerEvent: {}
[33.302135] (-) TimerEvent: {}
[33.403193] (-) TimerEvent: {}
[33.504284] (-) TimerEvent: {}
[33.605337] (-) TimerEvent: {}
[33.706376] (-) TimerEvent: {}
[33.808245] (-) TimerEvent: {}
[33.909301] (-) TimerEvent: {}
[34.010380] (-) TimerEvent: {}
[34.111428] (-) TimerEvent: {}
[34.216045] (-) TimerEvent: {}
[34.317140] (-) TimerEvent: {}
[34.420999] (-) TimerEvent: {}
[34.522069] (-) TimerEvent: {}
[34.625196] (-) TimerEvent: {}
[34.728462] (-) TimerEvent: {}
[34.829477] (-) TimerEvent: {}
[34.930506] (-) TimerEvent: {}
[35.032358] (-) TimerEvent: {}
[35.133783] (-) TimerEvent: {}
[35.171897] (ascamera) StderrLine: {'line': b'\x1b[01m\x1b[K/home/orsted/AGV_EEPIS/src/ascamera/src/CameraSrv.cpp:\x1b[m\x1b[K In member function \xe2\x80\x98\x1b[01m\x1b[Kint CameraSrv::\x1b[01;32m\x1b[KgetConfigFile\x1b[m\x1b[K(AS_CAM_PTR, std::string&, AS_SDK_CAM_MODEL_E)\x1b[m\x1b[K\xe2\x80\x99:\n'}
[35.172840] (ascamera) StderrLine: {'line': b'\x1b[01m\x1b[K/home/orsted/AGV_EEPIS/src/ascamera/src/CameraSrv.cpp:296:41:\x1b[m\x1b[K \x1b[01;35m\x1b[Kwarning: \x1b[m\x1b[Kunused parameter \xe2\x80\x98\x1b[01m\x1b[KpCamera\x1b[m\x1b[K\xe2\x80\x99 [\x1b[01;35m\x1b[K\x1b]8;;https://gcc.gnu.org/onlinedocs/gcc/Warning-Options.html#index-Wunused-parameter\x07-Wunused-parameter\x1b]8;;\x07\x1b[m\x1b[K]\n'}
[35.173206] (ascamera) StderrLine: {'line': b'  296 | int CameraSrv::getConfigFile(\x1b[01;35m\x1b[KAS_CAM_PTR pCamera\x1b[m\x1b[K, std::string &configfile, AS_SDK_CAM_MODEL_E cam_type)\n'}
[35.173426] (ascamera) StderrLine: {'line': b'      |                              \x1b[01;35m\x1b[K~~~~~~~~~~~^~~~~~~\x1b[m\x1b[K\n'}
[35.234014] (-) TimerEvent: {}
[35.335065] (-) TimerEvent: {}
[35.436154] (-) TimerEvent: {}
[35.537523] (-) TimerEvent: {}
[35.638640] (-) TimerEvent: {}
[35.739687] (-) TimerEvent: {}
[35.840751] (-) TimerEvent: {}
[35.942101] (-) TimerEvent: {}
[36.043071] (-) TimerEvent: {}
[36.144083] (-) TimerEvent: {}
[36.168637] (ascamera) StderrLine: {'line': b'\x1b[01m\x1b[K/home/orsted/AGV_EEPIS/src/ascamera/src/CameraPublisher.cpp:\x1b[m\x1b[K In member function \xe2\x80\x98\x1b[01m\x1b[Kvoid CameraPublisher::\x1b[01;32m\x1b[KirInfoPublisher\x1b[m\x1b[K(AS_CAM_PTR, const AS_SDK_Data_s*, AS_CAM_Parameter_s&, builtin_interfaces::msg::Time)\x1b[m\x1b[K\xe2\x80\x99:\n'}
[36.169465] (ascamera) StderrLine: {'line': b'\x1b[01m\x1b[K/home/orsted/AGV_EEPIS/src/ascamera/src/CameraPublisher.cpp:1000:102:\x1b[m\x1b[K \x1b[01;35m\x1b[Kwarning: \x1b[m\x1b[Kunused parameter \xe2\x80\x98\x1b[01m\x1b[Ktime\x1b[m\x1b[K\xe2\x80\x99 [\x1b[01;35m\x1b[K\x1b]8;;https://gcc.gnu.org/onlinedocs/gcc/Warning-Options.html#index-Wunused-parameter\x07-Wunused-parameter\x1b]8;;\x07\x1b[m\x1b[K]\n'}
[36.169764] (ascamera) StderrLine: {'line': b' 1000 |                                       AS_CAM_Parameter_s &stParameter, \x1b[01;35m\x1b[Kbuiltin_interfaces::msg::Time time\x1b[m\x1b[K)\n'}
[36.169954] (ascamera) StderrLine: {'line': b'      |                                                                        \x1b[01;35m\x1b[K~~~~~~~~~~~~~~~~~~~~~~~~~~~~~~^~~~\x1b[m\x1b[K\n'}
[36.174126] (ascamera) StderrLine: {'line': b'\x1b[01m\x1b[K/home/orsted/AGV_EEPIS/src/ascamera/src/CameraPublisher.cpp:\x1b[m\x1b[K In member function \xe2\x80\x98\x1b[01m\x1b[Kvoid CameraPublisher::\x1b[01;32m\x1b[KpeakInfoPublisher\x1b[m\x1b[K(AS_CAM_PTR, const AS_SDK_Data_s*, AS_CAM_Parameter_s&, builtin_interfaces::msg::Time)\x1b[m\x1b[K\xe2\x80\x99:\n'}
[36.174731] (ascamera) StderrLine: {'line': b'\x1b[01m\x1b[K/home/orsted/AGV_EEPIS/src/ascamera/src/CameraPublisher.cpp:1033:104:\x1b[m\x1b[K \x1b[01;35m\x1b[Kwarning: \x1b[m\x1b[Kunused parameter \xe2\x80\x98\x1b[01m\x1b[Ktime\x1b[m\x1b[K\xe2\x80\x99 [\x1b[01;35m\x1b[K\x1b]8;;https://gcc.gnu.org/onlinedocs/gcc/Warning-Options.html#index-Wunused-parameter\x07-Wunused-parameter\x1b]8;;\x07\x1b[m\x1b[K]\n'}
[36.175073] (ascamera) StderrLine: {'line': b' 1033 |                                         AS_CAM_Parameter_s &stParameter, \x1b[01;35m\x1b[Kbuiltin_interfaces::msg::Time time\x1b[m\x1b[K)\n'}
[36.175267] (ascamera) StderrLine: {'line': b'      |                                                                          \x1b[01;35m\x1b[K~~~~~~~~~~~~~~~~~~~~~~~~~~~~~~^~~~\x1b[m\x1b[K\n'}
[36.178542] (ascamera) StderrLine: {'line': b'\x1b[01m\x1b[K/home/orsted/AGV_EEPIS/src/ascamera/src/CameraPublisher.cpp:\x1b[m\x1b[K In member function \xe2\x80\x98\x1b[01m\x1b[Kvoid CameraPublisher::\x1b[01;32m\x1b[KdepthMergeInfoPublisher\x1b[m\x1b[K(AS_CAM_PTR, const AS_SDK_MERGE_s*, AS_CAM_Parameter_s&, builtin_interfaces::msg::Time)\x1b[m\x1b[K\xe2\x80\x99:\n'}
[36.178848] (ascamera) StderrLine: {'line': b'\x1b[01m\x1b[K/home/orsted/AGV_EEPIS/src/ascamera/src/CameraPublisher.cpp:1081:29:\x1b[m\x1b[K \x1b[01;35m\x1b[Kwarning: \x1b[m\x1b[Kunused parameter \xe2\x80\x98\x1b[01m\x1b[KstParameter\x1b[m\x1b[K\xe2\x80\x99 [\x1b[01;35m\x1b[K\x1b]8;;https://gcc.gnu.org/onlinedocs/gcc/Warning-Options.html#index-Wunused-parameter\x07-Wunused-parameter\x1b]8;;\x07\x1b[m\x1b[K]\n'}
[36.179025] (ascamera) StderrLine: {'line': b' 1081 |         \x1b[01;35m\x1b[KAS_CAM_Parameter_s &stParameter\x1b[m\x1b[K, builtin_interfaces::msg::Time time)\n'}
[36.179185] (ascamera) StderrLine: {'line': b'      |         \x1b[01;35m\x1b[K~~~~~~~~~~~~~~~~~~~~^~~~~~~~~~~\x1b[m\x1b[K\n'}
[36.185170] (ascamera) StderrLine: {'line': b'\x1b[01m\x1b[K/home/orsted/AGV_EEPIS/src/ascamera/src/CameraPublisher.cpp:\x1b[m\x1b[K In member function \xe2\x80\x98\x1b[01m\x1b[Kvoid CameraPublisher::\x1b[01;32m\x1b[KpointcloudMergePublisher\x1b[m\x1b[K(AS_CAM_PTR, const AS_SDK_MERGE_s*, AS_CAM_Parameter_s&)\x1b[m\x1b[K\xe2\x80\x99:\n'}
[36.185487] (ascamera) StderrLine: {'line': b'\x1b[01m\x1b[K/home/orsted/AGV_EEPIS/src/ascamera/src/CameraPublisher.cpp:1119:29:\x1b[m\x1b[K \x1b[01;35m\x1b[Kwarning: \x1b[m\x1b[Kunused parameter \xe2\x80\x98\x1b[01m\x1b[KstParameter\x1b[m\x1b[K\xe2\x80\x99 [\x1b[01;35m\x1b[K\x1b]8;;https://gcc.gnu.org/onlinedocs/gcc/Warning-Options.html#index-Wunused-parameter\x07-Wunused-parameter\x1b]8;;\x07\x1b[m\x1b[K]\n'}
[36.185667] (ascamera) StderrLine: {'line': b' 1119 |         \x1b[01;35m\x1b[KAS_CAM_Parameter_s &stParameter\x1b[m\x1b[K)\n'}
[36.185821] (ascamera) StderrLine: {'line': b'      |         \x1b[01;35m\x1b[K~~~~~~~~~~~~~~~~~~~~^~~~~~~~~~~\x1b[m\x1b[K\n'}
[36.244259] (-) TimerEvent: {}
[36.345188] (-) TimerEvent: {}
[36.446156] (-) TimerEvent: {}
[36.547141] (-) TimerEvent: {}
[36.648179] (-) TimerEvent: {}
[36.749191] (-) TimerEvent: {}
[36.850226] (-) TimerEvent: {}
[36.953392] (-) TimerEvent: {}
[37.056353] (-) TimerEvent: {}
[37.157477] (-) TimerEvent: {}
[37.258555] (-) TimerEvent: {}
[37.359651] (-) TimerEvent: {}
[37.460712] (-) TimerEvent: {}
[37.561698] (-) TimerEvent: {}
[37.662704] (-) TimerEvent: {}
[37.763725] (-) TimerEvent: {}
[37.864825] (-) TimerEvent: {}
[37.965878] (-) TimerEvent: {}
[38.066951] (-) TimerEvent: {}
[38.168048] (-) TimerEvent: {}
[38.269056] (-) TimerEvent: {}
[38.370106] (-) TimerEvent: {}
[38.471148] (-) TimerEvent: {}
[38.572235] (-) TimerEvent: {}
[38.673249] (-) TimerEvent: {}
[38.779133] (-) TimerEvent: {}
[38.880194] (-) TimerEvent: {}
[38.981231] (-) TimerEvent: {}
[39.082321] (-) TimerEvent: {}
[39.183344] (-) TimerEvent: {}
[39.284408] (-) TimerEvent: {}
[39.385392] (-) TimerEvent: {}
[39.486472] (-) TimerEvent: {}
[39.587432] (-) TimerEvent: {}
[39.688489] (-) TimerEvent: {}
[39.789548] (-) TimerEvent: {}
[39.890541] (-) TimerEvent: {}
[39.991540] (-) TimerEvent: {}
[40.092597] (-) TimerEvent: {}
[40.193594] (-) TimerEvent: {}
[40.294599] (-) TimerEvent: {}
[40.395597] (-) TimerEvent: {}
[40.496677] (-) TimerEvent: {}
[40.597748] (-) TimerEvent: {}
[40.698760] (-) TimerEvent: {}
[40.799730] (-) TimerEvent: {}
[40.900787] (-) TimerEvent: {}
[41.001796] (-) TimerEvent: {}
[41.102800] (-) TimerEvent: {}
[41.203886] (-) TimerEvent: {}
[41.304907] (-) TimerEvent: {}
[41.405937] (-) TimerEvent: {}
[41.507017] (-) TimerEvent: {}
[41.608053] (-) TimerEvent: {}
[41.709072] (-) TimerEvent: {}
[41.810033] (-) TimerEvent: {}
[41.910993] (-) TimerEvent: {}
[42.012043] (-) TimerEvent: {}
[42.113056] (-) TimerEvent: {}
[42.214065] (-) TimerEvent: {}
[42.315083] (-) TimerEvent: {}
[42.416147] (-) TimerEvent: {}
[42.517149] (-) TimerEvent: {}
[42.618123] (-) TimerEvent: {}
[42.719089] (-) TimerEvent: {}
[42.820120] (-) TimerEvent: {}
[42.921098] (-) TimerEvent: {}
[43.022074] (-) TimerEvent: {}
[43.123074] (-) TimerEvent: {}
[43.223998] (-) TimerEvent: {}
[43.325020] (-) TimerEvent: {}
[43.426075] (-) TimerEvent: {}
[43.527091] (-) TimerEvent: {}
[43.628065] (-) TimerEvent: {}
[43.729172] (-) TimerEvent: {}
[43.830195] (-) TimerEvent: {}
[43.931199] (-) TimerEvent: {}
[44.032241] (-) TimerEvent: {}
[44.133235] (-) TimerEvent: {}
[44.234216] (-) TimerEvent: {}
[44.335188] (-) TimerEvent: {}
[44.436244] (-) TimerEvent: {}
[44.537241] (-) TimerEvent: {}
[44.638250] (-) TimerEvent: {}
[44.739266] (-) TimerEvent: {}
[44.840469] (-) TimerEvent: {}
[44.943659] (-) TimerEvent: {}
[45.044788] (-) TimerEvent: {}
[45.145826] (-) TimerEvent: {}
[45.246874] (-) TimerEvent: {}
[45.347855] (-) TimerEvent: {}
[45.448827] (-) TimerEvent: {}
[45.549812] (-) TimerEvent: {}
[45.650807] (-) TimerEvent: {}
[45.751979] (-) TimerEvent: {}
[45.852972] (-) TimerEvent: {}
[45.954025] (-) TimerEvent: {}
[46.055047] (-) TimerEvent: {}
[46.156176] (-) TimerEvent: {}
[46.257205] (-) TimerEvent: {}
[46.358243] (-) TimerEvent: {}
[46.459243] (-) TimerEvent: {}
[46.560315] (-) TimerEvent: {}
[46.661248] (-) TimerEvent: {}
[46.762223] (-) TimerEvent: {}
[46.863210] (-) TimerEvent: {}
[46.964272] (-) TimerEvent: {}
[47.065270] (-) TimerEvent: {}
[47.166336] (-) TimerEvent: {}
[47.267338] (-) TimerEvent: {}
[47.368396] (-) TimerEvent: {}
[47.469475] (-) TimerEvent: {}
[47.570494] (-) TimerEvent: {}
[47.671395] (-) TimerEvent: {}
[47.772318] (-) TimerEvent: {}
[47.873217] (-) TimerEvent: {}
[47.974126] (-) TimerEvent: {}
[48.075026] (-) TimerEvent: {}
[48.175970] (-) TimerEvent: {}
[48.276888] (-) TimerEvent: {}
[48.377796] (-) TimerEvent: {}
[48.478728] (-) TimerEvent: {}
[48.579696] (-) TimerEvent: {}
[48.680658] (-) TimerEvent: {}
[48.781639] (-) TimerEvent: {}
[48.882706] (-) TimerEvent: {}
[48.983852] (-) TimerEvent: {}
[49.084993] (-) TimerEvent: {}
[49.186080] (-) TimerEvent: {}
[49.287005] (-) TimerEvent: {}
[49.387959] (-) TimerEvent: {}
[49.488888] (-) TimerEvent: {}
[49.589840] (-) TimerEvent: {}
[49.690741] (-) TimerEvent: {}
[49.791605] (-) TimerEvent: {}
[49.892498] (-) TimerEvent: {}
[49.993539] (-) TimerEvent: {}
[50.094415] (-) TimerEvent: {}
[50.195298] (-) TimerEvent: {}
[50.296243] (-) TimerEvent: {}
[50.397122] (-) TimerEvent: {}
[50.497986] (-) TimerEvent: {}
[50.598881] (-) TimerEvent: {}
[50.699754] (-) TimerEvent: {}
[50.800655] (-) TimerEvent: {}
[50.901532] (-) TimerEvent: {}
[51.002463] (-) TimerEvent: {}
[51.103466] (-) TimerEvent: {}
[51.204546] (-) TimerEvent: {}
[51.305496] (-) TimerEvent: {}
[51.406448] (-) TimerEvent: {}
[51.507397] (-) TimerEvent: {}
[51.608377] (-) TimerEvent: {}
[51.709300] (-) TimerEvent: {}
[51.810205] (-) TimerEvent: {}
[51.911078] (-) TimerEvent: {}
[52.012307] (-) TimerEvent: {}
[52.113987] (-) TimerEvent: {}
[52.214984] (-) TimerEvent: {}
[52.315952] (-) TimerEvent: {}
[52.416885] (-) TimerEvent: {}
[52.517817] (-) TimerEvent: {}
[52.618743] (-) TimerEvent: {}
[52.719638] (-) TimerEvent: {}
[52.820565] (-) TimerEvent: {}
[52.921478] (-) TimerEvent: {}
[53.022413] (-) TimerEvent: {}
[53.123356] (-) TimerEvent: {}
[53.224304] (-) TimerEvent: {}
[53.325241] (-) TimerEvent: {}
[53.426169] (-) TimerEvent: {}
[53.527141] (-) TimerEvent: {}
[53.628093] (-) TimerEvent: {}
[53.728968] (-) TimerEvent: {}
[53.829853] (-) TimerEvent: {}
[53.930729] (-) TimerEvent: {}
[54.031626] (-) TimerEvent: {}
[54.132504] (-) TimerEvent: {}
[54.233375] (-) TimerEvent: {}
[54.334220] (-) TimerEvent: {}
[54.435153] (-) TimerEvent: {}
[54.536162] (-) TimerEvent: {}
[54.637064] (-) TimerEvent: {}
[54.737920] (-) TimerEvent: {}
[54.838823] (-) TimerEvent: {}
[54.939703] (-) TimerEvent: {}
[55.040612] (-) TimerEvent: {}
[55.141490] (-) TimerEvent: {}
[55.242384] (-) TimerEvent: {}
[55.343245] (-) TimerEvent: {}
[55.444158] (-) TimerEvent: {}
[55.545067] (-) TimerEvent: {}
[55.645921] (-) TimerEvent: {}
[55.746803] (-) TimerEvent: {}
[55.847651] (-) TimerEvent: {}
[55.948526] (-) TimerEvent: {}
[56.049398] (-) TimerEvent: {}
[56.150300] (-) TimerEvent: {}
[56.251176] (-) TimerEvent: {}
[56.352084] (-) TimerEvent: {}
[56.452962] (-) TimerEvent: {}
[56.553824] (-) TimerEvent: {}
[56.654677] (-) TimerEvent: {}
[56.755543] (-) TimerEvent: {}
[56.856430] (-) TimerEvent: {}
[56.957272] (-) TimerEvent: {}
[57.058130] (-) TimerEvent: {}
[57.158971] (-) TimerEvent: {}
[57.259981] (-) TimerEvent: {}
[57.360828] (-) TimerEvent: {}
[57.461705] (-) TimerEvent: {}
[57.562565] (-) TimerEvent: {}
[57.663456] (-) TimerEvent: {}
[57.764377] (-) TimerEvent: {}
[57.865296] (-) TimerEvent: {}
[57.966202] (-) TimerEvent: {}
[58.067090] (-) TimerEvent: {}
[58.167995] (-) TimerEvent: {}
[58.268869] (-) TimerEvent: {}
[58.369747] (-) TimerEvent: {}
[58.470682] (-) TimerEvent: {}
[58.571577] (-) TimerEvent: {}
[58.672503] (-) TimerEvent: {}
[58.773398] (-) TimerEvent: {}
[58.874291] (-) TimerEvent: {}
[58.975176] (-) TimerEvent: {}
[59.076120] (-) TimerEvent: {}
[59.177025] (-) TimerEvent: {}
[59.277907] (-) TimerEvent: {}
[59.378804] (-) TimerEvent: {}
[59.479712] (-) TimerEvent: {}
[59.580635] (-) TimerEvent: {}
[59.681506] (-) TimerEvent: {}
[59.782336] (-) TimerEvent: {}
[59.883169] (-) TimerEvent: {}
[59.983990] (-) TimerEvent: {}
[60.084904] (-) TimerEvent: {}
[60.185920] (-) TimerEvent: {}
[60.287204] (-) TimerEvent: {}
[60.388493] (-) TimerEvent: {}
[60.489482] (-) TimerEvent: {}
[60.590424] (-) TimerEvent: {}
[60.691288] (-) TimerEvent: {}
[60.792139] (-) TimerEvent: {}
[60.893015] (-) TimerEvent: {}
[60.993827] (-) TimerEvent: {}
[61.094524] (-) TimerEvent: {}
[61.195364] (-) TimerEvent: {}
[61.296273] (-) TimerEvent: {}
[61.397114] (-) TimerEvent: {}
[61.497935] (-) TimerEvent: {}
[61.598776] (-) TimerEvent: {}
[61.699818] (-) TimerEvent: {}
[61.800839] (-) TimerEvent: {}
[61.901788] (-) TimerEvent: {}
[62.002736] (-) TimerEvent: {}
[62.103712] (-) TimerEvent: {}
[62.204711] (-) TimerEvent: {}
[62.305718] (-) TimerEvent: {}
[62.406660] (-) TimerEvent: {}
[62.507616] (-) TimerEvent: {}
[62.608606] (-) TimerEvent: {}
[62.709503] (-) TimerEvent: {}
[62.810374] (-) TimerEvent: {}
[62.911246] (-) TimerEvent: {}
[63.012163] (-) TimerEvent: {}
[63.113332] (-) TimerEvent: {}
[63.214261] (-) TimerEvent: {}
[63.315171] (-) TimerEvent: {}
[63.416104] (-) TimerEvent: {}
[63.517071] (-) TimerEvent: {}
[63.617998] (-) TimerEvent: {}
[63.718907] (-) TimerEvent: {}
[63.819824] (-) TimerEvent: {}
[63.920732] (-) TimerEvent: {}
[64.021621] (-) TimerEvent: {}
[64.122553] (-) TimerEvent: {}
[64.223513] (-) TimerEvent: {}
[64.324473] (-) TimerEvent: {}
[64.425426] (-) TimerEvent: {}
[64.526334] (-) TimerEvent: {}
[64.627539] (-) TimerEvent: {}
[64.728454] (-) TimerEvent: {}
[64.829323] (-) TimerEvent: {}
[64.930175] (-) TimerEvent: {}
[65.031057] (-) TimerEvent: {}
[65.131956] (-) TimerEvent: {}
[65.232863] (-) TimerEvent: {}
[65.333725] (-) TimerEvent: {}
[65.434597] (-) TimerEvent: {}
[65.535447] (-) TimerEvent: {}
[65.636342] (-) TimerEvent: {}
[65.737199] (-) TimerEvent: {}
[65.838061] (-) TimerEvent: {}
[65.938906] (-) TimerEvent: {}
[66.039820] (-) TimerEvent: {}
[66.140661] (-) TimerEvent: {}
[66.241505] (-) TimerEvent: {}
[66.342356] (-) TimerEvent: {}
[66.443240] (-) TimerEvent: {}
[66.544135] (-) TimerEvent: {}
[66.644993] (-) TimerEvent: {}
[66.745832] (-) TimerEvent: {}
[66.846746] (-) TimerEvent: {}
[66.947683] (-) TimerEvent: {}
[67.048690] (-) TimerEvent: {}
[67.149625] (-) TimerEvent: {}
[67.250534] (-) TimerEvent: {}
[67.351439] (-) TimerEvent: {}
[67.452458] (-) TimerEvent: {}
[67.553370] (-) TimerEvent: {}
[67.654268] (-) TimerEvent: {}
[67.755181] (-) TimerEvent: {}
[67.856127] (-) TimerEvent: {}
[67.957002] (-) TimerEvent: {}
[68.057892] (-) TimerEvent: {}
[68.158854] (-) TimerEvent: {}
[68.259725] (-) TimerEvent: {}
[68.360612] (-) TimerEvent: {}
[68.461489] (-) TimerEvent: {}
[68.562405] (-) TimerEvent: {}
[68.663242] (-) TimerEvent: {}
[68.764174] (-) TimerEvent: {}
[68.865053] (-) TimerEvent: {}
[68.965930] (-) TimerEvent: {}
[69.066849] (-) TimerEvent: {}
[69.167751] (-) TimerEvent: {}
[69.268673] (-) TimerEvent: {}
[69.369560] (-) TimerEvent: {}
[69.470493] (-) TimerEvent: {}
[69.571418] (-) TimerEvent: {}
[69.672344] (-) TimerEvent: {}
[69.773195] (-) TimerEvent: {}
[69.874029] (-) TimerEvent: {}
[69.974873] (-) TimerEvent: {}
[70.075726] (-) TimerEvent: {}
[70.176612] (-) TimerEvent: {}
[70.277493] (-) TimerEvent: {}
[70.378333] (-) TimerEvent: {}
[70.479204] (-) TimerEvent: {}
[70.580148] (-) TimerEvent: {}
[70.680976] (-) TimerEvent: {}
[70.781762] (-) TimerEvent: {}
[70.882659] (-) TimerEvent: {}
[70.983517] (-) TimerEvent: {}
[71.084341] (-) TimerEvent: {}
[71.185267] (-) TimerEvent: {}
[71.286180] (-) TimerEvent: {}
[71.387080] (-) TimerEvent: {}
[71.487932] (-) TimerEvent: {}
[71.588718] (-) TimerEvent: {}
[71.689613] (-) TimerEvent: {}
[71.790520] (-) TimerEvent: {}
[71.891401] (-) TimerEvent: {}
[71.992350] (-) TimerEvent: {}
[72.093269] (-) TimerEvent: {}
[72.194138] (-) TimerEvent: {}
[72.295054] (-) TimerEvent: {}
[72.395951] (-) TimerEvent: {}
[72.496709] (-) TimerEvent: {}
[72.597552] (-) TimerEvent: {}
[72.698445] (-) TimerEvent: {}
[72.799287] (-) TimerEvent: {}
[72.900229] (-) TimerEvent: {}
[73.001133] (-) TimerEvent: {}
[73.102039] (-) TimerEvent: {}
[73.202934] (-) TimerEvent: {}
[73.303890] (-) TimerEvent: {}
[73.404778] (-) TimerEvent: {}
[73.505652] (-) TimerEvent: {}
[73.606566] (-) TimerEvent: {}
[73.707503] (-) TimerEvent: {}
[73.808487] (-) TimerEvent: {}
[73.909395] (-) TimerEvent: {}
[74.010318] (-) TimerEvent: {}
[74.111184] (-) TimerEvent: {}
[74.212128] (-) TimerEvent: {}
[74.313022] (-) TimerEvent: {}
[74.413937] (-) TimerEvent: {}
[74.514849] (-) TimerEvent: {}
[74.615851] (-) TimerEvent: {}
[74.716744] (-) TimerEvent: {}
[74.817683] (-) TimerEvent: {}
[74.918610] (-) TimerEvent: {}
[75.019584] (-) TimerEvent: {}
[75.120567] (-) TimerEvent: {}
[75.221530] (-) TimerEvent: {}
[75.322448] (-) TimerEvent: {}
[75.423257] (-) TimerEvent: {}
[75.524236] (-) TimerEvent: {}
[75.625176] (-) TimerEvent: {}
[75.726151] (-) TimerEvent: {}
[75.827104] (-) TimerEvent: {}
[75.928029] (-) TimerEvent: {}
[76.028974] (-) TimerEvent: {}
[76.129849] (-) TimerEvent: {}
[76.231041] (-) TimerEvent: {}
[76.306132] (ascamera) StdoutLine: {'line': b'[100%] \x1b[32m\x1b[1mLinking CXX executable ascamera_node\x1b[0m\n'}
[76.331159] (-) TimerEvent: {}
[76.432055] (-) TimerEvent: {}
[76.533093] (-) TimerEvent: {}
[76.634118] (-) TimerEvent: {}
[76.735087] (-) TimerEvent: {}
[76.836476] (-) TimerEvent: {}
[76.938523] (-) TimerEvent: {}
[77.039497] (-) TimerEvent: {}
[77.140954] (-) TimerEvent: {}
[77.242945] (-) TimerEvent: {}
[77.344414] (-) TimerEvent: {}
[77.446723] (-) TimerEvent: {}
[77.549102] (-) TimerEvent: {}
[77.650878] (-) TimerEvent: {}
[77.751805] (-) TimerEvent: {}
[77.852729] (-) TimerEvent: {}
[77.953721] (-) TimerEvent: {}
[78.054763] (-) TimerEvent: {}
[78.155801] (-) TimerEvent: {}
[78.202243] (ascamera) StdoutLine: {'line': b'[100%] Built target ascamera_node\n'}
[78.242778] (ascamera) CommandEnded: {'returncode': 0}
[78.245892] (ascamera) JobProgress: {'identifier': 'ascamera', 'progress': 'install'}
[78.256093] (-) TimerEvent: {}
[78.281346] (ascamera) Command: {'cmd': ['/usr/bin/cmake', '--install', '/home/orsted/AGV_EEPIS/build/ascamera'], 'cwd': '/home/orsted/AGV_EEPIS/build/ascamera', 'env': OrderedDict({'VNCDESKTOP': 'orsted:2 (orsted)', 'LESSOPEN': '| /usr/bin/lesspipe %s', 'GZ_SIM_RESOURCE_PATH': '/opt/ros/jazzy/share', 'USER': 'orsted', 'SSH_CLIENT': '192.168.137.1 62233 22', 'GZ_CONFIG_PATH': '/opt/ros/jazzy/opt/gz_sim_vendor/share/gz:/opt/ros/jazzy/opt/sdformat_vendor/share/gz:/opt/ros/jazzy/opt/gz_gui_vendor/share/gz:/opt/ros/jazzy/opt/gz_transport_vendor/share/gz:/opt/ros/jazzy/opt/gz_rendering_vendor/share/gz:/opt/ros/jazzy/opt/gz_plugin_vendor/share/gz:/opt/ros/jazzy/opt/gz_fuel_tools_vendor/share/gz:/opt/ros/jazzy/opt/gz_msgs_vendor/share/gz:/opt/ros/jazzy/opt/gz_common_vendor/share/gz', 'SSH_AGENT_PID': '8899', 'XDG_SESSION_TYPE': 'x11', 'GIT_ASKPASS': '/home/orsted/.vscode-server/cli/servers/Stable-7debcd0e2acdea1c52de81bf9ee1620444407dda/server/extensions/git/dist/askpass.sh', 'SHLVL': '1', 'LD_LIBRARY_PATH': '/usr/local/cuda-13.2/lib64:/usr/local/cuda-13.2/lib64:/opt/ros/jazzy/opt/gz_sim_vendor/lib:/opt/ros/jazzy/opt/gz_sensors_vendor/lib:/opt/ros/jazzy/opt/gz_physics_vendor/lib:/opt/ros/jazzy/opt/sdformat_vendor/lib:/opt/ros/jazzy/opt/rviz_ogre_vendor/lib:/opt/ros/jazzy/lib/aarch64-linux-gnu:/opt/ros/jazzy/opt/gz_gui_vendor/lib:/opt/ros/jazzy/opt/gz_transport_vendor/lib:/opt/ros/jazzy/opt/gz_rendering_vendor/lib:/opt/ros/jazzy/opt/gz_plugin_vendor/lib:/opt/ros/jazzy/opt/gz_fuel_tools_vendor/lib:/opt/ros/jazzy/opt/gz_msgs_vendor/lib:/opt/ros/jazzy/opt/gz_common_vendor/lib:/opt/ros/jazzy/opt/gz_math_vendor/lib:/opt/ros/jazzy/opt/gz_utils_vendor/lib:/opt/ros/jazzy/opt/gz_tools_vendor/lib:/opt/ros/jazzy/opt/gz_ogre_next_vendor/lib:/opt/ros/jazzy/opt/gz_dartsim_vendor/lib:/opt/ros/jazzy/opt/gz_cmake_vendor/lib:/opt/ros/jazzy/lib:/usr/local/cuda-13.2/lib64:', 'BROWSER': '/home/orsted/.vscode-server/cli/servers/Stable-7debcd0e2acdea1c52de81bf9ee1620444407dda/server/bin/helpers/browser.sh', 'HOME': '/home/orsted', 'DESKTOP_SESSION': 'xfce', 'VSCODE_IPC_HOOK_CLI': '/run/user/1000/vscode-ipc-cc2dc662-49e5-42f8-aa3b-35ec80433977.sock', 'PANEL_GDK_CORE_DEVICE_EVENTS': '0', 'ROS_PYTHON_VERSION': '3', 'VSCODE_GIT_ASKPASS_MAIN': '/home/orsted/.vscode-server/cli/servers/Stable-7debcd0e2acdea1c52de81bf9ee1620444407dda/server/extensions/git/dist/askpass-main.js', 'VSCODE_GIT_ASKPASS_NODE': '/home/orsted/.vscode-server/cli/servers/Stable-7debcd0e2acdea1c52de81bf9ee1620444407dda/server/node', 'VSCODE_PYTHON_AUTOACTIVATE_GUARD': '1', 'DBUS_SESSION_BUS_ADDRESS': 'unix:path=/tmp/dbus-myeODg71Z4,guid=546e82a075626b48ad1da50d6ab1ec60', 'COLORTERM': 'truecolor', 'DEBUGINFOD_URLS': 'https://debuginfod.ubuntu.com', 'COLCON_PREFIX_PATH': '/home/orsted/AGV_EEPIS/install:/home/orsted/ascam_ros2_ws/install', 'ROS_DISTRO': 'jazzy', 'LOGNAME': 'orsted', '_': '/usr/bin/colcon', 'ROS_VERSION': '2', 'XDG_SESSION_CLASS': 'user', 'TERM': 'xterm-256color', 'XDG_SESSION_ID': '3', 'PATH': '/usr/local/cuda-13.2/bin:/usr/local/cuda-13.2/bin:/home/orsted/.vscode-server/cli/servers/Stable-7debcd0e2acdea1c52de81bf9ee1620444407dda/server/bin/remote-cli:/opt/ros/jazzy/opt/gz_msgs_vendor/bin:/opt/ros/jazzy/opt/gz_tools_vendor/bin:/opt/ros/jazzy/opt/gz_ogre_next_vendor/bin:/opt/ros/jazzy/bin:/usr/local/cuda-13.2/bin:/usr/local/sbin:/usr/local/bin:/usr/sbin:/usr/bin:/sbin:/bin:/usr/games:/usr/local/games:/snap/bin', 'SESSION_MANAGER': 'local/orsted:@/tmp/.ICE-unix/8848,unix/orsted:/tmp/.ICE-unix/8848', 'XDG_MENU_PREFIX': 'xfce-', 'GNOME_TERMINAL_SCREEN': '/org/gnome/Terminal/screen/707f9a9e_9b41_4d91_94a5_2c13f60cebb0', 'XDG_RUNTIME_DIR': '/run/user/1000', 'DISPLAY': ':2.0', 'LANG': 'en_US.UTF-8', 'XDG_CURRENT_DESKTOP': 'XFCE', 'LS_COLORS': 'rs=0:di=01;34:ln=01;36:mh=00:pi=40;33:so=01;35:do=01;35:bd=40;33;01:cd=40;33;01:or=40;31;01:mi=00:su=37;41:sg=30;43:ca=00:tw=30;42:ow=34;42:st=37;44:ex=01;32:*.tar=01;31:*.tgz=01;31:*.arc=01;31:*.arj=01;31:*.taz=01;31:*.lha=01;31:*.lz4=01;31:*.lzh=01;31:*.lzma=01;31:*.tlz=01;31:*.txz=01;31:*.tzo=01;31:*.t7z=01;31:*.zip=01;31:*.z=01;31:*.dz=01;31:*.gz=01;31:*.lrz=01;31:*.lz=01;31:*.lzo=01;31:*.xz=01;31:*.zst=01;31:*.tzst=01;31:*.bz2=01;31:*.bz=01;31:*.tbz=01;31:*.tbz2=01;31:*.tz=01;31:*.deb=01;31:*.rpm=01;31:*.jar=01;31:*.war=01;31:*.ear=01;31:*.sar=01;31:*.rar=01;31:*.alz=01;31:*.ace=01;31:*.zoo=01;31:*.cpio=01;31:*.7z=01;31:*.rz=01;31:*.cab=01;31:*.wim=01;31:*.swm=01;31:*.dwm=01;31:*.esd=01;31:*.avif=01;35:*.jpg=01;35:*.jpeg=01;35:*.mjpg=01;35:*.mjpeg=01;35:*.gif=01;35:*.bmp=01;35:*.pbm=01;35:*.pgm=01;35:*.ppm=01;35:*.tga=01;35:*.xbm=01;35:*.xpm=01;35:*.tif=01;35:*.tiff=01;35:*.png=01;35:*.svg=01;35:*.svgz=01;35:*.mng=01;35:*.pcx=01;35:*.mov=01;35:*.mpg=01;35:*.mpeg=01;35:*.m2v=01;35:*.mkv=01;35:*.webm=01;35:*.webp=01;35:*.ogm=01;35:*.mp4=01;35:*.m4v=01;35:*.mp4v=01;35:*.vob=01;35:*.qt=01;35:*.nuv=01;35:*.wmv=01;35:*.asf=01;35:*.rm=01;35:*.rmvb=01;35:*.flc=01;35:*.avi=01;35:*.fli=01;35:*.flv=01;35:*.gl=01;35:*.dl=01;35:*.xcf=01;35:*.xwd=01;35:*.yuv=01;35:*.cgm=01;35:*.emf=01;35:*.ogv=01;35:*.ogx=01;35:*.aac=00;36:*.au=00;36:*.flac=00;36:*.m4a=00;36:*.mid=00;36:*.midi=00;36:*.mka=00;36:*.mp3=00;36:*.mpc=00;36:*.ogg=00;36:*.ra=00;36:*.wav=00;36:*.oga=00;36:*.opus=00;36:*.spx=00;36:*.xspf=00;36:*~=00;90:*#=00;90:*.bak=00;90:*.crdownload=00;90:*.dpkg-dist=00;90:*.dpkg-new=00;90:*.dpkg-old=00;90:*.dpkg-tmp=00;90:*.old=00;90:*.orig=00;90:*.part=00;90:*.rej=00;90:*.rpmnew=00;90:*.rpmorig=00;90:*.rpmsave=00;90:*.swp=00;90:*.tmp=00;90:*.ucf-dist=00;90:*.ucf-new=00;90:*.ucf-old=00;90:', 'VSCODE_GIT_IPC_HANDLE': '/run/user/1000/vscode-git-f13100ddb5.sock', 'GNOME_TERMINAL_SERVICE': ':1.49', 'SSH_AUTH_SOCK': '/tmp/ssh-YuvaTmZ1RxKX/agent.8898', 'AMENT_PREFIX_PATH': '/home/orsted/AGV_EEPIS/install/ultrasonic:/home/orsted/AGV_EEPIS/install/system:/home/orsted/AGV_EEPIS/install/slam:/home/orsted/AGV_EEPIS/install/remote:/home/orsted/AGV_EEPIS/install/drive_controller:/home/orsted/AGV_EEPIS/install/ddmr_description:/home/orsted/AGV_EEPIS/install/canbus:/home/orsted/AGV_EEPIS/install/bringup:/home/orsted/AGV_EEPIS/install/ascamera:/home/orsted/AGV_EEPIS/install/agv_description:/home/orsted/ascam_ros2_ws/install/ascamera:/opt/ros/jazzy', 'SHELL': '/bin/bash', 'LESSCLOSE': '/usr/bin/lesspipe %s %s', 'LC_ALLL': 'en_US.UTF-8', 'ROS_AUTOMATIC_DISCOVERY_RANGE': 'SUBNET', 'VSCODE_GIT_ASKPASS_EXTRA_ARGS': '', 'PWD': '/home/orsted/AGV_EEPIS/build/ascamera', 'XDG_CONFIG_DIRS': '/etc/xdg/xdg-xfce:/etc/xdg', 'SSH_CONNECTION': '192.168.137.1 62233 192.168.137.60 22', 'XDG_DATA_DIRS': '/usr/share/xfce4:/usr/share:/usr/local/share:/usr/share', 'PYTHONPATH': '/home/orsted/AGV_EEPIS/build/ultrasonic:/home/orsted/AGV_EEPIS/install/ultrasonic/lib/python3.12/site-packages:/home/orsted/AGV_EEPIS/build/system:/home/orsted/AGV_EEPIS/install/system/lib/python3.12/site-packages:/home/orsted/AGV_EEPIS/build/slam:/home/orsted/AGV_EEPIS/install/slam/lib/python3.12/site-packages:/home/orsted/AGV_EEPIS/build/remote:/home/orsted/AGV_EEPIS/install/remote/lib/python3.12/site-packages:/home/orsted/AGV_EEPIS/build/drive_controller:/home/orsted/AGV_EEPIS/install/drive_controller/lib/python3.12/site-packages:/home/orsted/AGV_EEPIS/build/ddmr_description:/home/orsted/AGV_EEPIS/install/ddmr_description/lib/python3.12/site-packages:/home/orsted/AGV_EEPIS/build/canbus:/home/orsted/AGV_EEPIS/install/canbus/lib/python3.12/site-packages:/home/orsted/AGV_EEPIS/build/bringup:/home/orsted/AGV_EEPIS/install/bringup/lib/python3.12/site-packages:/home/orsted/AGV_EEPIS/build/agv_description:/home/orsted/AGV_EEPIS/install/agv_description/lib/python3.12/site-packages:/opt/ros/jazzy/lib/python3.12/site-packages', 'COLCON': '1', 'VTE_VERSION': '7600', 'CMAKE_PREFIX_PATH': '/home/orsted/AGV_EEPIS/install/ascamera:/home/orsted/ascam_ros2_ws/install/ascamera:/opt/ros/jazzy/opt/gz_sim_vendor:/opt/ros/jazzy/opt/gz_sensors_vendor:/opt/ros/jazzy/opt/gz_physics_vendor:/opt/ros/jazzy/opt/sdformat_vendor:/opt/ros/jazzy/opt/gz_gui_vendor:/opt/ros/jazzy/opt/gz_transport_vendor:/opt/ros/jazzy/opt/gz_rendering_vendor:/opt/ros/jazzy/opt/gz_plugin_vendor:/opt/ros/jazzy/opt/gz_fuel_tools_vendor:/opt/ros/jazzy/opt/gz_msgs_vendor:/opt/ros/jazzy/opt/gz_common_vendor:/opt/ros/jazzy/opt/gz_math_vendor:/opt/ros/jazzy/opt/gz_utils_vendor:/opt/ros/jazzy/opt/gz_tools_vendor:/opt/ros/jazzy/opt/gz_ogre_next_vendor:/opt/ros/jazzy/opt/gz_dartsim_vendor:/opt/ros/jazzy/opt/gz_cmake_vendor:/home/orsted/AGV_EEPIS/install/ultrasonic:/home/orsted/AGV_EEPIS/install/system:/home/orsted/AGV_EEPIS/install/slam:/home/orsted/AGV_EEPIS/install/remote:/home/orsted/AGV_EEPIS/install/drive_controller:/home/orsted/AGV_EEPIS/install/ddmr_description:/home/orsted/AGV_EEPIS/install/canbus:/home/orsted/AGV_EEPIS/install/bringup:/home/orsted/AGV_EEPIS/install/agv_description:/opt/ros/jazzy'}), 'shell': False}
[78.313974] (ascamera) StdoutLine: {'line': b'-- Install configuration: ""\n'}
[78.314938] (ascamera) StdoutLine: {'line': b'-- Execute custom install script\n'}
[78.315902] (ascamera) StdoutLine: {'line': b'-- Symlinking: /home/orsted/AGV_EEPIS/install/ascamera/lib/ascamera/ascamera_node\n'}
[78.343743] (ascamera) StdoutLine: {'line': b'-- Symlinking: /home/orsted/AGV_EEPIS/install/ascamera/share/ascamera/launch/ascamera.launch.py\n'}
[78.356186] (-) TimerEvent: {}
[78.373813] (ascamera) StdoutLine: {'line': b'-- Symlinking: /home/orsted/AGV_EEPIS/install/ascamera/share/ascamera/launch/changA.launch.py\n'}
[78.407077] (ascamera) StdoutLine: {'line': b'-- Symlinking: /home/orsted/AGV_EEPIS/install/ascamera/share/ascamera/launch/hp60c.launch.py\n'}
[78.438940] (ascamera) StdoutLine: {'line': b'-- Symlinking: /home/orsted/AGV_EEPIS/install/ascamera/share/ascamera/launch/hp60cn.launch.py\n'}
[78.456404] (-) TimerEvent: {}
[78.474615] (ascamera) StdoutLine: {'line': b'-- Symlinking: /home/orsted/AGV_EEPIS/install/ascamera/share/ascamera/launch/kondyor.launch.py\n'}
[78.501063] (ascamera) StdoutLine: {'line': b'-- Symlinking: /home/orsted/AGV_EEPIS/install/ascamera/share/ascamera/launch/kunlun_a.launch.py\n'}
[78.533774] (ascamera) StdoutLine: {'line': b'-- Symlinking: /home/orsted/AGV_EEPIS/install/ascamera/share/ascamera/launch/kunlun_c.launch.py\n'}
[78.556591] (-) TimerEvent: {}
[78.561395] (ascamera) StdoutLine: {'line': b'-- Symlinking: /home/orsted/AGV_EEPIS/install/ascamera/share/ascamera/launch/nuwa.launch.py\n'}
[78.596471] (ascamera) StdoutLine: {'line': b'-- Symlinking: /home/orsted/AGV_EEPIS/install/ascamera/share/ament_index/resource_index/package_run_dependencies/ascamera\n'}
[78.630686] (ascamera) StdoutLine: {'line': b'-- Symlinking: /home/orsted/AGV_EEPIS/install/ascamera/share/ament_index/resource_index/parent_prefix_path/ascamera\n'}
[78.656595] (ascamera) StdoutLine: {'line': b'-- Symlinking: /home/orsted/AGV_EEPIS/install/ascamera/share/ascamera/environment/ament_prefix_path.sh\n'}
[78.657291] (-) TimerEvent: {}
[78.692794] (ascamera) StdoutLine: {'line': b'-- Symlinking: /home/orsted/AGV_EEPIS/install/ascamera/share/ascamera/environment/ament_prefix_path.dsv\n'}
[78.725768] (ascamera) StdoutLine: {'line': b'-- Symlinking: /home/orsted/AGV_EEPIS/install/ascamera/share/ascamera/environment/path.sh\n'}
[78.751310] (ascamera) StdoutLine: {'line': b'-- Symlinking: /home/orsted/AGV_EEPIS/install/ascamera/share/ascamera/environment/path.dsv\n'}
[78.757417] (-) TimerEvent: {}
[78.785481] (ascamera) StdoutLine: {'line': b'-- Symlinking: /home/orsted/AGV_EEPIS/install/ascamera/share/ascamera/local_setup.bash\n'}
[78.821029] (ascamera) StdoutLine: {'line': b'-- Symlinking: /home/orsted/AGV_EEPIS/install/ascamera/share/ascamera/local_setup.sh\n'}
[78.847242] (ascamera) StdoutLine: {'line': b'-- Symlinking: /home/orsted/AGV_EEPIS/install/ascamera/share/ascamera/local_setup.zsh\n'}
[78.857567] (-) TimerEvent: {}
[78.882977] (ascamera) StdoutLine: {'line': b'-- Symlinking: /home/orsted/AGV_EEPIS/install/ascamera/share/ascamera/local_setup.dsv\n'}
[78.918457] (ascamera) StdoutLine: {'line': b'-- Symlinking: /home/orsted/AGV_EEPIS/install/ascamera/share/ascamera/package.dsv\n'}
[78.952004] (ascamera) StdoutLine: {'line': b'-- Symlinking: /home/orsted/AGV_EEPIS/install/ascamera/share/ament_index/resource_index/packages/ascamera\n'}
[78.957705] (-) TimerEvent: {}
[78.986224] (ascamera) StdoutLine: {'line': b'-- Symlinking: /home/orsted/AGV_EEPIS/install/ascamera/share/ascamera/cmake/ascameraConfig.cmake\n'}
[79.020303] (ascamera) StdoutLine: {'line': b'-- Symlinking: /home/orsted/AGV_EEPIS/install/ascamera/share/ascamera/cmake/ascameraConfig-version.cmake\n'}
[79.052926] (ascamera) StdoutLine: {'line': b'-- Symlinking: /home/orsted/AGV_EEPIS/install/ascamera/share/ascamera/package.xml\n'}
[79.057820] (-) TimerEvent: {}
[79.093727] (ascamera) CommandEnded: {'returncode': 0}
[79.156912] (ascamera) JobEnded: {'identifier': 'ascamera', 'rc': 0}
[79.161406] (-) TimerEvent: {}
[79.162214] (-) EventReactorShutdown: {}
