[0.446s] DEBUG:colcon:Command line arguments: ['/usr/bin/colcon', 'build', '--symlink']
[0.447s] DEBUG:colcon:Parsed command line arguments: Namespace(log_base=None, log_level=None, verb_name='build', build_base='build', install_base='install', merge_install=False, symlink_install=True, test_result_base=None, continue_on_error=False, executor='parallel', parallel_workers=6, event_handlers=None, ignore_user_meta=False, metas=['./colcon.meta'], base_paths=['.'], packages_ignore=None, packages_ignore_regex=None, paths=None, packages_up_to=None, packages_up_to_regex=None, packages_above=None, packages_above_and_dependencies=None, packages_above_depth=None, packages_select_by_dep=None, packages_skip_by_dep=None, packages_skip_up_to=None, packages_select_build_failed=False, packages_skip_build_finished=False, packages_select_test_failures=False, packages_skip_test_passed=False, packages_select=None, packages_skip=None, packages_select_regex=None, packages_skip_regex=None, packages_start=None, packages_end=None, allow_overriding=[], cmake_args=None, cmake_target=None, cmake_target_skip_unavailable=False, cmake_clean_cache=False, cmake_clean_first=False, cmake_force_configure=False, ament_cmake_args=None, catkin_cmake_args=None, catkin_skip_building_tests=False, mixin_files=None, mixin=None, verb_parser=<colcon_mixin.mixin.mixin_argument.MixinArgumentDecorator object at 0xffffb4e17aa0>, verb_extension=<colcon_core.verb.build.BuildVerb object at 0xffffb4e17650>, main=<bound method BuildVerb.main of <colcon_core.verb.build.BuildVerb object at 0xffffb4e17650>>, mixin_verb=('build',))
[0.644s] Level 1:colcon.colcon_core.package_discovery:discover_packages(colcon_meta) check parameters
[0.644s] Level 1:colcon.colcon_core.package_discovery:discover_packages(recursive) check parameters
[0.645s] Level 1:colcon.colcon_core.package_discovery:discover_packages(ignore) check parameters
[0.645s] Level 1:colcon.colcon_core.package_discovery:discover_packages(path) check parameters
[0.645s] Level 1:colcon.colcon_core.package_discovery:discover_packages(colcon_meta) discover
[0.645s] Level 1:colcon.colcon_core.package_discovery:discover_packages(recursive) discover
[0.645s] INFO:colcon.colcon_core.package_discovery:Crawling recursively for packages in '/home/orsted/AGV_EEPIS'
[0.645s] Level 1:colcon.colcon_core.package_identification:_identify(.) by extensions ['ignore', 'ignore_ament_install']
[0.646s] Level 1:colcon.colcon_core.package_identification:_identify(.) by extension 'ignore'
[0.646s] Level 1:colcon.colcon_core.package_identification:_identify(.) by extension 'ignore_ament_install'
[0.646s] Level 1:colcon.colcon_core.package_identification:_identify(.) by extensions ['colcon_pkg']
[0.646s] Level 1:colcon.colcon_core.package_identification:_identify(.) by extension 'colcon_pkg'
[0.646s] Level 1:colcon.colcon_core.package_identification:_identify(.) by extensions ['colcon_meta']
[0.646s] Level 1:colcon.colcon_core.package_identification:_identify(.) by extension 'colcon_meta'
[0.646s] Level 1:colcon.colcon_core.package_identification:_identify(.) by extensions ['ros']
[0.647s] Level 1:colcon.colcon_core.package_identification:_identify(.) by extension 'ros'
[0.714s] Level 1:colcon.colcon_core.package_identification:_identify(.) by extensions ['cmake', 'python']
[0.714s] Level 1:colcon.colcon_core.package_identification:_identify(.) by extension 'cmake'
[0.714s] Level 1:colcon.colcon_core.package_identification:_identify(.) by extension 'python'
[0.715s] Level 1:colcon.colcon_core.package_identification:_identify(.) by extensions ['python_setup_py']
[0.715s] Level 1:colcon.colcon_core.package_identification:_identify(.) by extension 'python_setup_py'
[0.715s] Level 1:colcon.colcon_core.package_identification:_identify(build) by extensions ['ignore', 'ignore_ament_install']
[0.715s] Level 1:colcon.colcon_core.package_identification:_identify(build) by extension 'ignore'
[0.715s] Level 1:colcon.colcon_core.package_identification:_identify(build) ignored
[0.716s] Level 1:colcon.colcon_core.package_identification:_identify(install) by extensions ['ignore', 'ignore_ament_install']
[0.716s] Level 1:colcon.colcon_core.package_identification:_identify(install) by extension 'ignore'
[0.716s] Level 1:colcon.colcon_core.package_identification:_identify(install) ignored
[0.716s] Level 1:colcon.colcon_core.package_identification:_identify(log) by extensions ['ignore', 'ignore_ament_install']
[0.717s] Level 1:colcon.colcon_core.package_identification:_identify(log) by extension 'ignore'
[0.717s] Level 1:colcon.colcon_core.package_identification:_identify(log) ignored
[0.717s] Level 1:colcon.colcon_core.package_identification:_identify(src) by extensions ['ignore', 'ignore_ament_install']
[0.717s] Level 1:colcon.colcon_core.package_identification:_identify(src) by extension 'ignore'
[0.717s] Level 1:colcon.colcon_core.package_identification:_identify(src) by extension 'ignore_ament_install'
[0.717s] Level 1:colcon.colcon_core.package_identification:_identify(src) by extensions ['colcon_pkg']
[0.718s] Level 1:colcon.colcon_core.package_identification:_identify(src) by extension 'colcon_pkg'
[0.718s] Level 1:colcon.colcon_core.package_identification:_identify(src) by extensions ['colcon_meta']
[0.718s] Level 1:colcon.colcon_core.package_identification:_identify(src) by extension 'colcon_meta'
[0.718s] Level 1:colcon.colcon_core.package_identification:_identify(src) by extensions ['ros']
[0.718s] Level 1:colcon.colcon_core.package_identification:_identify(src) by extension 'ros'
[0.718s] Level 1:colcon.colcon_core.package_identification:_identify(src) by extensions ['cmake', 'python']
[0.718s] Level 1:colcon.colcon_core.package_identification:_identify(src) by extension 'cmake'
[0.718s] Level 1:colcon.colcon_core.package_identification:_identify(src) by extension 'python'
[0.718s] Level 1:colcon.colcon_core.package_identification:_identify(src) by extensions ['python_setup_py']
[0.719s] Level 1:colcon.colcon_core.package_identification:_identify(src) by extension 'python_setup_py'
[0.719s] Level 1:colcon.colcon_core.package_identification:_identify(src/agv_description) by extensions ['ignore', 'ignore_ament_install']
[0.719s] Level 1:colcon.colcon_core.package_identification:_identify(src/agv_description) by extension 'ignore'
[0.719s] Level 1:colcon.colcon_core.package_identification:_identify(src/agv_description) by extension 'ignore_ament_install'
[0.719s] Level 1:colcon.colcon_core.package_identification:_identify(src/agv_description) by extensions ['colcon_pkg']
[0.719s] Level 1:colcon.colcon_core.package_identification:_identify(src/agv_description) by extension 'colcon_pkg'
[0.719s] Level 1:colcon.colcon_core.package_identification:_identify(src/agv_description) by extensions ['colcon_meta']
[0.720s] Level 1:colcon.colcon_core.package_identification:_identify(src/agv_description) by extension 'colcon_meta'
[0.720s] Level 1:colcon.colcon_core.package_identification:_identify(src/agv_description) by extensions ['ros']
[0.720s] Level 1:colcon.colcon_core.package_identification:_identify(src/agv_description) by extension 'ros'
[0.729s] DEBUG:colcon.colcon_core.package_identification:Package 'src/agv_description' with type 'ros.ament_python' and name 'agv_description'
[0.729s] Level 1:colcon.colcon_core.package_identification:_identify(src/ascamera) by extensions ['ignore', 'ignore_ament_install']
[0.729s] Level 1:colcon.colcon_core.package_identification:_identify(src/ascamera) by extension 'ignore'
[0.729s] Level 1:colcon.colcon_core.package_identification:_identify(src/ascamera) by extension 'ignore_ament_install'
[0.730s] Level 1:colcon.colcon_core.package_identification:_identify(src/ascamera) by extensions ['colcon_pkg']
[0.730s] Level 1:colcon.colcon_core.package_identification:_identify(src/ascamera) by extension 'colcon_pkg'
[0.730s] Level 1:colcon.colcon_core.package_identification:_identify(src/ascamera) by extensions ['colcon_meta']
[0.730s] Level 1:colcon.colcon_core.package_identification:_identify(src/ascamera) by extension 'colcon_meta'
[0.730s] Level 1:colcon.colcon_core.package_identification:_identify(src/ascamera) by extensions ['ros']
[0.730s] Level 1:colcon.colcon_core.package_identification:_identify(src/ascamera) by extension 'ros'
[0.732s] DEBUG:colcon.colcon_core.package_identification:Package 'src/ascamera' with type 'ros.ament_cmake' and name 'ascamera'
[0.732s] Level 1:colcon.colcon_core.package_identification:_identify(src/bringup) by extensions ['ignore', 'ignore_ament_install']
[0.733s] Level 1:colcon.colcon_core.package_identification:_identify(src/bringup) by extension 'ignore'
[0.733s] Level 1:colcon.colcon_core.package_identification:_identify(src/bringup) by extension 'ignore_ament_install'
[0.733s] Level 1:colcon.colcon_core.package_identification:_identify(src/bringup) by extensions ['colcon_pkg']
[0.733s] Level 1:colcon.colcon_core.package_identification:_identify(src/bringup) by extension 'colcon_pkg'
[0.733s] Level 1:colcon.colcon_core.package_identification:_identify(src/bringup) by extensions ['colcon_meta']
[0.733s] Level 1:colcon.colcon_core.package_identification:_identify(src/bringup) by extension 'colcon_meta'
[0.733s] Level 1:colcon.colcon_core.package_identification:_identify(src/bringup) by extensions ['ros']
[0.733s] Level 1:colcon.colcon_core.package_identification:_identify(src/bringup) by extension 'ros'
[0.735s] DEBUG:colcon.colcon_core.package_identification:Package 'src/bringup' with type 'ros.ament_python' and name 'bringup'
[0.735s] Level 1:colcon.colcon_core.package_identification:_identify(src/canbus) by extensions ['ignore', 'ignore_ament_install']
[0.735s] Level 1:colcon.colcon_core.package_identification:_identify(src/canbus) by extension 'ignore'
[0.736s] Level 1:colcon.colcon_core.package_identification:_identify(src/canbus) by extension 'ignore_ament_install'
[0.736s] Level 1:colcon.colcon_core.package_identification:_identify(src/canbus) by extensions ['colcon_pkg']
[0.736s] Level 1:colcon.colcon_core.package_identification:_identify(src/canbus) by extension 'colcon_pkg'
[0.736s] Level 1:colcon.colcon_core.package_identification:_identify(src/canbus) by extensions ['colcon_meta']
[0.736s] Level 1:colcon.colcon_core.package_identification:_identify(src/canbus) by extension 'colcon_meta'
[0.736s] Level 1:colcon.colcon_core.package_identification:_identify(src/canbus) by extensions ['ros']
[0.736s] Level 1:colcon.colcon_core.package_identification:_identify(src/canbus) by extension 'ros'
[0.738s] DEBUG:colcon.colcon_core.package_identification:Package 'src/canbus' with type 'ros.ament_python' and name 'canbus'
[0.738s] Level 1:colcon.colcon_core.package_identification:_identify(src/ddmr_description) by extensions ['ignore', 'ignore_ament_install']
[0.738s] Level 1:colcon.colcon_core.package_identification:_identify(src/ddmr_description) by extension 'ignore'
[0.738s] Level 1:colcon.colcon_core.package_identification:_identify(src/ddmr_description) by extension 'ignore_ament_install'
[0.738s] Level 1:colcon.colcon_core.package_identification:_identify(src/ddmr_description) by extensions ['colcon_pkg']
[0.738s] Level 1:colcon.colcon_core.package_identification:_identify(src/ddmr_description) by extension 'colcon_pkg'
[0.739s] Level 1:colcon.colcon_core.package_identification:_identify(src/ddmr_description) by extensions ['colcon_meta']
[0.739s] Level 1:colcon.colcon_core.package_identification:_identify(src/ddmr_description) by extension 'colcon_meta'
[0.739s] Level 1:colcon.colcon_core.package_identification:_identify(src/ddmr_description) by extensions ['ros']
[0.739s] Level 1:colcon.colcon_core.package_identification:_identify(src/ddmr_description) by extension 'ros'
[0.741s] DEBUG:colcon.colcon_core.package_identification:Package 'src/ddmr_description' with type 'ros.ament_python' and name 'ddmr_description'
[0.741s] Level 1:colcon.colcon_core.package_identification:_identify(src/drive_controller) by extensions ['ignore', 'ignore_ament_install']
[0.741s] Level 1:colcon.colcon_core.package_identification:_identify(src/drive_controller) by extension 'ignore'
[0.742s] Level 1:colcon.colcon_core.package_identification:_identify(src/drive_controller) by extension 'ignore_ament_install'
[0.742s] Level 1:colcon.colcon_core.package_identification:_identify(src/drive_controller) by extensions ['colcon_pkg']
[0.742s] Level 1:colcon.colcon_core.package_identification:_identify(src/drive_controller) by extension 'colcon_pkg'
[0.742s] Level 1:colcon.colcon_core.package_identification:_identify(src/drive_controller) by extensions ['colcon_meta']
[0.742s] Level 1:colcon.colcon_core.package_identification:_identify(src/drive_controller) by extension 'colcon_meta'
[0.742s] Level 1:colcon.colcon_core.package_identification:_identify(src/drive_controller) by extensions ['ros']
[0.742s] Level 1:colcon.colcon_core.package_identification:_identify(src/drive_controller) by extension 'ros'
[0.743s] DEBUG:colcon.colcon_core.package_identification:Package 'src/drive_controller' with type 'ros.ament_python' and name 'drive_controller'
[0.744s] Level 1:colcon.colcon_core.package_identification:_identify(src/remote) by extensions ['ignore', 'ignore_ament_install']
[0.744s] Level 1:colcon.colcon_core.package_identification:_identify(src/remote) by extension 'ignore'
[0.744s] Level 1:colcon.colcon_core.package_identification:_identify(src/remote) by extension 'ignore_ament_install'
[0.744s] Level 1:colcon.colcon_core.package_identification:_identify(src/remote) by extensions ['colcon_pkg']
[0.744s] Level 1:colcon.colcon_core.package_identification:_identify(src/remote) by extension 'colcon_pkg'
[0.744s] Level 1:colcon.colcon_core.package_identification:_identify(src/remote) by extensions ['colcon_meta']
[0.744s] Level 1:colcon.colcon_core.package_identification:_identify(src/remote) by extension 'colcon_meta'
[0.745s] Level 1:colcon.colcon_core.package_identification:_identify(src/remote) by extensions ['ros']
[0.745s] Level 1:colcon.colcon_core.package_identification:_identify(src/remote) by extension 'ros'
[0.746s] DEBUG:colcon.colcon_core.package_identification:Package 'src/remote' with type 'ros.ament_python' and name 'remote'
[0.746s] Level 1:colcon.colcon_core.package_identification:_identify(src/slam) by extensions ['ignore', 'ignore_ament_install']
[0.746s] Level 1:colcon.colcon_core.package_identification:_identify(src/slam) by extension 'ignore'
[0.747s] Level 1:colcon.colcon_core.package_identification:_identify(src/slam) by extension 'ignore_ament_install'
[0.747s] Level 1:colcon.colcon_core.package_identification:_identify(src/slam) by extensions ['colcon_pkg']
[0.747s] Level 1:colcon.colcon_core.package_identification:_identify(src/slam) by extension 'colcon_pkg'
[0.747s] Level 1:colcon.colcon_core.package_identification:_identify(src/slam) by extensions ['colcon_meta']
[0.747s] Level 1:colcon.colcon_core.package_identification:_identify(src/slam) by extension 'colcon_meta'
[0.747s] Level 1:colcon.colcon_core.package_identification:_identify(src/slam) by extensions ['ros']
[0.747s] Level 1:colcon.colcon_core.package_identification:_identify(src/slam) by extension 'ros'
[0.749s] DEBUG:colcon.colcon_core.package_identification:Package 'src/slam' with type 'ros.ament_python' and name 'slam'
[0.749s] Level 1:colcon.colcon_core.package_identification:_identify(src/system) by extensions ['ignore', 'ignore_ament_install']
[0.749s] Level 1:colcon.colcon_core.package_identification:_identify(src/system) by extension 'ignore'
[0.749s] Level 1:colcon.colcon_core.package_identification:_identify(src/system) by extension 'ignore_ament_install'
[0.749s] Level 1:colcon.colcon_core.package_identification:_identify(src/system) by extensions ['colcon_pkg']
[0.749s] Level 1:colcon.colcon_core.package_identification:_identify(src/system) by extension 'colcon_pkg'
[0.750s] Level 1:colcon.colcon_core.package_identification:_identify(src/system) by extensions ['colcon_meta']
[0.750s] Level 1:colcon.colcon_core.package_identification:_identify(src/system) by extension 'colcon_meta'
[0.750s] Level 1:colcon.colcon_core.package_identification:_identify(src/system) by extensions ['ros']
[0.750s] Level 1:colcon.colcon_core.package_identification:_identify(src/system) by extension 'ros'
[0.751s] DEBUG:colcon.colcon_core.package_identification:Package 'src/system' with type 'ros.ament_python' and name 'system'
[0.751s] Level 1:colcon.colcon_core.package_identification:_identify(src/ultrasonic) by extensions ['ignore', 'ignore_ament_install']
[0.752s] Level 1:colcon.colcon_core.package_identification:_identify(src/ultrasonic) by extension 'ignore'
[0.752s] Level 1:colcon.colcon_core.package_identification:_identify(src/ultrasonic) by extension 'ignore_ament_install'
[0.752s] Level 1:colcon.colcon_core.package_identification:_identify(src/ultrasonic) by extensions ['colcon_pkg']
[0.752s] Level 1:colcon.colcon_core.package_identification:_identify(src/ultrasonic) by extension 'colcon_pkg'
[0.752s] Level 1:colcon.colcon_core.package_identification:_identify(src/ultrasonic) by extensions ['colcon_meta']
[0.752s] Level 1:colcon.colcon_core.package_identification:_identify(src/ultrasonic) by extension 'colcon_meta'
[0.752s] Level 1:colcon.colcon_core.package_identification:_identify(src/ultrasonic) by extensions ['ros']
[0.752s] Level 1:colcon.colcon_core.package_identification:_identify(src/ultrasonic) by extension 'ros'
[0.754s] DEBUG:colcon.colcon_core.package_identification:Package 'src/ultrasonic' with type 'ros.ament_python' and name 'ultrasonic'
[0.754s] Level 1:colcon.colcon_core.package_discovery:discover_packages(recursive) using defaults
[0.754s] Level 1:colcon.colcon_core.package_discovery:discover_packages(ignore) discover
[0.754s] Level 1:colcon.colcon_core.package_discovery:discover_packages(ignore) using defaults
[0.754s] Level 1:colcon.colcon_core.package_discovery:discover_packages(path) discover
[0.754s] Level 1:colcon.colcon_core.package_discovery:discover_packages(path) using defaults
[0.827s] Level 1:colcon.colcon_core.package_discovery:discover_packages(prefix_path) check parameters
[0.827s] Level 1:colcon.colcon_core.package_discovery:discover_packages(prefix_path) discover
[0.833s] WARNING:colcon.colcon_ros.prefix_path.ament:The path '/home/orsted/AGV_EEPIS/install/ultrasonic' in the environment variable AMENT_PREFIX_PATH doesn't exist
[0.833s] WARNING:colcon.colcon_ros.prefix_path.ament:The path '/home/orsted/AGV_EEPIS/install/system' in the environment variable AMENT_PREFIX_PATH doesn't exist
[0.833s] WARNING:colcon.colcon_ros.prefix_path.ament:The path '/home/orsted/AGV_EEPIS/install/slam' in the environment variable AMENT_PREFIX_PATH doesn't exist
[0.833s] WARNING:colcon.colcon_ros.prefix_path.ament:The path '/home/orsted/AGV_EEPIS/install/remote' in the environment variable AMENT_PREFIX_PATH doesn't exist
[0.833s] WARNING:colcon.colcon_ros.prefix_path.ament:The path '/home/orsted/AGV_EEPIS/install/drive_controller' in the environment variable AMENT_PREFIX_PATH doesn't exist
[0.833s] WARNING:colcon.colcon_ros.prefix_path.ament:The path '/home/orsted/AGV_EEPIS/install/ddmr_description' in the environment variable AMENT_PREFIX_PATH doesn't exist
[0.833s] WARNING:colcon.colcon_ros.prefix_path.ament:The path '/home/orsted/AGV_EEPIS/install/canbus' in the environment variable AMENT_PREFIX_PATH doesn't exist
[0.834s] WARNING:colcon.colcon_ros.prefix_path.ament:The path '/home/orsted/AGV_EEPIS/install/bringup' in the environment variable AMENT_PREFIX_PATH doesn't exist
[0.834s] WARNING:colcon.colcon_ros.prefix_path.ament:The path '/home/orsted/AGV_EEPIS/install/ascamera' in the environment variable AMENT_PREFIX_PATH doesn't exist
[0.834s] WARNING:colcon.colcon_ros.prefix_path.ament:The path '/home/orsted/AGV_EEPIS/install/agv_description' in the environment variable AMENT_PREFIX_PATH doesn't exist
[0.835s] WARNING:colcon.colcon_ros.prefix_path.catkin:The path '/home/orsted/AGV_EEPIS/install/ascamera' in the environment variable CMAKE_PREFIX_PATH doesn't exist
[0.839s] DEBUG:colcon.colcon_installed_package_information.package_discovery:Found 0 installed packages in /home/orsted/AGV_EEPIS/install
[0.840s] DEBUG:colcon.colcon_installed_package_information.package_discovery:Found 1 installed packages in /home/orsted/ascam_ros2_ws/install
[0.844s] DEBUG:colcon.colcon_installed_package_information.package_discovery:Found 351 installed packages in /opt/ros/jazzy
[0.849s] Level 1:colcon.colcon_core.package_discovery:discover_packages(prefix_path) using defaults
[0.980s] Level 5:colcon.colcon_core.verb:set package 'agv_description' build argument 'cmake_args' from command line to 'None'
[0.980s] Level 5:colcon.colcon_core.verb:set package 'agv_description' build argument 'cmake_target' from command line to 'None'
[0.980s] Level 5:colcon.colcon_core.verb:set package 'agv_description' build argument 'cmake_target_skip_unavailable' from command line to 'False'
[0.980s] Level 5:colcon.colcon_core.verb:set package 'agv_description' build argument 'cmake_clean_cache' from command line to 'False'
[0.980s] Level 5:colcon.colcon_core.verb:set package 'agv_description' build argument 'cmake_clean_first' from command line to 'False'
[0.980s] Level 5:colcon.colcon_core.verb:set package 'agv_description' build argument 'cmake_force_configure' from command line to 'False'
[0.980s] Level 5:colcon.colcon_core.verb:set package 'agv_description' build argument 'ament_cmake_args' from command line to 'None'
[0.980s] Level 5:colcon.colcon_core.verb:set package 'agv_description' build argument 'catkin_cmake_args' from command line to 'None'
[0.980s] Level 5:colcon.colcon_core.verb:set package 'agv_description' build argument 'catkin_skip_building_tests' from command line to 'False'
[0.981s] DEBUG:colcon.colcon_core.verb:Building package 'agv_description' with the following arguments: {'ament_cmake_args': None, 'build_base': '/home/orsted/AGV_EEPIS/build/agv_description', 'catkin_cmake_args': None, 'catkin_skip_building_tests': False, 'cmake_args': None, 'cmake_clean_cache': False, 'cmake_clean_first': False, 'cmake_force_configure': False, 'cmake_target': None, 'cmake_target_skip_unavailable': False, 'install_base': '/home/orsted/AGV_EEPIS/install/agv_description', 'merge_install': False, 'path': '/home/orsted/AGV_EEPIS/src/agv_description', 'symlink_install': True, 'test_result_base': None}
[0.981s] Level 5:colcon.colcon_core.verb:set package 'ascamera' build argument 'cmake_args' from command line to 'None'
[0.981s] Level 5:colcon.colcon_core.verb:set package 'ascamera' build argument 'cmake_target' from command line to 'None'
[0.981s] Level 5:colcon.colcon_core.verb:set package 'ascamera' build argument 'cmake_target_skip_unavailable' from command line to 'False'
[0.982s] Level 5:colcon.colcon_core.verb:set package 'ascamera' build argument 'cmake_clean_cache' from command line to 'False'
[0.982s] Level 5:colcon.colcon_core.verb:set package 'ascamera' build argument 'cmake_clean_first' from command line to 'False'
[0.982s] Level 5:colcon.colcon_core.verb:set package 'ascamera' build argument 'cmake_force_configure' from command line to 'False'
[0.982s] Level 5:colcon.colcon_core.verb:set package 'ascamera' build argument 'ament_cmake_args' from command line to 'None'
[0.982s] Level 5:colcon.colcon_core.verb:set package 'ascamera' build argument 'catkin_cmake_args' from command line to 'None'
[0.982s] Level 5:colcon.colcon_core.verb:set package 'ascamera' build argument 'catkin_skip_building_tests' from command line to 'False'
[0.982s] DEBUG:colcon.colcon_core.verb:Building package 'ascamera' with the following arguments: {'ament_cmake_args': None, 'build_base': '/home/orsted/AGV_EEPIS/build/ascamera', 'catkin_cmake_args': None, 'catkin_skip_building_tests': False, 'cmake_args': None, 'cmake_clean_cache': False, 'cmake_clean_first': False, 'cmake_force_configure': False, 'cmake_target': None, 'cmake_target_skip_unavailable': False, 'install_base': '/home/orsted/AGV_EEPIS/install/ascamera', 'merge_install': False, 'path': '/home/orsted/AGV_EEPIS/src/ascamera', 'symlink_install': True, 'test_result_base': None}
[0.982s] Level 5:colcon.colcon_core.verb:set package 'bringup' build argument 'cmake_args' from command line to 'None'
[0.983s] Level 5:colcon.colcon_core.verb:set package 'bringup' build argument 'cmake_target' from command line to 'None'
[0.983s] Level 5:colcon.colcon_core.verb:set package 'bringup' build argument 'cmake_target_skip_unavailable' from command line to 'False'
[0.983s] Level 5:colcon.colcon_core.verb:set package 'bringup' build argument 'cmake_clean_cache' from command line to 'False'
[0.983s] Level 5:colcon.colcon_core.verb:set package 'bringup' build argument 'cmake_clean_first' from command line to 'False'
[0.983s] Level 5:colcon.colcon_core.verb:set package 'bringup' build argument 'cmake_force_configure' from command line to 'False'
[0.983s] Level 5:colcon.colcon_core.verb:set package 'bringup' build argument 'ament_cmake_args' from command line to 'None'
[0.983s] Level 5:colcon.colcon_core.verb:set package 'bringup' build argument 'catkin_cmake_args' from command line to 'None'
[0.983s] Level 5:colcon.colcon_core.verb:set package 'bringup' build argument 'catkin_skip_building_tests' from command line to 'False'
[0.983s] DEBUG:colcon.colcon_core.verb:Building package 'bringup' with the following arguments: {'ament_cmake_args': None, 'build_base': '/home/orsted/AGV_EEPIS/build/bringup', 'catkin_cmake_args': None, 'catkin_skip_building_tests': False, 'cmake_args': None, 'cmake_clean_cache': False, 'cmake_clean_first': False, 'cmake_force_configure': False, 'cmake_target': None, 'cmake_target_skip_unavailable': False, 'install_base': '/home/orsted/AGV_EEPIS/install/bringup', 'merge_install': False, 'path': '/home/orsted/AGV_EEPIS/src/bringup', 'symlink_install': True, 'test_result_base': None}
[0.984s] Level 5:colcon.colcon_core.verb:set package 'canbus' build argument 'cmake_args' from command line to 'None'
[0.984s] Level 5:colcon.colcon_core.verb:set package 'canbus' build argument 'cmake_target' from command line to 'None'
[0.984s] Level 5:colcon.colcon_core.verb:set package 'canbus' build argument 'cmake_target_skip_unavailable' from command line to 'False'
[0.984s] Level 5:colcon.colcon_core.verb:set package 'canbus' build argument 'cmake_clean_cache' from command line to 'False'
[0.984s] Level 5:colcon.colcon_core.verb:set package 'canbus' build argument 'cmake_clean_first' from command line to 'False'
[0.984s] Level 5:colcon.colcon_core.verb:set package 'canbus' build argument 'cmake_force_configure' from command line to 'False'
[0.984s] Level 5:colcon.colcon_core.verb:set package 'canbus' build argument 'ament_cmake_args' from command line to 'None'
[0.984s] Level 5:colcon.colcon_core.verb:set package 'canbus' build argument 'catkin_cmake_args' from command line to 'None'
[0.984s] Level 5:colcon.colcon_core.verb:set package 'canbus' build argument 'catkin_skip_building_tests' from command line to 'False'
[0.984s] DEBUG:colcon.colcon_core.verb:Building package 'canbus' with the following arguments: {'ament_cmake_args': None, 'build_base': '/home/orsted/AGV_EEPIS/build/canbus', 'catkin_cmake_args': None, 'catkin_skip_building_tests': False, 'cmake_args': None, 'cmake_clean_cache': False, 'cmake_clean_first': False, 'cmake_force_configure': False, 'cmake_target': None, 'cmake_target_skip_unavailable': False, 'install_base': '/home/orsted/AGV_EEPIS/install/canbus', 'merge_install': False, 'path': '/home/orsted/AGV_EEPIS/src/canbus', 'symlink_install': True, 'test_result_base': None}
[0.985s] Level 5:colcon.colcon_core.verb:set package 'ddmr_description' build argument 'cmake_args' from command line to 'None'
[0.985s] Level 5:colcon.colcon_core.verb:set package 'ddmr_description' build argument 'cmake_target' from command line to 'None'
[0.985s] Level 5:colcon.colcon_core.verb:set package 'ddmr_description' build argument 'cmake_target_skip_unavailable' from command line to 'False'
[0.985s] Level 5:colcon.colcon_core.verb:set package 'ddmr_description' build argument 'cmake_clean_cache' from command line to 'False'
[0.985s] Level 5:colcon.colcon_core.verb:set package 'ddmr_description' build argument 'cmake_clean_first' from command line to 'False'
[0.985s] Level 5:colcon.colcon_core.verb:set package 'ddmr_description' build argument 'cmake_force_configure' from command line to 'False'
[0.985s] Level 5:colcon.colcon_core.verb:set package 'ddmr_description' build argument 'ament_cmake_args' from command line to 'None'
[0.985s] Level 5:colcon.colcon_core.verb:set package 'ddmr_description' build argument 'catkin_cmake_args' from command line to 'None'
[0.985s] Level 5:colcon.colcon_core.verb:set package 'ddmr_description' build argument 'catkin_skip_building_tests' from command line to 'False'
[0.985s] DEBUG:colcon.colcon_core.verb:Building package 'ddmr_description' with the following arguments: {'ament_cmake_args': None, 'build_base': '/home/orsted/AGV_EEPIS/build/ddmr_description', 'catkin_cmake_args': None, 'catkin_skip_building_tests': False, 'cmake_args': None, 'cmake_clean_cache': False, 'cmake_clean_first': False, 'cmake_force_configure': False, 'cmake_target': None, 'cmake_target_skip_unavailable': False, 'install_base': '/home/orsted/AGV_EEPIS/install/ddmr_description', 'merge_install': False, 'path': '/home/orsted/AGV_EEPIS/src/ddmr_description', 'symlink_install': True, 'test_result_base': None}
[0.986s] Level 5:colcon.colcon_core.verb:set package 'drive_controller' build argument 'cmake_args' from command line to 'None'
[0.986s] Level 5:colcon.colcon_core.verb:set package 'drive_controller' build argument 'cmake_target' from command line to 'None'
[0.986s] Level 5:colcon.colcon_core.verb:set package 'drive_controller' build argument 'cmake_target_skip_unavailable' from command line to 'False'
[0.986s] Level 5:colcon.colcon_core.verb:set package 'drive_controller' build argument 'cmake_clean_cache' from command line to 'False'
[0.986s] Level 5:colcon.colcon_core.verb:set package 'drive_controller' build argument 'cmake_clean_first' from command line to 'False'
[0.986s] Level 5:colcon.colcon_core.verb:set package 'drive_controller' build argument 'cmake_force_configure' from command line to 'False'
[0.986s] Level 5:colcon.colcon_core.verb:set package 'drive_controller' build argument 'ament_cmake_args' from command line to 'None'
[0.986s] Level 5:colcon.colcon_core.verb:set package 'drive_controller' build argument 'catkin_cmake_args' from command line to 'None'
[0.986s] Level 5:colcon.colcon_core.verb:set package 'drive_controller' build argument 'catkin_skip_building_tests' from command line to 'False'
[0.986s] DEBUG:colcon.colcon_core.verb:Building package 'drive_controller' with the following arguments: {'ament_cmake_args': None, 'build_base': '/home/orsted/AGV_EEPIS/build/drive_controller', 'catkin_cmake_args': None, 'catkin_skip_building_tests': False, 'cmake_args': None, 'cmake_clean_cache': False, 'cmake_clean_first': False, 'cmake_force_configure': False, 'cmake_target': None, 'cmake_target_skip_unavailable': False, 'install_base': '/home/orsted/AGV_EEPIS/install/drive_controller', 'merge_install': False, 'path': '/home/orsted/AGV_EEPIS/src/drive_controller', 'symlink_install': True, 'test_result_base': None}
[0.987s] Level 5:colcon.colcon_core.verb:set package 'remote' build argument 'cmake_args' from command line to 'None'
[0.987s] Level 5:colcon.colcon_core.verb:set package 'remote' build argument 'cmake_target' from command line to 'None'
[0.987s] Level 5:colcon.colcon_core.verb:set package 'remote' build argument 'cmake_target_skip_unavailable' from command line to 'False'
[0.987s] Level 5:colcon.colcon_core.verb:set package 'remote' build argument 'cmake_clean_cache' from command line to 'False'
[0.987s] Level 5:colcon.colcon_core.verb:set package 'remote' build argument 'cmake_clean_first' from command line to 'False'
[0.987s] Level 5:colcon.colcon_core.verb:set package 'remote' build argument 'cmake_force_configure' from command line to 'False'
[0.987s] Level 5:colcon.colcon_core.verb:set package 'remote' build argument 'ament_cmake_args' from command line to 'None'
[0.987s] Level 5:colcon.colcon_core.verb:set package 'remote' build argument 'catkin_cmake_args' from command line to 'None'
[0.987s] Level 5:colcon.colcon_core.verb:set package 'remote' build argument 'catkin_skip_building_tests' from command line to 'False'
[0.987s] DEBUG:colcon.colcon_core.verb:Building package 'remote' with the following arguments: {'ament_cmake_args': None, 'build_base': '/home/orsted/AGV_EEPIS/build/remote', 'catkin_cmake_args': None, 'catkin_skip_building_tests': False, 'cmake_args': None, 'cmake_clean_cache': False, 'cmake_clean_first': False, 'cmake_force_configure': False, 'cmake_target': None, 'cmake_target_skip_unavailable': False, 'install_base': '/home/orsted/AGV_EEPIS/install/remote', 'merge_install': False, 'path': '/home/orsted/AGV_EEPIS/src/remote', 'symlink_install': True, 'test_result_base': None}
[0.988s] Level 5:colcon.colcon_core.verb:set package 'slam' build argument 'cmake_args' from command line to 'None'
[0.988s] Level 5:colcon.colcon_core.verb:set package 'slam' build argument 'cmake_target' from command line to 'None'
[0.988s] Level 5:colcon.colcon_core.verb:set package 'slam' build argument 'cmake_target_skip_unavailable' from command line to 'False'
[0.988s] Level 5:colcon.colcon_core.verb:set package 'slam' build argument 'cmake_clean_cache' from command line to 'False'
[0.988s] Level 5:colcon.colcon_core.verb:set package 'slam' build argument 'cmake_clean_first' from command line to 'False'
[0.988s] Level 5:colcon.colcon_core.verb:set package 'slam' build argument 'cmake_force_configure' from command line to 'False'
[0.988s] Level 5:colcon.colcon_core.verb:set package 'slam' build argument 'ament_cmake_args' from command line to 'None'
[0.988s] Level 5:colcon.colcon_core.verb:set package 'slam' build argument 'catkin_cmake_args' from command line to 'None'
[0.988s] Level 5:colcon.colcon_core.verb:set package 'slam' build argument 'catkin_skip_building_tests' from command line to 'False'
[0.988s] DEBUG:colcon.colcon_core.verb:Building package 'slam' with the following arguments: {'ament_cmake_args': None, 'build_base': '/home/orsted/AGV_EEPIS/build/slam', 'catkin_cmake_args': None, 'catkin_skip_building_tests': False, 'cmake_args': None, 'cmake_clean_cache': False, 'cmake_clean_first': False, 'cmake_force_configure': False, 'cmake_target': None, 'cmake_target_skip_unavailable': False, 'install_base': '/home/orsted/AGV_EEPIS/install/slam', 'merge_install': False, 'path': '/home/orsted/AGV_EEPIS/src/slam', 'symlink_install': True, 'test_result_base': None}
[0.988s] Level 5:colcon.colcon_core.verb:set package 'system' build argument 'cmake_args' from command line to 'None'
[0.989s] Level 5:colcon.colcon_core.verb:set package 'system' build argument 'cmake_target' from command line to 'None'
[0.989s] Level 5:colcon.colcon_core.verb:set package 'system' build argument 'cmake_target_skip_unavailable' from command line to 'False'
[0.989s] Level 5:colcon.colcon_core.verb:set package 'system' build argument 'cmake_clean_cache' from command line to 'False'
[0.989s] Level 5:colcon.colcon_core.verb:set package 'system' build argument 'cmake_clean_first' from command line to 'False'
[0.989s] Level 5:colcon.colcon_core.verb:set package 'system' build argument 'cmake_force_configure' from command line to 'False'
[0.989s] Level 5:colcon.colcon_core.verb:set package 'system' build argument 'ament_cmake_args' from command line to 'None'
[0.989s] Level 5:colcon.colcon_core.verb:set package 'system' build argument 'catkin_cmake_args' from command line to 'None'
[0.989s] Level 5:colcon.colcon_core.verb:set package 'system' build argument 'catkin_skip_building_tests' from command line to 'False'
[0.989s] DEBUG:colcon.colcon_core.verb:Building package 'system' with the following arguments: {'ament_cmake_args': None, 'build_base': '/home/orsted/AGV_EEPIS/build/system', 'catkin_cmake_args': None, 'catkin_skip_building_tests': False, 'cmake_args': None, 'cmake_clean_cache': False, 'cmake_clean_first': False, 'cmake_force_configure': False, 'cmake_target': None, 'cmake_target_skip_unavailable': False, 'install_base': '/home/orsted/AGV_EEPIS/install/system', 'merge_install': False, 'path': '/home/orsted/AGV_EEPIS/src/system', 'symlink_install': True, 'test_result_base': None}
[0.989s] Level 5:colcon.colcon_core.verb:set package 'ultrasonic' build argument 'cmake_args' from command line to 'None'
[0.990s] Level 5:colcon.colcon_core.verb:set package 'ultrasonic' build argument 'cmake_target' from command line to 'None'
[0.990s] Level 5:colcon.colcon_core.verb:set package 'ultrasonic' build argument 'cmake_target_skip_unavailable' from command line to 'False'
[0.990s] Level 5:colcon.colcon_core.verb:set package 'ultrasonic' build argument 'cmake_clean_cache' from command line to 'False'
[0.990s] Level 5:colcon.colcon_core.verb:set package 'ultrasonic' build argument 'cmake_clean_first' from command line to 'False'
[0.990s] Level 5:colcon.colcon_core.verb:set package 'ultrasonic' build argument 'cmake_force_configure' from command line to 'False'
[0.990s] Level 5:colcon.colcon_core.verb:set package 'ultrasonic' build argument 'ament_cmake_args' from command line to 'None'
[0.990s] Level 5:colcon.colcon_core.verb:set package 'ultrasonic' build argument 'catkin_cmake_args' from command line to 'None'
[0.990s] Level 5:colcon.colcon_core.verb:set package 'ultrasonic' build argument 'catkin_skip_building_tests' from command line to 'False'
[0.990s] DEBUG:colcon.colcon_core.verb:Building package 'ultrasonic' with the following arguments: {'ament_cmake_args': None, 'build_base': '/home/orsted/AGV_EEPIS/build/ultrasonic', 'catkin_cmake_args': None, 'catkin_skip_building_tests': False, 'cmake_args': None, 'cmake_clean_cache': False, 'cmake_clean_first': False, 'cmake_force_configure': False, 'cmake_target': None, 'cmake_target_skip_unavailable': False, 'install_base': '/home/orsted/AGV_EEPIS/install/ultrasonic', 'merge_install': False, 'path': '/home/orsted/AGV_EEPIS/src/ultrasonic', 'symlink_install': True, 'test_result_base': None}
[0.990s] INFO:colcon.colcon_core.executor:Executing jobs using 'parallel' executor
[0.993s] DEBUG:colcon.colcon_parallel_executor.executor.parallel:run_until_complete
[0.994s] INFO:colcon.colcon_ros.task.ament_python.build:Building ROS package in '/home/orsted/AGV_EEPIS/src/agv_description' with build type 'ament_python'
[0.994s] Level 1:colcon.colcon_core.shell:create_environment_hook('agv_description', 'ament_prefix_path')
[1.010s] INFO:colcon.colcon_core.plugin_system:Skipping extension 'colcon_core.shell.bat': Not used on non-Windows systems
[1.010s] INFO:colcon.colcon_core.shell:Creating environment hook '/home/orsted/AGV_EEPIS/install/agv_description/share/agv_description/hook/ament_prefix_path.ps1'
[1.015s] INFO:colcon.colcon_core.shell:Creating environment descriptor '/home/orsted/AGV_EEPIS/install/agv_description/share/agv_description/hook/ament_prefix_path.dsv'
[1.017s] INFO:colcon.colcon_core.shell:Creating environment hook '/home/orsted/AGV_EEPIS/install/agv_description/share/agv_description/hook/ament_prefix_path.sh'
[1.020s] INFO:colcon.colcon_core.shell:Skip shell extension 'powershell' for command environment: Not usable outside of PowerShell
[1.020s] DEBUG:colcon.colcon_core.shell:Skip shell extension 'dsv' for command environment
[1.032s] INFO:colcon.colcon_ros.task.ament_cmake.build:Building ROS package in '/home/orsted/AGV_EEPIS/src/ascamera' with build type 'ament_cmake'
[1.033s] INFO:colcon.colcon_cmake.task.cmake.build:Building CMake package in '/home/orsted/AGV_EEPIS/src/ascamera'
[1.033s] INFO:colcon.colcon_core.shell:Skip shell extension 'powershell' for command environment: Not usable outside of PowerShell
[1.034s] DEBUG:colcon.colcon_core.shell:Skip shell extension 'dsv' for command environment
[1.045s] INFO:colcon.colcon_ros.task.ament_python.build:Building ROS package in '/home/orsted/AGV_EEPIS/src/bringup' with build type 'ament_python'
[1.045s] Level 1:colcon.colcon_core.shell:create_environment_hook('bringup', 'ament_prefix_path')
[1.046s] INFO:colcon.colcon_core.shell:Creating environment hook '/home/orsted/AGV_EEPIS/install/bringup/share/bringup/hook/ament_prefix_path.ps1'
[1.048s] INFO:colcon.colcon_core.shell:Creating environment descriptor '/home/orsted/AGV_EEPIS/install/bringup/share/bringup/hook/ament_prefix_path.dsv'
[1.049s] INFO:colcon.colcon_core.shell:Creating environment hook '/home/orsted/AGV_EEPIS/install/bringup/share/bringup/hook/ament_prefix_path.sh'
[1.050s] INFO:colcon.colcon_core.shell:Skip shell extension 'powershell' for command environment: Not usable outside of PowerShell
[1.050s] DEBUG:colcon.colcon_core.shell:Skip shell extension 'dsv' for command environment
[1.060s] INFO:colcon.colcon_ros.task.ament_python.build:Building ROS package in '/home/orsted/AGV_EEPIS/src/canbus' with build type 'ament_python'
[1.060s] Level 1:colcon.colcon_core.shell:create_environment_hook('canbus', 'ament_prefix_path')
[1.061s] INFO:colcon.colcon_core.shell:Creating environment hook '/home/orsted/AGV_EEPIS/install/canbus/share/canbus/hook/ament_prefix_path.ps1'
[1.063s] INFO:colcon.colcon_core.shell:Creating environment descriptor '/home/orsted/AGV_EEPIS/install/canbus/share/canbus/hook/ament_prefix_path.dsv'
[1.065s] INFO:colcon.colcon_core.shell:Creating environment hook '/home/orsted/AGV_EEPIS/install/canbus/share/canbus/hook/ament_prefix_path.sh'
[1.067s] INFO:colcon.colcon_core.shell:Skip shell extension 'powershell' for command environment: Not usable outside of PowerShell
[1.067s] DEBUG:colcon.colcon_core.shell:Skip shell extension 'dsv' for command environment
[1.077s] INFO:colcon.colcon_ros.task.ament_python.build:Building ROS package in '/home/orsted/AGV_EEPIS/src/ddmr_description' with build type 'ament_python'
[1.077s] Level 1:colcon.colcon_core.shell:create_environment_hook('ddmr_description', 'ament_prefix_path')
[1.078s] INFO:colcon.colcon_core.shell:Creating environment hook '/home/orsted/AGV_EEPIS/install/ddmr_description/share/ddmr_description/hook/ament_prefix_path.ps1'
[1.079s] INFO:colcon.colcon_core.shell:Creating environment descriptor '/home/orsted/AGV_EEPIS/install/ddmr_description/share/ddmr_description/hook/ament_prefix_path.dsv'
[1.080s] INFO:colcon.colcon_core.shell:Creating environment hook '/home/orsted/AGV_EEPIS/install/ddmr_description/share/ddmr_description/hook/ament_prefix_path.sh'
[1.082s] INFO:colcon.colcon_core.shell:Skip shell extension 'powershell' for command environment: Not usable outside of PowerShell
[1.082s] DEBUG:colcon.colcon_core.shell:Skip shell extension 'dsv' for command environment
[1.091s] INFO:colcon.colcon_ros.task.ament_python.build:Building ROS package in '/home/orsted/AGV_EEPIS/src/drive_controller' with build type 'ament_python'
[1.092s] Level 1:colcon.colcon_core.shell:create_environment_hook('drive_controller', 'ament_prefix_path')
[1.092s] INFO:colcon.colcon_core.shell:Creating environment hook '/home/orsted/AGV_EEPIS/install/drive_controller/share/drive_controller/hook/ament_prefix_path.ps1'
[1.095s] INFO:colcon.colcon_core.shell:Creating environment descriptor '/home/orsted/AGV_EEPIS/install/drive_controller/share/drive_controller/hook/ament_prefix_path.dsv'
[1.096s] INFO:colcon.colcon_core.shell:Creating environment hook '/home/orsted/AGV_EEPIS/install/drive_controller/share/drive_controller/hook/ament_prefix_path.sh'
[1.098s] INFO:colcon.colcon_core.shell:Skip shell extension 'powershell' for command environment: Not usable outside of PowerShell
[1.098s] DEBUG:colcon.colcon_core.shell:Skip shell extension 'dsv' for command environment
[1.783s] INFO:colcon.colcon_core.task.python.build:Building Python package in '/home/orsted/AGV_EEPIS/src/agv_description'
[1.784s] INFO:colcon.colcon_core.shell:Skip shell extension 'powershell' for command environment: Not usable outside of PowerShell
[1.784s] DEBUG:colcon.colcon_core.shell:Skip shell extension 'dsv' for command environment
[1.808s] DEBUG:colcon.colcon_core.event_handler.log_command:Invoking command in '/home/orsted/AGV_EEPIS/build/ascamera': CMAKE_PREFIX_PATH=${CMAKE_PREFIX_PATH}:/home/orsted/AGV_EEPIS/install/ultrasonic:/home/orsted/AGV_EEPIS/install/system:/home/orsted/AGV_EEPIS/install/slam:/home/orsted/AGV_EEPIS/install/remote:/home/orsted/AGV_EEPIS/install/drive_controller:/home/orsted/AGV_EEPIS/install/ddmr_description:/home/orsted/AGV_EEPIS/install/canbus:/home/orsted/AGV_EEPIS/install/bringup:/home/orsted/AGV_EEPIS/install/agv_description:/opt/ros/jazzy DEBUGINFOD_URLS=https://debuginfod.ubuntu.com /usr/bin/cmake /home/orsted/AGV_EEPIS/src/ascamera -DAMENT_CMAKE_SYMLINK_INSTALL=1 -DCMAKE_INSTALL_PREFIX=/home/orsted/AGV_EEPIS/install/ascamera
[2.475s] INFO:colcon.colcon_core.task.python.build:Building Python package in '/home/orsted/AGV_EEPIS/src/bringup'
[2.476s] INFO:colcon.colcon_core.shell:Skip shell extension 'powershell' for command environment: Not usable outside of PowerShell
[2.477s] DEBUG:colcon.colcon_core.shell:Skip shell extension 'dsv' for command environment
[3.140s] INFO:colcon.colcon_core.task.python.build:Building Python package in '/home/orsted/AGV_EEPIS/src/canbus'
[3.141s] INFO:colcon.colcon_core.shell:Skip shell extension 'powershell' for command environment: Not usable outside of PowerShell
[3.141s] DEBUG:colcon.colcon_core.shell:Skip shell extension 'dsv' for command environment
[3.823s] INFO:colcon.colcon_core.task.python.build:Building Python package in '/home/orsted/AGV_EEPIS/src/ddmr_description'
[3.824s] INFO:colcon.colcon_core.shell:Skip shell extension 'powershell' for command environment: Not usable outside of PowerShell
[3.824s] DEBUG:colcon.colcon_core.shell:Skip shell extension 'dsv' for command environment
[4.504s] INFO:colcon.colcon_core.task.python.build:Building Python package in '/home/orsted/AGV_EEPIS/src/drive_controller'
[4.505s] INFO:colcon.colcon_core.shell:Skip shell extension 'powershell' for command environment: Not usable outside of PowerShell
[4.505s] DEBUG:colcon.colcon_core.shell:Skip shell extension 'dsv' for command environment
[7.198s] DEBUG:colcon.colcon_core.task.python.build:Available setuptools commands: extract_messages, easy_install, setopt, dist_info, build_scripts, upload, egg_info, update_catalog, saveopts, symlink_data, editable_wheel, clean, install_scripts, test, install_egg_info, rotate, compile_catalog, build_ext, register, upload_docs, alias, build_py, install_data, build, init_catalog, check, bdist_wheel, install, bdist, install_lib, bdist_egg, bdist_dumb, install_headers, bdist_rpm, sdist, develop, build_clib
[7.235s] DEBUG:colcon.colcon_core.task.python.build:Available setuptools commands: extract_messages, easy_install, setopt, dist_info, build_scripts, upload, egg_info, update_catalog, saveopts, symlink_data, editable_wheel, clean, install_scripts, test, install_egg_info, rotate, compile_catalog, build_ext, register, upload_docs, alias, build_py, install_data, build, init_catalog, check, bdist_wheel, install, bdist, install_lib, bdist_egg, bdist_dumb, install_headers, bdist_rpm, sdist, develop, build_clib
[7.243s] DEBUG:colcon.colcon_core.task.python.build:Available setuptools commands: extract_messages, easy_install, setopt, dist_info, build_scripts, upload, egg_info, update_catalog, saveopts, symlink_data, editable_wheel, clean, install_scripts, test, install_egg_info, rotate, compile_catalog, build_ext, register, upload_docs, alias, build_py, install_data, build, init_catalog, check, bdist_wheel, install, bdist, install_lib, bdist_egg, bdist_dumb, install_headers, bdist_rpm, sdist, develop, build_clib
[7.262s] DEBUG:colcon.colcon_core.task.python.build:Available setuptools commands: extract_messages, easy_install, setopt, dist_info, build_scripts, upload, egg_info, update_catalog, saveopts, symlink_data, editable_wheel, clean, install_scripts, test, install_egg_info, rotate, compile_catalog, build_ext, register, upload_docs, alias, build_py, install_data, build, init_catalog, check, bdist_wheel, install, bdist, install_lib, bdist_egg, bdist_dumb, install_headers, bdist_rpm, sdist, develop, build_clib
[7.321s] DEBUG:colcon.colcon_core.task.python.build:Available setuptools commands: extract_messages, easy_install, setopt, dist_info, build_scripts, upload, egg_info, update_catalog, saveopts, symlink_data, editable_wheel, clean, install_scripts, test, install_egg_info, rotate, compile_catalog, build_ext, register, upload_docs, alias, build_py, install_data, build, init_catalog, check, bdist_wheel, install, bdist, install_lib, bdist_egg, bdist_dumb, install_headers, bdist_rpm, sdist, develop, build_clib
[8.326s] DEBUG:colcon.colcon_core.task.python.build:Available setuptools 'develop' options: --no-user-cfg, --allow-hosts, --force-installation-into-system-dir, --verbose, --install-dir, --quiet, --upgrade, --zip-ok, --multi-version, --egg-path, --always-copy, --exclude-scripts, --index-url, --find-links, --local-snapshots-ok, --editable, --dry-run, --no-deps, --version, --record, --help, --install-layout, --user, --always-unzip, --script-dir, --prefix, --site-dirs, --no-find-links, --uninstall, --build-directory, --optimize
[8.331s] DEBUG:colcon.colcon_core.event_handler.log_command:Invoking command in '/home/orsted/AGV_EEPIS/build/drive_controller': DEBUGINFOD_URLS=https://debuginfod.ubuntu.com PYTHONPATH=/home/orsted/AGV_EEPIS/build/drive_controller/prefix_override:/usr/lib/python3/dist-packages/colcon_core/task/python/colcon_distutils_commands:/home/orsted/AGV_EEPIS/install/drive_controller/lib/python3.12/site-packages:${PYTHONPATH} /usr/bin/python3 -W ignore:setup.py install is deprecated -W ignore:easy_install command is deprecated setup.py develop --editable --build-directory /home/orsted/AGV_EEPIS/build/drive_controller/build --no-deps symlink_data
[8.526s] DEBUG:colcon.colcon_core.task.python.build:Available setuptools 'develop' options: --no-user-cfg, --allow-hosts, --force-installation-into-system-dir, --verbose, --install-dir, --quiet, --upgrade, --zip-ok, --multi-version, --egg-path, --always-copy, --exclude-scripts, --index-url, --find-links, --local-snapshots-ok, --editable, --dry-run, --no-deps, --version, --record, --help, --install-layout, --user, --always-unzip, --script-dir, --prefix, --site-dirs, --no-find-links, --uninstall, --build-directory, --optimize
[8.531s] DEBUG:colcon.colcon_core.event_handler.log_command:Invoking command in '/home/orsted/AGV_EEPIS/build/canbus': DEBUGINFOD_URLS=https://debuginfod.ubuntu.com PYTHONPATH=/home/orsted/AGV_EEPIS/build/canbus/prefix_override:/usr/lib/python3/dist-packages/colcon_core/task/python/colcon_distutils_commands:/home/orsted/AGV_EEPIS/install/canbus/lib/python3.12/site-packages:${PYTHONPATH} /usr/bin/python3 -W ignore:setup.py install is deprecated -W ignore:easy_install command is deprecated setup.py develop --editable --build-directory /home/orsted/AGV_EEPIS/build/canbus/build --no-deps symlink_data
[8.561s] DEBUG:colcon.colcon_core.task.python.build:Available setuptools 'develop' options: --no-user-cfg, --allow-hosts, --force-installation-into-system-dir, --verbose, --install-dir, --quiet, --upgrade, --zip-ok, --multi-version, --egg-path, --always-copy, --exclude-scripts, --index-url, --find-links, --local-snapshots-ok, --editable, --dry-run, --no-deps, --version, --record, --help, --install-layout, --user, --always-unzip, --script-dir, --prefix, --site-dirs, --no-find-links, --uninstall, --build-directory, --optimize
[8.568s] DEBUG:colcon.colcon_core.task.python.build:Available setuptools 'develop' options: --no-user-cfg, --allow-hosts, --force-installation-into-system-dir, --verbose, --install-dir, --quiet, --upgrade, --zip-ok, --multi-version, --egg-path, --always-copy, --exclude-scripts, --index-url, --find-links, --local-snapshots-ok, --editable, --dry-run, --no-deps, --version, --record, --help, --install-layout, --user, --always-unzip, --script-dir, --prefix, --site-dirs, --no-find-links, --uninstall, --build-directory, --optimize
[8.571s] DEBUG:colcon.colcon_core.event_handler.log_command:Invoking command in '/home/orsted/AGV_EEPIS/build/bringup': DEBUGINFOD_URLS=https://debuginfod.ubuntu.com PYTHONPATH=/home/orsted/AGV_EEPIS/build/bringup/prefix_override:/usr/lib/python3/dist-packages/colcon_core/task/python/colcon_distutils_commands:/home/orsted/AGV_EEPIS/install/bringup/lib/python3.12/site-packages:${PYTHONPATH} /usr/bin/python3 -W ignore:setup.py install is deprecated -W ignore:easy_install command is deprecated setup.py develop --editable --build-directory /home/orsted/AGV_EEPIS/build/bringup/build --no-deps symlink_data
[8.577s] DEBUG:colcon.colcon_core.event_handler.log_command:Invoking command in '/home/orsted/AGV_EEPIS/build/agv_description': DEBUGINFOD_URLS=https://debuginfod.ubuntu.com PYTHONPATH=/home/orsted/AGV_EEPIS/build/agv_description/prefix_override:/usr/lib/python3/dist-packages/colcon_core/task/python/colcon_distutils_commands:/home/orsted/AGV_EEPIS/install/agv_description/lib/python3.12/site-packages:${PYTHONPATH} /usr/bin/python3 -W ignore:setup.py install is deprecated -W ignore:easy_install command is deprecated setup.py develop --editable --build-directory /home/orsted/AGV_EEPIS/build/agv_description/build --no-deps symlink_data
[8.639s] DEBUG:colcon.colcon_core.task.python.build:Available setuptools 'develop' options: --no-user-cfg, --allow-hosts, --force-installation-into-system-dir, --verbose, --install-dir, --quiet, --upgrade, --zip-ok, --multi-version, --egg-path, --always-copy, --exclude-scripts, --index-url, --find-links, --local-snapshots-ok, --editable, --dry-run, --no-deps, --version, --record, --help, --install-layout, --user, --always-unzip, --script-dir, --prefix, --site-dirs, --no-find-links, --uninstall, --build-directory, --optimize
[8.646s] DEBUG:colcon.colcon_core.event_handler.log_command:Invoking command in '/home/orsted/AGV_EEPIS/build/ddmr_description': DEBUGINFOD_URLS=https://debuginfod.ubuntu.com PYTHONPATH=/home/orsted/AGV_EEPIS/build/ddmr_description/prefix_override:/usr/lib/python3/dist-packages/colcon_core/task/python/colcon_distutils_commands:/home/orsted/AGV_EEPIS/install/ddmr_description/lib/python3.12/site-packages:${PYTHONPATH} /usr/bin/python3 -W ignore:setup.py install is deprecated -W ignore:easy_install command is deprecated setup.py develop --editable --build-directory /home/orsted/AGV_EEPIS/build/ddmr_description/build --no-deps symlink_data
[10.418s] Level 1:colcon.colcon_core.shell:create_environment_hook('drive_controller', 'pythonpath_develop')
[10.419s] INFO:colcon.colcon_core.shell:Creating environment hook '/home/orsted/AGV_EEPIS/build/drive_controller/share/drive_controller/hook/pythonpath_develop.ps1'
[10.422s] DEBUG:colcon.colcon_core.event_handler.log_command:Invoked command in '/home/orsted/AGV_EEPIS/build/drive_controller' returned '0': DEBUGINFOD_URLS=https://debuginfod.ubuntu.com PYTHONPATH=/home/orsted/AGV_EEPIS/build/drive_controller/prefix_override:/usr/lib/python3/dist-packages/colcon_core/task/python/colcon_distutils_commands:/home/orsted/AGV_EEPIS/install/drive_controller/lib/python3.12/site-packages:${PYTHONPATH} /usr/bin/python3 -W ignore:setup.py install is deprecated -W ignore:easy_install command is deprecated setup.py develop --editable --build-directory /home/orsted/AGV_EEPIS/build/drive_controller/build --no-deps symlink_data
[10.425s] INFO:colcon.colcon_core.shell:Creating environment descriptor '/home/orsted/AGV_EEPIS/build/drive_controller/share/drive_controller/hook/pythonpath_develop.dsv'
[10.426s] INFO:colcon.colcon_core.shell:Creating environment hook '/home/orsted/AGV_EEPIS/build/drive_controller/share/drive_controller/hook/pythonpath_develop.sh'
[10.448s] Level 1:colcon.colcon_core.environment:checking '/home/orsted/AGV_EEPIS/install/drive_controller' for CMake module files
[10.451s] Level 1:colcon.colcon_core.environment:checking '/home/orsted/AGV_EEPIS/install/drive_controller' for CMake config files
[10.453s] Level 1:colcon.colcon_core.environment:checking '/home/orsted/AGV_EEPIS/install/drive_controller/lib'
[10.453s] Level 1:colcon.colcon_core.environment:checking '/home/orsted/AGV_EEPIS/install/drive_controller/bin'
[10.453s] Level 1:colcon.colcon_core.environment:checking '/home/orsted/AGV_EEPIS/install/drive_controller/lib/pkgconfig/drive_controller.pc'
[10.454s] Level 1:colcon.colcon_core.environment:checking '/home/orsted/AGV_EEPIS/install/drive_controller/lib/python3.12/site-packages'
[10.454s] Level 1:colcon.colcon_core.shell:create_environment_hook('drive_controller', 'pythonpath')
[10.455s] INFO:colcon.colcon_core.shell:Creating environment hook '/home/orsted/AGV_EEPIS/install/drive_controller/share/drive_controller/hook/pythonpath.ps1'
[10.456s] INFO:colcon.colcon_core.shell:Creating environment descriptor '/home/orsted/AGV_EEPIS/install/drive_controller/share/drive_controller/hook/pythonpath.dsv'
[10.457s] INFO:colcon.colcon_core.shell:Creating environment hook '/home/orsted/AGV_EEPIS/install/drive_controller/share/drive_controller/hook/pythonpath.sh'
[10.459s] Level 1:colcon.colcon_core.environment:checking '/home/orsted/AGV_EEPIS/install/drive_controller/bin'
[10.459s] Level 1:colcon.colcon_core.environment:create_environment_scripts_only(drive_controller)
[10.460s] INFO:colcon.colcon_core.shell:Creating package script '/home/orsted/AGV_EEPIS/install/drive_controller/share/drive_controller/package.ps1'
[10.464s] INFO:colcon.colcon_core.shell:Creating package descriptor '/home/orsted/AGV_EEPIS/install/drive_controller/share/drive_controller/package.dsv'
[10.467s] INFO:colcon.colcon_core.shell:Creating package script '/home/orsted/AGV_EEPIS/install/drive_controller/share/drive_controller/package.sh'
[10.471s] INFO:colcon.colcon_core.shell:Creating package script '/home/orsted/AGV_EEPIS/install/drive_controller/share/drive_controller/package.bash'
[10.474s] INFO:colcon.colcon_core.shell:Creating package script '/home/orsted/AGV_EEPIS/install/drive_controller/share/drive_controller/package.zsh'
[10.476s] Level 1:colcon.colcon_core.environment:create_file_with_runtime_dependencies(/home/orsted/AGV_EEPIS/install/drive_controller/share/colcon-core/packages/drive_controller)
[10.478s] INFO:colcon.colcon_ros.task.ament_python.build:Building ROS package in '/home/orsted/AGV_EEPIS/src/remote' with build type 'ament_python'
[10.478s] Level 1:colcon.colcon_core.shell:create_environment_hook('remote', 'ament_prefix_path')
[10.479s] INFO:colcon.colcon_core.shell:Creating environment hook '/home/orsted/AGV_EEPIS/install/remote/share/remote/hook/ament_prefix_path.ps1'
[10.483s] INFO:colcon.colcon_core.shell:Creating environment descriptor '/home/orsted/AGV_EEPIS/install/remote/share/remote/hook/ament_prefix_path.dsv'
[10.484s] INFO:colcon.colcon_core.shell:Creating environment hook '/home/orsted/AGV_EEPIS/install/remote/share/remote/hook/ament_prefix_path.sh'
[10.486s] INFO:colcon.colcon_core.shell:Skip shell extension 'powershell' for command environment: Not usable outside of PowerShell
[10.486s] DEBUG:colcon.colcon_core.shell:Skip shell extension 'dsv' for command environment
[11.261s] INFO:colcon.colcon_core.task.python.build:Building Python package in '/home/orsted/AGV_EEPIS/src/remote'
[11.263s] INFO:colcon.colcon_core.shell:Skip shell extension 'powershell' for command environment: Not usable outside of PowerShell
[11.263s] DEBUG:colcon.colcon_core.shell:Skip shell extension 'dsv' for command environment
[11.279s] Level 1:colcon.colcon_core.shell:create_environment_hook('agv_description', 'pythonpath_develop')
[11.280s] INFO:colcon.colcon_core.shell:Creating environment hook '/home/orsted/AGV_EEPIS/build/agv_description/share/agv_description/hook/pythonpath_develop.ps1'
[11.281s] DEBUG:colcon.colcon_core.event_handler.log_command:Invoked command in '/home/orsted/AGV_EEPIS/build/agv_description' returned '0': DEBUGINFOD_URLS=https://debuginfod.ubuntu.com PYTHONPATH=/home/orsted/AGV_EEPIS/build/agv_description/prefix_override:/usr/lib/python3/dist-packages/colcon_core/task/python/colcon_distutils_commands:/home/orsted/AGV_EEPIS/install/agv_description/lib/python3.12/site-packages:${PYTHONPATH} /usr/bin/python3 -W ignore:setup.py install is deprecated -W ignore:easy_install command is deprecated setup.py develop --editable --build-directory /home/orsted/AGV_EEPIS/build/agv_description/build --no-deps symlink_data
[11.282s] INFO:colcon.colcon_core.shell:Creating environment descriptor '/home/orsted/AGV_EEPIS/build/agv_description/share/agv_description/hook/pythonpath_develop.dsv'
[11.283s] INFO:colcon.colcon_core.shell:Creating environment hook '/home/orsted/AGV_EEPIS/build/agv_description/share/agv_description/hook/pythonpath_develop.sh'
[11.285s] Level 1:colcon.colcon_core.environment:checking '/home/orsted/AGV_EEPIS/install/agv_description' for CMake module files
[11.286s] Level 1:colcon.colcon_core.environment:checking '/home/orsted/AGV_EEPIS/install/agv_description' for CMake config files
[11.288s] Level 1:colcon.colcon_core.environment:checking '/home/orsted/AGV_EEPIS/install/agv_description/lib'
[11.289s] Level 1:colcon.colcon_core.environment:checking '/home/orsted/AGV_EEPIS/install/agv_description/bin'
[11.289s] Level 1:colcon.colcon_core.environment:checking '/home/orsted/AGV_EEPIS/install/agv_description/lib/pkgconfig/agv_description.pc'
[11.289s] Level 1:colcon.colcon_core.environment:checking '/home/orsted/AGV_EEPIS/install/agv_description/lib/python3.12/site-packages'
[11.290s] Level 1:colcon.colcon_core.shell:create_environment_hook('agv_description', 'pythonpath')
[11.290s] INFO:colcon.colcon_core.shell:Creating environment hook '/home/orsted/AGV_EEPIS/install/agv_description/share/agv_description/hook/pythonpath.ps1'
[11.291s] INFO:colcon.colcon_core.shell:Creating environment descriptor '/home/orsted/AGV_EEPIS/install/agv_description/share/agv_description/hook/pythonpath.dsv'
[11.292s] INFO:colcon.colcon_core.shell:Creating environment hook '/home/orsted/AGV_EEPIS/install/agv_description/share/agv_description/hook/pythonpath.sh'
[11.294s] Level 1:colcon.colcon_core.environment:checking '/home/orsted/AGV_EEPIS/install/agv_description/bin'
[11.294s] Level 1:colcon.colcon_core.environment:create_environment_scripts_only(agv_description)
[11.294s] INFO:colcon.colcon_core.shell:Creating package script '/home/orsted/AGV_EEPIS/install/agv_description/share/agv_description/package.ps1'
[11.296s] INFO:colcon.colcon_core.shell:Creating package descriptor '/home/orsted/AGV_EEPIS/install/agv_description/share/agv_description/package.dsv'
[11.298s] INFO:colcon.colcon_core.shell:Creating package script '/home/orsted/AGV_EEPIS/install/agv_description/share/agv_description/package.sh'
[11.299s] INFO:colcon.colcon_core.shell:Creating package script '/home/orsted/AGV_EEPIS/install/agv_description/share/agv_description/package.bash'
[11.300s] INFO:colcon.colcon_core.shell:Creating package script '/home/orsted/AGV_EEPIS/install/agv_description/share/agv_description/package.zsh'
[11.301s] Level 1:colcon.colcon_core.environment:create_file_with_runtime_dependencies(/home/orsted/AGV_EEPIS/install/agv_description/share/colcon-core/packages/agv_description)
[11.302s] Level 1:colcon.colcon_core.shell:create_environment_hook('ddmr_description', 'pythonpath_develop')
[11.303s] INFO:colcon.colcon_core.shell:Creating environment hook '/home/orsted/AGV_EEPIS/build/ddmr_description/share/ddmr_description/hook/pythonpath_develop.ps1'
[11.306s] DEBUG:colcon.colcon_core.event_handler.log_command:Invoked command in '/home/orsted/AGV_EEPIS/build/ddmr_description' returned '0': DEBUGINFOD_URLS=https://debuginfod.ubuntu.com PYTHONPATH=/home/orsted/AGV_EEPIS/build/ddmr_description/prefix_override:/usr/lib/python3/dist-packages/colcon_core/task/python/colcon_distutils_commands:/home/orsted/AGV_EEPIS/install/ddmr_description/lib/python3.12/site-packages:${PYTHONPATH} /usr/bin/python3 -W ignore:setup.py install is deprecated -W ignore:easy_install command is deprecated setup.py develop --editable --build-directory /home/orsted/AGV_EEPIS/build/ddmr_description/build --no-deps symlink_data
[11.306s] INFO:colcon.colcon_core.shell:Creating environment descriptor '/home/orsted/AGV_EEPIS/build/ddmr_description/share/ddmr_description/hook/pythonpath_develop.dsv'
[11.307s] INFO:colcon.colcon_core.shell:Creating environment hook '/home/orsted/AGV_EEPIS/build/ddmr_description/share/ddmr_description/hook/pythonpath_develop.sh'
[11.310s] Level 1:colcon.colcon_core.environment:checking '/home/orsted/AGV_EEPIS/install/ddmr_description' for CMake module files
[11.312s] Level 1:colcon.colcon_core.environment:checking '/home/orsted/AGV_EEPIS/install/ddmr_description' for CMake config files
[11.314s] Level 1:colcon.colcon_core.environment:checking '/home/orsted/AGV_EEPIS/install/ddmr_description/lib'
[11.314s] Level 1:colcon.colcon_core.environment:checking '/home/orsted/AGV_EEPIS/install/ddmr_description/bin'
[11.314s] Level 1:colcon.colcon_core.environment:checking '/home/orsted/AGV_EEPIS/install/ddmr_description/lib/pkgconfig/ddmr_description.pc'
[11.315s] Level 1:colcon.colcon_core.environment:checking '/home/orsted/AGV_EEPIS/install/ddmr_description/lib/python3.12/site-packages'
[11.316s] Level 1:colcon.colcon_core.shell:create_environment_hook('ddmr_description', 'pythonpath')
[11.316s] INFO:colcon.colcon_core.shell:Creating environment hook '/home/orsted/AGV_EEPIS/install/ddmr_description/share/ddmr_description/hook/pythonpath.ps1'
[11.318s] INFO:colcon.colcon_core.shell:Creating environment descriptor '/home/orsted/AGV_EEPIS/install/ddmr_description/share/ddmr_description/hook/pythonpath.dsv'
[11.319s] INFO:colcon.colcon_core.shell:Creating environment hook '/home/orsted/AGV_EEPIS/install/ddmr_description/share/ddmr_description/hook/pythonpath.sh'
[11.321s] Level 1:colcon.colcon_core.environment:checking '/home/orsted/AGV_EEPIS/install/ddmr_description/bin'
[11.321s] Level 1:colcon.colcon_core.environment:create_environment_scripts_only(ddmr_description)
[11.322s] INFO:colcon.colcon_core.shell:Creating package script '/home/orsted/AGV_EEPIS/install/ddmr_description/share/ddmr_description/package.ps1'
[11.324s] INFO:colcon.colcon_core.shell:Creating package descriptor '/home/orsted/AGV_EEPIS/install/ddmr_description/share/ddmr_description/package.dsv'
[11.325s] INFO:colcon.colcon_core.shell:Creating package script '/home/orsted/AGV_EEPIS/install/ddmr_description/share/ddmr_description/package.sh'
[11.327s] INFO:colcon.colcon_core.shell:Creating package script '/home/orsted/AGV_EEPIS/install/ddmr_description/share/ddmr_description/package.bash'
[11.328s] INFO:colcon.colcon_core.shell:Creating package script '/home/orsted/AGV_EEPIS/install/ddmr_description/share/ddmr_description/package.zsh'
[11.329s] Level 1:colcon.colcon_core.environment:create_file_with_runtime_dependencies(/home/orsted/AGV_EEPIS/install/ddmr_description/share/colcon-core/packages/ddmr_description)
[11.330s] Level 1:colcon.colcon_core.shell:create_environment_hook('canbus', 'pythonpath_develop')
[11.331s] INFO:colcon.colcon_core.shell:Creating environment hook '/home/orsted/AGV_EEPIS/build/canbus/share/canbus/hook/pythonpath_develop.ps1'
[11.333s] DEBUG:colcon.colcon_core.event_handler.log_command:Invoked command in '/home/orsted/AGV_EEPIS/build/canbus' returned '0': DEBUGINFOD_URLS=https://debuginfod.ubuntu.com PYTHONPATH=/home/orsted/AGV_EEPIS/build/canbus/prefix_override:/usr/lib/python3/dist-packages/colcon_core/task/python/colcon_distutils_commands:/home/orsted/AGV_EEPIS/install/canbus/lib/python3.12/site-packages:${PYTHONPATH} /usr/bin/python3 -W ignore:setup.py install is deprecated -W ignore:easy_install command is deprecated setup.py develop --editable --build-directory /home/orsted/AGV_EEPIS/build/canbus/build --no-deps symlink_data
[11.333s] INFO:colcon.colcon_core.shell:Creating environment descriptor '/home/orsted/AGV_EEPIS/build/canbus/share/canbus/hook/pythonpath_develop.dsv'
[11.334s] INFO:colcon.colcon_core.shell:Creating environment hook '/home/orsted/AGV_EEPIS/build/canbus/share/canbus/hook/pythonpath_develop.sh'
[11.336s] Level 1:colcon.colcon_core.environment:checking '/home/orsted/AGV_EEPIS/install/canbus' for CMake module files
[11.338s] Level 1:colcon.colcon_core.environment:checking '/home/orsted/AGV_EEPIS/install/canbus' for CMake config files
[11.339s] Level 1:colcon.colcon_core.environment:checking '/home/orsted/AGV_EEPIS/install/canbus/lib'
[11.339s] Level 1:colcon.colcon_core.environment:checking '/home/orsted/AGV_EEPIS/install/canbus/bin'
[11.339s] Level 1:colcon.colcon_core.environment:checking '/home/orsted/AGV_EEPIS/install/canbus/lib/pkgconfig/canbus.pc'
[11.340s] Level 1:colcon.colcon_core.environment:checking '/home/orsted/AGV_EEPIS/install/canbus/lib/python3.12/site-packages'
[11.340s] Level 1:colcon.colcon_core.shell:create_environment_hook('canbus', 'pythonpath')
[11.341s] INFO:colcon.colcon_core.shell:Creating environment hook '/home/orsted/AGV_EEPIS/install/canbus/share/canbus/hook/pythonpath.ps1'
[11.342s] INFO:colcon.colcon_core.shell:Creating environment descriptor '/home/orsted/AGV_EEPIS/install/canbus/share/canbus/hook/pythonpath.dsv'
[11.343s] INFO:colcon.colcon_core.shell:Creating environment hook '/home/orsted/AGV_EEPIS/install/canbus/share/canbus/hook/pythonpath.sh'
[11.345s] Level 1:colcon.colcon_core.environment:checking '/home/orsted/AGV_EEPIS/install/canbus/bin'
[11.345s] Level 1:colcon.colcon_core.environment:create_environment_scripts_only(canbus)
[11.346s] INFO:colcon.colcon_core.shell:Creating package script '/home/orsted/AGV_EEPIS/install/canbus/share/canbus/package.ps1'
[11.348s] INFO:colcon.colcon_core.shell:Creating package descriptor '/home/orsted/AGV_EEPIS/install/canbus/share/canbus/package.dsv'
[11.349s] INFO:colcon.colcon_core.shell:Creating package script '/home/orsted/AGV_EEPIS/install/canbus/share/canbus/package.sh'
[11.350s] INFO:colcon.colcon_core.shell:Creating package script '/home/orsted/AGV_EEPIS/install/canbus/share/canbus/package.bash'
[11.351s] INFO:colcon.colcon_core.shell:Creating package script '/home/orsted/AGV_EEPIS/install/canbus/share/canbus/package.zsh'
[11.351s] Level 1:colcon.colcon_core.environment:create_file_with_runtime_dependencies(/home/orsted/AGV_EEPIS/install/canbus/share/colcon-core/packages/canbus)
[11.352s] Level 1:colcon.colcon_core.shell:create_environment_hook('bringup', 'pythonpath_develop')
[11.353s] INFO:colcon.colcon_core.shell:Creating environment hook '/home/orsted/AGV_EEPIS/build/bringup/share/bringup/hook/pythonpath_develop.ps1'
[11.356s] DEBUG:colcon.colcon_core.event_handler.log_command:Invoked command in '/home/orsted/AGV_EEPIS/build/bringup' returned '0': DEBUGINFOD_URLS=https://debuginfod.ubuntu.com PYTHONPATH=/home/orsted/AGV_EEPIS/build/bringup/prefix_override:/usr/lib/python3/dist-packages/colcon_core/task/python/colcon_distutils_commands:/home/orsted/AGV_EEPIS/install/bringup/lib/python3.12/site-packages:${PYTHONPATH} /usr/bin/python3 -W ignore:setup.py install is deprecated -W ignore:easy_install command is deprecated setup.py develop --editable --build-directory /home/orsted/AGV_EEPIS/build/bringup/build --no-deps symlink_data
[11.357s] INFO:colcon.colcon_core.shell:Creating environment descriptor '/home/orsted/AGV_EEPIS/build/bringup/share/bringup/hook/pythonpath_develop.dsv'
[11.358s] INFO:colcon.colcon_core.shell:Creating environment hook '/home/orsted/AGV_EEPIS/build/bringup/share/bringup/hook/pythonpath_develop.sh'
[11.359s] Level 1:colcon.colcon_core.environment:checking '/home/orsted/AGV_EEPIS/install/bringup' for CMake module files
[11.361s] Level 1:colcon.colcon_core.environment:checking '/home/orsted/AGV_EEPIS/install/bringup' for CMake config files
[11.362s] Level 1:colcon.colcon_core.environment:checking '/home/orsted/AGV_EEPIS/install/bringup/lib'
[11.362s] Level 1:colcon.colcon_core.environment:checking '/home/orsted/AGV_EEPIS/install/bringup/bin'
[11.363s] Level 1:colcon.colcon_core.environment:checking '/home/orsted/AGV_EEPIS/install/bringup/lib/pkgconfig/bringup.pc'
[11.363s] Level 1:colcon.colcon_core.environment:checking '/home/orsted/AGV_EEPIS/install/bringup/lib/python3.12/site-packages'
[11.364s] Level 1:colcon.colcon_core.shell:create_environment_hook('bringup', 'pythonpath')
[11.364s] INFO:colcon.colcon_core.shell:Creating environment hook '/home/orsted/AGV_EEPIS/install/bringup/share/bringup/hook/pythonpath.ps1'
[11.366s] INFO:colcon.colcon_core.shell:Creating environment descriptor '/home/orsted/AGV_EEPIS/install/bringup/share/bringup/hook/pythonpath.dsv'
[11.367s] INFO:colcon.colcon_core.shell:Creating environment hook '/home/orsted/AGV_EEPIS/install/bringup/share/bringup/hook/pythonpath.sh'
[11.369s] Level 1:colcon.colcon_core.environment:checking '/home/orsted/AGV_EEPIS/install/bringup/bin'
[11.369s] Level 1:colcon.colcon_core.environment:create_environment_scripts_only(bringup)
[11.370s] INFO:colcon.colcon_core.shell:Creating package script '/home/orsted/AGV_EEPIS/install/bringup/share/bringup/package.ps1'
[11.371s] INFO:colcon.colcon_core.shell:Creating package descriptor '/home/orsted/AGV_EEPIS/install/bringup/share/bringup/package.dsv'
[11.372s] INFO:colcon.colcon_core.shell:Creating package script '/home/orsted/AGV_EEPIS/install/bringup/share/bringup/package.sh'
[11.374s] INFO:colcon.colcon_core.shell:Creating package script '/home/orsted/AGV_EEPIS/install/bringup/share/bringup/package.bash'
[11.374s] INFO:colcon.colcon_core.shell:Creating package script '/home/orsted/AGV_EEPIS/install/bringup/share/bringup/package.zsh'
[11.375s] Level 1:colcon.colcon_core.environment:create_file_with_runtime_dependencies(/home/orsted/AGV_EEPIS/install/bringup/share/colcon-core/packages/bringup)
[11.378s] INFO:colcon.colcon_ros.task.ament_python.build:Building ROS package in '/home/orsted/AGV_EEPIS/src/slam' with build type 'ament_python'
[11.379s] Level 1:colcon.colcon_core.shell:create_environment_hook('slam', 'ament_prefix_path')
[11.380s] INFO:colcon.colcon_core.shell:Creating environment hook '/home/orsted/AGV_EEPIS/install/slam/share/slam/hook/ament_prefix_path.ps1'
[11.382s] INFO:colcon.colcon_core.shell:Creating environment descriptor '/home/orsted/AGV_EEPIS/install/slam/share/slam/hook/ament_prefix_path.dsv'
[11.383s] INFO:colcon.colcon_core.shell:Creating environment hook '/home/orsted/AGV_EEPIS/install/slam/share/slam/hook/ament_prefix_path.sh'
[11.385s] INFO:colcon.colcon_core.shell:Skip shell extension 'powershell' for command environment: Not usable outside of PowerShell
[11.385s] DEBUG:colcon.colcon_core.shell:Skip shell extension 'dsv' for command environment
[11.396s] INFO:colcon.colcon_ros.task.ament_python.build:Building ROS package in '/home/orsted/AGV_EEPIS/src/system' with build type 'ament_python'
[11.397s] Level 1:colcon.colcon_core.shell:create_environment_hook('system', 'ament_prefix_path')
[11.398s] INFO:colcon.colcon_core.shell:Creating environment hook '/home/orsted/AGV_EEPIS/install/system/share/system/hook/ament_prefix_path.ps1'
[11.401s] INFO:colcon.colcon_core.shell:Creating environment descriptor '/home/orsted/AGV_EEPIS/install/system/share/system/hook/ament_prefix_path.dsv'
[11.402s] INFO:colcon.colcon_core.shell:Creating environment hook '/home/orsted/AGV_EEPIS/install/system/share/system/hook/ament_prefix_path.sh'
[11.403s] INFO:colcon.colcon_core.shell:Skip shell extension 'powershell' for command environment: Not usable outside of PowerShell
[11.403s] DEBUG:colcon.colcon_core.shell:Skip shell extension 'dsv' for command environment
[11.414s] INFO:colcon.colcon_ros.task.ament_python.build:Building ROS package in '/home/orsted/AGV_EEPIS/src/ultrasonic' with build type 'ament_python'
[11.415s] Level 1:colcon.colcon_core.shell:create_environment_hook('ultrasonic', 'ament_prefix_path')
[11.416s] INFO:colcon.colcon_core.shell:Creating environment hook '/home/orsted/AGV_EEPIS/install/ultrasonic/share/ultrasonic/hook/ament_prefix_path.ps1'
[11.418s] INFO:colcon.colcon_core.shell:Creating environment descriptor '/home/orsted/AGV_EEPIS/install/ultrasonic/share/ultrasonic/hook/ament_prefix_path.dsv'
[11.419s] INFO:colcon.colcon_core.shell:Creating environment hook '/home/orsted/AGV_EEPIS/install/ultrasonic/share/ultrasonic/hook/ament_prefix_path.sh'
[11.421s] INFO:colcon.colcon_core.shell:Skip shell extension 'powershell' for command environment: Not usable outside of PowerShell
[11.421s] DEBUG:colcon.colcon_core.shell:Skip shell extension 'dsv' for command environment
[12.151s] INFO:colcon.colcon_core.task.python.build:Building Python package in '/home/orsted/AGV_EEPIS/src/slam'
[12.153s] INFO:colcon.colcon_core.shell:Skip shell extension 'powershell' for command environment: Not usable outside of PowerShell
[12.153s] DEBUG:colcon.colcon_core.shell:Skip shell extension 'dsv' for command environment
[12.830s] INFO:colcon.colcon_core.task.python.build:Building Python package in '/home/orsted/AGV_EEPIS/src/system'
[12.831s] INFO:colcon.colcon_core.shell:Skip shell extension 'powershell' for command environment: Not usable outside of PowerShell
[12.832s] DEBUG:colcon.colcon_core.shell:Skip shell extension 'dsv' for command environment
[13.505s] INFO:colcon.colcon_core.task.python.build:Building Python package in '/home/orsted/AGV_EEPIS/src/ultrasonic'
[13.506s] INFO:colcon.colcon_core.shell:Skip shell extension 'powershell' for command environment: Not usable outside of PowerShell
[13.506s] DEBUG:colcon.colcon_core.shell:Skip shell extension 'dsv' for command environment
[13.527s] DEBUG:colcon.colcon_core.task.python.build:Available setuptools commands: extract_messages, easy_install, setopt, dist_info, build_scripts, upload, egg_info, update_catalog, saveopts, symlink_data, editable_wheel, clean, install_scripts, test, install_egg_info, rotate, compile_catalog, build_ext, register, upload_docs, alias, build_py, install_data, build, init_catalog, check, bdist_wheel, install, bdist, install_lib, bdist_egg, bdist_dumb, install_headers, bdist_rpm, sdist, develop, build_clib
[14.677s] DEBUG:colcon.colcon_core.task.python.build:Available setuptools 'develop' options: --no-user-cfg, --allow-hosts, --force-installation-into-system-dir, --verbose, --install-dir, --quiet, --upgrade, --zip-ok, --multi-version, --egg-path, --always-copy, --exclude-scripts, --index-url, --find-links, --local-snapshots-ok, --editable, --dry-run, --no-deps, --version, --record, --help, --install-layout, --user, --always-unzip, --script-dir, --prefix, --site-dirs, --no-find-links, --uninstall, --build-directory, --optimize
[14.681s] DEBUG:colcon.colcon_core.event_handler.log_command:Invoking command in '/home/orsted/AGV_EEPIS/build/remote': DEBUGINFOD_URLS=https://debuginfod.ubuntu.com PYTHONPATH=/home/orsted/AGV_EEPIS/build/remote/prefix_override:/usr/lib/python3/dist-packages/colcon_core/task/python/colcon_distutils_commands:/home/orsted/AGV_EEPIS/install/remote/lib/python3.12/site-packages:${PYTHONPATH} /usr/bin/python3 -W ignore:setup.py install is deprecated -W ignore:easy_install command is deprecated setup.py develop --editable --build-directory /home/orsted/AGV_EEPIS/build/remote/build --no-deps symlink_data
[15.450s] DEBUG:colcon.colcon_core.task.python.build:Available setuptools commands: extract_messages, easy_install, setopt, dist_info, build_scripts, upload, egg_info, update_catalog, saveopts, symlink_data, editable_wheel, clean, install_scripts, test, install_egg_info, rotate, compile_catalog, build_ext, register, upload_docs, alias, build_py, install_data, build, init_catalog, check, bdist_wheel, install, bdist, install_lib, bdist_egg, bdist_dumb, install_headers, bdist_rpm, sdist, develop, build_clib
[15.453s] DEBUG:colcon.colcon_core.task.python.build:Available setuptools commands: extract_messages, easy_install, setopt, dist_info, build_scripts, upload, egg_info, update_catalog, saveopts, symlink_data, editable_wheel, clean, install_scripts, test, install_egg_info, rotate, compile_catalog, build_ext, register, upload_docs, alias, build_py, install_data, build, init_catalog, check, bdist_wheel, install, bdist, install_lib, bdist_egg, bdist_dumb, install_headers, bdist_rpm, sdist, develop, build_clib
[15.555s] DEBUG:colcon.colcon_core.task.python.build:Available setuptools commands: extract_messages, easy_install, setopt, dist_info, build_scripts, upload, egg_info, update_catalog, saveopts, symlink_data, editable_wheel, clean, install_scripts, test, install_egg_info, rotate, compile_catalog, build_ext, register, upload_docs, alias, build_py, install_data, build, init_catalog, check, bdist_wheel, install, bdist, install_lib, bdist_egg, bdist_dumb, install_headers, bdist_rpm, sdist, develop, build_clib
[16.561s] DEBUG:colcon.colcon_core.task.python.build:Available setuptools 'develop' options: --no-user-cfg, --allow-hosts, --force-installation-into-system-dir, --verbose, --install-dir, --quiet, --upgrade, --zip-ok, --multi-version, --egg-path, --always-copy, --exclude-scripts, --index-url, --find-links, --local-snapshots-ok, --editable, --dry-run, --no-deps, --version, --record, --help, --install-layout, --user, --always-unzip, --script-dir, --prefix, --site-dirs, --no-find-links, --uninstall, --build-directory, --optimize
[16.569s] DEBUG:colcon.colcon_core.event_handler.log_command:Invoking command in '/home/orsted/AGV_EEPIS/build/ultrasonic': DEBUGINFOD_URLS=https://debuginfod.ubuntu.com PYTHONPATH=/home/orsted/AGV_EEPIS/build/ultrasonic/prefix_override:/usr/lib/python3/dist-packages/colcon_core/task/python/colcon_distutils_commands:/home/orsted/AGV_EEPIS/install/ultrasonic/lib/python3.12/site-packages:${PYTHONPATH} /usr/bin/python3 -W ignore:setup.py install is deprecated -W ignore:easy_install command is deprecated setup.py develop --editable --build-directory /home/orsted/AGV_EEPIS/build/ultrasonic/build --no-deps symlink_data
[16.573s] DEBUG:colcon.colcon_core.task.python.build:Available setuptools 'develop' options: --no-user-cfg, --allow-hosts, --force-installation-into-system-dir, --verbose, --install-dir, --quiet, --upgrade, --zip-ok, --multi-version, --egg-path, --always-copy, --exclude-scripts, --index-url, --find-links, --local-snapshots-ok, --editable, --dry-run, --no-deps, --version, --record, --help, --install-layout, --user, --always-unzip, --script-dir, --prefix, --site-dirs, --no-find-links, --uninstall, --build-directory, --optimize
[16.579s] DEBUG:colcon.colcon_core.event_handler.log_command:Invoking command in '/home/orsted/AGV_EEPIS/build/system': DEBUGINFOD_URLS=https://debuginfod.ubuntu.com PYTHONPATH=/home/orsted/AGV_EEPIS/build/system/prefix_override:/usr/lib/python3/dist-packages/colcon_core/task/python/colcon_distutils_commands:/home/orsted/AGV_EEPIS/install/system/lib/python3.12/site-packages:${PYTHONPATH} /usr/bin/python3 -W ignore:setup.py install is deprecated -W ignore:easy_install command is deprecated setup.py develop --editable --build-directory /home/orsted/AGV_EEPIS/build/system/build --no-deps symlink_data
[16.698s] DEBUG:colcon.colcon_core.task.python.build:Available setuptools 'develop' options: --no-user-cfg, --allow-hosts, --force-installation-into-system-dir, --verbose, --install-dir, --quiet, --upgrade, --zip-ok, --multi-version, --egg-path, --always-copy, --exclude-scripts, --index-url, --find-links, --local-snapshots-ok, --editable, --dry-run, --no-deps, --version, --record, --help, --install-layout, --user, --always-unzip, --script-dir, --prefix, --site-dirs, --no-find-links, --uninstall, --build-directory, --optimize
[16.703s] DEBUG:colcon.colcon_core.event_handler.log_command:Invoking command in '/home/orsted/AGV_EEPIS/build/slam': DEBUGINFOD_URLS=https://debuginfod.ubuntu.com PYTHONPATH=/home/orsted/AGV_EEPIS/build/slam/prefix_override:/usr/lib/python3/dist-packages/colcon_core/task/python/colcon_distutils_commands:/home/orsted/AGV_EEPIS/install/slam/lib/python3.12/site-packages:${PYTHONPATH} /usr/bin/python3 -W ignore:setup.py install is deprecated -W ignore:easy_install command is deprecated setup.py develop --editable --build-directory /home/orsted/AGV_EEPIS/build/slam/build --no-deps symlink_data
[16.867s] Level 1:colcon.colcon_core.shell:create_environment_hook('remote', 'pythonpath_develop')
[16.868s] INFO:colcon.colcon_core.shell:Creating environment hook '/home/orsted/AGV_EEPIS/build/remote/share/remote/hook/pythonpath_develop.ps1'
[16.869s] DEBUG:colcon.colcon_core.event_handler.log_command:Invoked command in '/home/orsted/AGV_EEPIS/build/remote' returned '0': DEBUGINFOD_URLS=https://debuginfod.ubuntu.com PYTHONPATH=/home/orsted/AGV_EEPIS/build/remote/prefix_override:/usr/lib/python3/dist-packages/colcon_core/task/python/colcon_distutils_commands:/home/orsted/AGV_EEPIS/install/remote/lib/python3.12/site-packages:${PYTHONPATH} /usr/bin/python3 -W ignore:setup.py install is deprecated -W ignore:easy_install command is deprecated setup.py develop --editable --build-directory /home/orsted/AGV_EEPIS/build/remote/build --no-deps symlink_data
[16.870s] INFO:colcon.colcon_core.shell:Creating environment descriptor '/home/orsted/AGV_EEPIS/build/remote/share/remote/hook/pythonpath_develop.dsv'
[16.871s] INFO:colcon.colcon_core.shell:Creating environment hook '/home/orsted/AGV_EEPIS/build/remote/share/remote/hook/pythonpath_develop.sh'
[16.873s] Level 1:colcon.colcon_core.environment:checking '/home/orsted/AGV_EEPIS/install/remote' for CMake module files
[16.874s] Level 1:colcon.colcon_core.environment:checking '/home/orsted/AGV_EEPIS/install/remote' for CMake config files
[16.875s] Level 1:colcon.colcon_core.environment:checking '/home/orsted/AGV_EEPIS/install/remote/lib'
[16.875s] Level 1:colcon.colcon_core.environment:checking '/home/orsted/AGV_EEPIS/install/remote/bin'
[16.876s] Level 1:colcon.colcon_core.environment:checking '/home/orsted/AGV_EEPIS/install/remote/lib/pkgconfig/remote.pc'
[16.876s] Level 1:colcon.colcon_core.environment:checking '/home/orsted/AGV_EEPIS/install/remote/lib/python3.12/site-packages'
[16.876s] Level 1:colcon.colcon_core.shell:create_environment_hook('remote', 'pythonpath')
[16.877s] INFO:colcon.colcon_core.shell:Creating environment hook '/home/orsted/AGV_EEPIS/install/remote/share/remote/hook/pythonpath.ps1'
[16.878s] INFO:colcon.colcon_core.shell:Creating environment descriptor '/home/orsted/AGV_EEPIS/install/remote/share/remote/hook/pythonpath.dsv'
[16.879s] INFO:colcon.colcon_core.shell:Creating environment hook '/home/orsted/AGV_EEPIS/install/remote/share/remote/hook/pythonpath.sh'
[16.881s] Level 1:colcon.colcon_core.environment:checking '/home/orsted/AGV_EEPIS/install/remote/bin'
[16.881s] Level 1:colcon.colcon_core.environment:create_environment_scripts_only(remote)
[16.882s] INFO:colcon.colcon_core.shell:Creating package script '/home/orsted/AGV_EEPIS/install/remote/share/remote/package.ps1'
[16.884s] INFO:colcon.colcon_core.shell:Creating package descriptor '/home/orsted/AGV_EEPIS/install/remote/share/remote/package.dsv'
[16.885s] INFO:colcon.colcon_core.shell:Creating package script '/home/orsted/AGV_EEPIS/install/remote/share/remote/package.sh'
[16.886s] INFO:colcon.colcon_core.shell:Creating package script '/home/orsted/AGV_EEPIS/install/remote/share/remote/package.bash'
[16.887s] INFO:colcon.colcon_core.shell:Creating package script '/home/orsted/AGV_EEPIS/install/remote/share/remote/package.zsh'
[16.887s] Level 1:colcon.colcon_core.environment:create_file_with_runtime_dependencies(/home/orsted/AGV_EEPIS/install/remote/share/colcon-core/packages/remote)
[18.577s] Level 1:colcon.colcon_core.shell:create_environment_hook('system', 'pythonpath_develop')
[18.578s] INFO:colcon.colcon_core.shell:Creating environment hook '/home/orsted/AGV_EEPIS/build/system/share/system/hook/pythonpath_develop.ps1'
[18.579s] DEBUG:colcon.colcon_core.event_handler.log_command:Invoked command in '/home/orsted/AGV_EEPIS/build/system' returned '0': DEBUGINFOD_URLS=https://debuginfod.ubuntu.com PYTHONPATH=/home/orsted/AGV_EEPIS/build/system/prefix_override:/usr/lib/python3/dist-packages/colcon_core/task/python/colcon_distutils_commands:/home/orsted/AGV_EEPIS/install/system/lib/python3.12/site-packages:${PYTHONPATH} /usr/bin/python3 -W ignore:setup.py install is deprecated -W ignore:easy_install command is deprecated setup.py develop --editable --build-directory /home/orsted/AGV_EEPIS/build/system/build --no-deps symlink_data
[18.582s] INFO:colcon.colcon_core.shell:Creating environment descriptor '/home/orsted/AGV_EEPIS/build/system/share/system/hook/pythonpath_develop.dsv'
[18.583s] INFO:colcon.colcon_core.shell:Creating environment hook '/home/orsted/AGV_EEPIS/build/system/share/system/hook/pythonpath_develop.sh'
[18.585s] Level 1:colcon.colcon_core.environment:checking '/home/orsted/AGV_EEPIS/install/system' for CMake module files
[18.586s] Level 1:colcon.colcon_core.environment:checking '/home/orsted/AGV_EEPIS/install/system' for CMake config files
[18.588s] Level 1:colcon.colcon_core.environment:checking '/home/orsted/AGV_EEPIS/install/system/lib'
[18.588s] Level 1:colcon.colcon_core.environment:checking '/home/orsted/AGV_EEPIS/install/system/bin'
[18.589s] Level 1:colcon.colcon_core.environment:checking '/home/orsted/AGV_EEPIS/install/system/lib/pkgconfig/system.pc'
[18.589s] Level 1:colcon.colcon_core.environment:checking '/home/orsted/AGV_EEPIS/install/system/lib/python3.12/site-packages'
[18.590s] Level 1:colcon.colcon_core.shell:create_environment_hook('system', 'pythonpath')
[18.591s] INFO:colcon.colcon_core.shell:Creating environment hook '/home/orsted/AGV_EEPIS/install/system/share/system/hook/pythonpath.ps1'
[18.592s] INFO:colcon.colcon_core.shell:Creating environment descriptor '/home/orsted/AGV_EEPIS/install/system/share/system/hook/pythonpath.dsv'
[18.593s] INFO:colcon.colcon_core.shell:Creating environment hook '/home/orsted/AGV_EEPIS/install/system/share/system/hook/pythonpath.sh'
[18.596s] Level 1:colcon.colcon_core.environment:checking '/home/orsted/AGV_EEPIS/install/system/bin'
[18.596s] Level 1:colcon.colcon_core.environment:create_environment_scripts_only(system)
[18.597s] INFO:colcon.colcon_core.shell:Creating package script '/home/orsted/AGV_EEPIS/install/system/share/system/package.ps1'
[18.599s] INFO:colcon.colcon_core.shell:Creating package descriptor '/home/orsted/AGV_EEPIS/install/system/share/system/package.dsv'
[18.601s] INFO:colcon.colcon_core.shell:Creating package script '/home/orsted/AGV_EEPIS/install/system/share/system/package.sh'
[18.603s] INFO:colcon.colcon_core.shell:Creating package script '/home/orsted/AGV_EEPIS/install/system/share/system/package.bash'
[18.605s] INFO:colcon.colcon_core.shell:Creating package script '/home/orsted/AGV_EEPIS/install/system/share/system/package.zsh'
[18.606s] Level 1:colcon.colcon_core.environment:create_file_with_runtime_dependencies(/home/orsted/AGV_EEPIS/install/system/share/colcon-core/packages/system)
[18.700s] DEBUG:colcon.colcon_core.event_handler.log_command:Invoked command in '/home/orsted/AGV_EEPIS/build/ascamera' returned '0': CMAKE_PREFIX_PATH=${CMAKE_PREFIX_PATH}:/home/orsted/AGV_EEPIS/install/ultrasonic:/home/orsted/AGV_EEPIS/install/system:/home/orsted/AGV_EEPIS/install/slam:/home/orsted/AGV_EEPIS/install/remote:/home/orsted/AGV_EEPIS/install/drive_controller:/home/orsted/AGV_EEPIS/install/ddmr_description:/home/orsted/AGV_EEPIS/install/canbus:/home/orsted/AGV_EEPIS/install/bringup:/home/orsted/AGV_EEPIS/install/agv_description:/opt/ros/jazzy DEBUGINFOD_URLS=https://debuginfod.ubuntu.com /usr/bin/cmake /home/orsted/AGV_EEPIS/src/ascamera -DAMENT_CMAKE_SYMLINK_INSTALL=1 -DCMAKE_INSTALL_PREFIX=/home/orsted/AGV_EEPIS/install/ascamera
[18.707s] DEBUG:colcon.colcon_core.event_handler.log_command:Invoking command in '/home/orsted/AGV_EEPIS/build/ascamera': CMAKE_PREFIX_PATH=${CMAKE_PREFIX_PATH}:/home/orsted/AGV_EEPIS/install/ultrasonic:/home/orsted/AGV_EEPIS/install/system:/home/orsted/AGV_EEPIS/install/slam:/home/orsted/AGV_EEPIS/install/remote:/home/orsted/AGV_EEPIS/install/drive_controller:/home/orsted/AGV_EEPIS/install/ddmr_description:/home/orsted/AGV_EEPIS/install/canbus:/home/orsted/AGV_EEPIS/install/bringup:/home/orsted/AGV_EEPIS/install/agv_description:/opt/ros/jazzy DEBUGINFOD_URLS=https://debuginfod.ubuntu.com /usr/bin/cmake --build /home/orsted/AGV_EEPIS/build/ascamera -- -j6 -l6
[18.709s] Level 1:colcon.colcon_core.shell:create_environment_hook('ultrasonic', 'pythonpath_develop')
[18.710s] INFO:colcon.colcon_core.shell:Creating environment hook '/home/orsted/AGV_EEPIS/build/ultrasonic/share/ultrasonic/hook/pythonpath_develop.ps1'
[18.711s] DEBUG:colcon.colcon_core.event_handler.log_command:Invoked command in '/home/orsted/AGV_EEPIS/build/ultrasonic' returned '0': DEBUGINFOD_URLS=https://debuginfod.ubuntu.com PYTHONPATH=/home/orsted/AGV_EEPIS/build/ultrasonic/prefix_override:/usr/lib/python3/dist-packages/colcon_core/task/python/colcon_distutils_commands:/home/orsted/AGV_EEPIS/install/ultrasonic/lib/python3.12/site-packages:${PYTHONPATH} /usr/bin/python3 -W ignore:setup.py install is deprecated -W ignore:easy_install command is deprecated setup.py develop --editable --build-directory /home/orsted/AGV_EEPIS/build/ultrasonic/build --no-deps symlink_data
[18.713s] INFO:colcon.colcon_core.shell:Creating environment descriptor '/home/orsted/AGV_EEPIS/build/ultrasonic/share/ultrasonic/hook/pythonpath_develop.dsv'
[18.714s] INFO:colcon.colcon_core.shell:Creating environment hook '/home/orsted/AGV_EEPIS/build/ultrasonic/share/ultrasonic/hook/pythonpath_develop.sh'
[18.716s] Level 1:colcon.colcon_core.environment:checking '/home/orsted/AGV_EEPIS/install/ultrasonic' for CMake module files
[18.717s] Level 1:colcon.colcon_core.environment:checking '/home/orsted/AGV_EEPIS/install/ultrasonic' for CMake config files
[18.718s] Level 1:colcon.colcon_core.environment:checking '/home/orsted/AGV_EEPIS/install/ultrasonic/lib'
[18.718s] Level 1:colcon.colcon_core.environment:checking '/home/orsted/AGV_EEPIS/install/ultrasonic/bin'
[18.719s] Level 1:colcon.colcon_core.environment:checking '/home/orsted/AGV_EEPIS/install/ultrasonic/lib/pkgconfig/ultrasonic.pc'
[18.719s] Level 1:colcon.colcon_core.environment:checking '/home/orsted/AGV_EEPIS/install/ultrasonic/lib/python3.12/site-packages'
[18.720s] Level 1:colcon.colcon_core.shell:create_environment_hook('ultrasonic', 'pythonpath')
[18.720s] INFO:colcon.colcon_core.shell:Creating environment hook '/home/orsted/AGV_EEPIS/install/ultrasonic/share/ultrasonic/hook/pythonpath.ps1'
[18.722s] INFO:colcon.colcon_core.shell:Creating environment descriptor '/home/orsted/AGV_EEPIS/install/ultrasonic/share/ultrasonic/hook/pythonpath.dsv'
[18.722s] INFO:colcon.colcon_core.shell:Creating environment hook '/home/orsted/AGV_EEPIS/install/ultrasonic/share/ultrasonic/hook/pythonpath.sh'
[18.725s] Level 1:colcon.colcon_core.environment:checking '/home/orsted/AGV_EEPIS/install/ultrasonic/bin'
[18.725s] Level 1:colcon.colcon_core.environment:create_environment_scripts_only(ultrasonic)
[18.726s] INFO:colcon.colcon_core.shell:Creating package script '/home/orsted/AGV_EEPIS/install/ultrasonic/share/ultrasonic/package.ps1'
[18.728s] INFO:colcon.colcon_core.shell:Creating package descriptor '/home/orsted/AGV_EEPIS/install/ultrasonic/share/ultrasonic/package.dsv'
[18.729s] INFO:colcon.colcon_core.shell:Creating package script '/home/orsted/AGV_EEPIS/install/ultrasonic/share/ultrasonic/package.sh'
[18.730s] INFO:colcon.colcon_core.shell:Creating package script '/home/orsted/AGV_EEPIS/install/ultrasonic/share/ultrasonic/package.bash'
[18.731s] INFO:colcon.colcon_core.shell:Creating package script '/home/orsted/AGV_EEPIS/install/ultrasonic/share/ultrasonic/package.zsh'
[18.732s] Level 1:colcon.colcon_core.environment:create_file_with_runtime_dependencies(/home/orsted/AGV_EEPIS/install/ultrasonic/share/colcon-core/packages/ultrasonic)
[18.845s] Level 1:colcon.colcon_core.shell:create_environment_hook('slam', 'pythonpath_develop')
[18.846s] INFO:colcon.colcon_core.shell:Creating environment hook '/home/orsted/AGV_EEPIS/build/slam/share/slam/hook/pythonpath_develop.ps1'
[18.848s] DEBUG:colcon.colcon_core.event_handler.log_command:Invoked command in '/home/orsted/AGV_EEPIS/build/slam' returned '0': DEBUGINFOD_URLS=https://debuginfod.ubuntu.com PYTHONPATH=/home/orsted/AGV_EEPIS/build/slam/prefix_override:/usr/lib/python3/dist-packages/colcon_core/task/python/colcon_distutils_commands:/home/orsted/AGV_EEPIS/install/slam/lib/python3.12/site-packages:${PYTHONPATH} /usr/bin/python3 -W ignore:setup.py install is deprecated -W ignore:easy_install command is deprecated setup.py develop --editable --build-directory /home/orsted/AGV_EEPIS/build/slam/build --no-deps symlink_data
[18.850s] INFO:colcon.colcon_core.shell:Creating environment descriptor '/home/orsted/AGV_EEPIS/build/slam/share/slam/hook/pythonpath_develop.dsv'
[18.851s] INFO:colcon.colcon_core.shell:Creating environment hook '/home/orsted/AGV_EEPIS/build/slam/share/slam/hook/pythonpath_develop.sh'
[18.852s] Level 1:colcon.colcon_core.environment:checking '/home/orsted/AGV_EEPIS/install/slam' for CMake module files
[18.853s] Level 1:colcon.colcon_core.environment:checking '/home/orsted/AGV_EEPIS/install/slam' for CMake config files
[18.855s] Level 1:colcon.colcon_core.environment:checking '/home/orsted/AGV_EEPIS/install/slam/lib'
[18.855s] Level 1:colcon.colcon_core.environment:checking '/home/orsted/AGV_EEPIS/install/slam/bin'
[18.855s] Level 1:colcon.colcon_core.environment:checking '/home/orsted/AGV_EEPIS/install/slam/lib/pkgconfig/slam.pc'
[18.856s] Level 1:colcon.colcon_core.environment:checking '/home/orsted/AGV_EEPIS/install/slam/lib/python3.12/site-packages'
[18.856s] Level 1:colcon.colcon_core.shell:create_environment_hook('slam', 'pythonpath')
[18.857s] INFO:colcon.colcon_core.shell:Creating environment hook '/home/orsted/AGV_EEPIS/install/slam/share/slam/hook/pythonpath.ps1'
[18.858s] INFO:colcon.colcon_core.shell:Creating environment descriptor '/home/orsted/AGV_EEPIS/install/slam/share/slam/hook/pythonpath.dsv'
[18.860s] INFO:colcon.colcon_core.shell:Creating environment hook '/home/orsted/AGV_EEPIS/install/slam/share/slam/hook/pythonpath.sh'
[18.862s] Level 1:colcon.colcon_core.environment:checking '/home/orsted/AGV_EEPIS/install/slam/bin'
[18.862s] Level 1:colcon.colcon_core.environment:create_environment_scripts_only(slam)
[18.863s] INFO:colcon.colcon_core.shell:Creating package script '/home/orsted/AGV_EEPIS/install/slam/share/slam/package.ps1'
[18.864s] INFO:colcon.colcon_core.shell:Creating package descriptor '/home/orsted/AGV_EEPIS/install/slam/share/slam/package.dsv'
[18.866s] INFO:colcon.colcon_core.shell:Creating package script '/home/orsted/AGV_EEPIS/install/slam/share/slam/package.sh'
[18.867s] INFO:colcon.colcon_core.shell:Creating package script '/home/orsted/AGV_EEPIS/install/slam/share/slam/package.bash'
[18.867s] INFO:colcon.colcon_core.shell:Creating package script '/home/orsted/AGV_EEPIS/install/slam/share/slam/package.zsh'
[18.868s] Level 1:colcon.colcon_core.environment:create_file_with_runtime_dependencies(/home/orsted/AGV_EEPIS/install/slam/share/colcon-core/packages/slam)
[79.237s] DEBUG:colcon.colcon_core.event_handler.log_command:Invoked command in '/home/orsted/AGV_EEPIS/build/ascamera' returned '0': CMAKE_PREFIX_PATH=${CMAKE_PREFIX_PATH}:/home/orsted/AGV_EEPIS/install/ultrasonic:/home/orsted/AGV_EEPIS/install/system:/home/orsted/AGV_EEPIS/install/slam:/home/orsted/AGV_EEPIS/install/remote:/home/orsted/AGV_EEPIS/install/drive_controller:/home/orsted/AGV_EEPIS/install/ddmr_description:/home/orsted/AGV_EEPIS/install/canbus:/home/orsted/AGV_EEPIS/install/bringup:/home/orsted/AGV_EEPIS/install/agv_description:/opt/ros/jazzy DEBUGINFOD_URLS=https://debuginfod.ubuntu.com /usr/bin/cmake --build /home/orsted/AGV_EEPIS/build/ascamera -- -j6 -l6
[79.277s] DEBUG:colcon.colcon_core.event_handler.log_command:Invoking command in '/home/orsted/AGV_EEPIS/build/ascamera': CMAKE_PREFIX_PATH=${CMAKE_PREFIX_PATH}:/home/orsted/AGV_EEPIS/install/ultrasonic:/home/orsted/AGV_EEPIS/install/system:/home/orsted/AGV_EEPIS/install/slam:/home/orsted/AGV_EEPIS/install/remote:/home/orsted/AGV_EEPIS/install/drive_controller:/home/orsted/AGV_EEPIS/install/ddmr_description:/home/orsted/AGV_EEPIS/install/canbus:/home/orsted/AGV_EEPIS/install/bringup:/home/orsted/AGV_EEPIS/install/agv_description:/opt/ros/jazzy DEBUGINFOD_URLS=https://debuginfod.ubuntu.com /usr/bin/cmake --install /home/orsted/AGV_EEPIS/build/ascamera
[80.086s] Level 1:colcon.colcon_core.environment:create_environment_scripts_only(ascamera)
[80.087s] Level 1:colcon.colcon_core.environment:checking '/home/orsted/AGV_EEPIS/install/ascamera' for CMake module files
[80.089s] DEBUG:colcon.colcon_core.event_handler.log_command:Invoked command in '/home/orsted/AGV_EEPIS/build/ascamera' returned '0': CMAKE_PREFIX_PATH=${CMAKE_PREFIX_PATH}:/home/orsted/AGV_EEPIS/install/ultrasonic:/home/orsted/AGV_EEPIS/install/system:/home/orsted/AGV_EEPIS/install/slam:/home/orsted/AGV_EEPIS/install/remote:/home/orsted/AGV_EEPIS/install/drive_controller:/home/orsted/AGV_EEPIS/install/ddmr_description:/home/orsted/AGV_EEPIS/install/canbus:/home/orsted/AGV_EEPIS/install/bringup:/home/orsted/AGV_EEPIS/install/agv_description:/opt/ros/jazzy DEBUGINFOD_URLS=https://debuginfod.ubuntu.com /usr/bin/cmake --install /home/orsted/AGV_EEPIS/build/ascamera
[80.092s] Level 1:colcon.colcon_core.environment:checking '/home/orsted/AGV_EEPIS/install/ascamera' for CMake config files
[80.094s] Level 1:colcon.colcon_core.shell:create_environment_hook('ascamera', 'cmake_prefix_path')
[80.095s] INFO:colcon.colcon_core.shell:Creating environment hook '/home/orsted/AGV_EEPIS/install/ascamera/share/ascamera/hook/cmake_prefix_path.ps1'
[80.098s] INFO:colcon.colcon_core.shell:Creating environment descriptor '/home/orsted/AGV_EEPIS/install/ascamera/share/ascamera/hook/cmake_prefix_path.dsv'
[80.099s] INFO:colcon.colcon_core.shell:Creating environment hook '/home/orsted/AGV_EEPIS/install/ascamera/share/ascamera/hook/cmake_prefix_path.sh'
[80.102s] Level 1:colcon.colcon_core.environment:checking '/home/orsted/AGV_EEPIS/install/ascamera/lib'
[80.102s] Level 1:colcon.colcon_core.environment:checking '/home/orsted/AGV_EEPIS/install/ascamera/bin'
[80.103s] Level 1:colcon.colcon_core.environment:checking '/home/orsted/AGV_EEPIS/install/ascamera/lib/pkgconfig/ascamera.pc'
[80.104s] Level 1:colcon.colcon_core.environment:checking '/home/orsted/AGV_EEPIS/install/ascamera/lib/python3.12/site-packages'
[80.105s] Level 1:colcon.colcon_core.environment:checking '/home/orsted/AGV_EEPIS/install/ascamera/bin'
[80.106s] INFO:colcon.colcon_core.shell:Creating package script '/home/orsted/AGV_EEPIS/install/ascamera/share/ascamera/package.ps1'
[80.109s] INFO:colcon.colcon_core.shell:Creating package descriptor '/home/orsted/AGV_EEPIS/install/ascamera/share/ascamera/package.dsv'
[80.111s] INFO:colcon.colcon_core.shell:Creating package script '/home/orsted/AGV_EEPIS/install/ascamera/share/ascamera/package.sh'
[80.112s] INFO:colcon.colcon_core.shell:Creating package script '/home/orsted/AGV_EEPIS/install/ascamera/share/ascamera/package.bash'
[80.113s] INFO:colcon.colcon_core.shell:Creating package script '/home/orsted/AGV_EEPIS/install/ascamera/share/ascamera/package.zsh'
[80.115s] Level 1:colcon.colcon_core.environment:create_file_with_runtime_dependencies(/home/orsted/AGV_EEPIS/install/ascamera/share/colcon-core/packages/ascamera)
[80.118s] Level 1:colcon.colcon_core.environment:create_environment_scripts_only(ascamera)
[80.119s] Level 1:colcon.colcon_core.environment:checking '/home/orsted/AGV_EEPIS/install/ascamera' for CMake module files
[80.122s] Level 1:colcon.colcon_core.environment:checking '/home/orsted/AGV_EEPIS/install/ascamera' for CMake config files
[80.124s] Level 1:colcon.colcon_core.shell:create_environment_hook('ascamera', 'cmake_prefix_path')
[80.125s] INFO:colcon.colcon_core.shell:Creating environment hook '/home/orsted/AGV_EEPIS/install/ascamera/share/ascamera/hook/cmake_prefix_path.ps1'
[80.129s] INFO:colcon.colcon_core.shell:Creating environment descriptor '/home/orsted/AGV_EEPIS/install/ascamera/share/ascamera/hook/cmake_prefix_path.dsv'
[80.130s] INFO:colcon.colcon_core.shell:Creating environment hook '/home/orsted/AGV_EEPIS/install/ascamera/share/ascamera/hook/cmake_prefix_path.sh'
[80.133s] Level 1:colcon.colcon_core.environment:checking '/home/orsted/AGV_EEPIS/install/ascamera/lib'
[80.134s] Level 1:colcon.colcon_core.environment:checking '/home/orsted/AGV_EEPIS/install/ascamera/bin'
[80.134s] Level 1:colcon.colcon_core.environment:checking '/home/orsted/AGV_EEPIS/install/ascamera/lib/pkgconfig/ascamera.pc'
[80.135s] Level 1:colcon.colcon_core.environment:checking '/home/orsted/AGV_EEPIS/install/ascamera/lib/python3.12/site-packages'
[80.136s] Level 1:colcon.colcon_core.environment:checking '/home/orsted/AGV_EEPIS/install/ascamera/bin'
[80.137s] INFO:colcon.colcon_core.shell:Creating package script '/home/orsted/AGV_EEPIS/install/ascamera/share/ascamera/package.ps1'
[80.140s] INFO:colcon.colcon_core.shell:Creating package descriptor '/home/orsted/AGV_EEPIS/install/ascamera/share/ascamera/package.dsv'
[80.142s] INFO:colcon.colcon_core.shell:Creating package script '/home/orsted/AGV_EEPIS/install/ascamera/share/ascamera/package.sh'
[80.144s] INFO:colcon.colcon_core.shell:Creating package script '/home/orsted/AGV_EEPIS/install/ascamera/share/ascamera/package.bash'
[80.146s] INFO:colcon.colcon_core.shell:Creating package script '/home/orsted/AGV_EEPIS/install/ascamera/share/ascamera/package.zsh'
[80.147s] Level 1:colcon.colcon_core.environment:create_file_with_runtime_dependencies(/home/orsted/AGV_EEPIS/install/ascamera/share/colcon-core/packages/ascamera)
[80.149s] DEBUG:colcon.colcon_parallel_executor.executor.parallel:closing loop
[80.151s] DEBUG:colcon.colcon_parallel_executor.executor.parallel:loop closed
[80.152s] DEBUG:colcon.colcon_parallel_executor.executor.parallel:run_until_complete finished with '0'
[80.152s] DEBUG:colcon.colcon_core.event_reactor:joining thread
[80.158s] DEBUG:colcon.colcon_core.event_reactor:joined thread
[80.161s] INFO:colcon.colcon_core.shell:Creating prefix script '/home/orsted/AGV_EEPIS/install/local_setup.ps1'
[80.166s] INFO:colcon.colcon_core.shell:Creating prefix util module '/home/orsted/AGV_EEPIS/install/_local_setup_util_ps1.py'
[80.172s] INFO:colcon.colcon_core.shell:Creating prefix chain script '/home/orsted/AGV_EEPIS/install/setup.ps1'
[80.180s] INFO:colcon.colcon_core.shell:Creating prefix script '/home/orsted/AGV_EEPIS/install/local_setup.sh'
[80.183s] INFO:colcon.colcon_core.shell:Creating prefix util module '/home/orsted/AGV_EEPIS/install/_local_setup_util_sh.py'
[80.186s] INFO:colcon.colcon_core.shell:Creating prefix chain script '/home/orsted/AGV_EEPIS/install/setup.sh'
[80.193s] INFO:colcon.colcon_core.shell:Creating prefix script '/home/orsted/AGV_EEPIS/install/local_setup.bash'
[80.196s] INFO:colcon.colcon_core.shell:Creating prefix chain script '/home/orsted/AGV_EEPIS/install/setup.bash'
[80.203s] INFO:colcon.colcon_core.shell:Creating prefix script '/home/orsted/AGV_EEPIS/install/local_setup.zsh'
[80.206s] INFO:colcon.colcon_core.shell:Creating prefix chain script '/home/orsted/AGV_EEPIS/install/setup.zsh'
