[0.282s] DEBUG:colcon:Command line arguments: ['/usr/bin/colcon', 'build', '--symlink']
[0.283s] DEBUG:colcon:Parsed command line arguments: Namespace(log_base=None, log_level=None, verb_name='build', build_base='build', install_base='install', merge_install=False, symlink_install=True, test_result_base=None, continue_on_error=False, executor='parallel', parallel_workers=6, event_handlers=None, ignore_user_meta=False, metas=['./colcon.meta'], base_paths=['.'], packages_ignore=None, packages_ignore_regex=None, paths=None, packages_up_to=None, packages_up_to_regex=None, packages_above=None, packages_above_and_dependencies=None, packages_above_depth=None, packages_select_by_dep=None, packages_skip_by_dep=None, packages_skip_up_to=None, packages_select_build_failed=False, packages_skip_build_finished=False, packages_select_test_failures=False, packages_skip_test_passed=False, packages_select=None, packages_skip=None, packages_select_regex=None, packages_skip_regex=None, packages_start=None, packages_end=None, allow_overriding=[], cmake_args=None, cmake_target=None, cmake_target_skip_unavailable=False, cmake_clean_cache=False, cmake_clean_first=False, cmake_force_configure=False, ament_cmake_args=None, catkin_cmake_args=None, catkin_skip_building_tests=False, mixin_files=None, mixin=None, verb_parser=<colcon_mixin.mixin.mixin_argument.MixinArgumentDecorator object at 0xffff8d91fda0>, verb_extension=<colcon_core.verb.build.BuildVerb object at 0xffff8d91f9b0>, main=<bound method BuildVerb.main of <colcon_core.verb.build.BuildVerb object at 0xffff8d91f9b0>>, mixin_verb=('build',))
[0.385s] Level 1:colcon.colcon_core.package_discovery:discover_packages(colcon_meta) check parameters
[0.386s] Level 1:colcon.colcon_core.package_discovery:discover_packages(recursive) check parameters
[0.386s] Level 1:colcon.colcon_core.package_discovery:discover_packages(ignore) check parameters
[0.386s] Level 1:colcon.colcon_core.package_discovery:discover_packages(path) check parameters
[0.386s] Level 1:colcon.colcon_core.package_discovery:discover_packages(colcon_meta) discover
[0.386s] Level 1:colcon.colcon_core.package_discovery:discover_packages(recursive) discover
[0.386s] INFO:colcon.colcon_core.package_discovery:Crawling recursively for packages in '/home/orsted/AGV_EEPIS'
[0.387s] Level 1:colcon.colcon_core.package_identification:_identify(.) by extensions ['ignore', 'ignore_ament_install']
[0.387s] Level 1:colcon.colcon_core.package_identification:_identify(.) by extension 'ignore'
[0.387s] Level 1:colcon.colcon_core.package_identification:_identify(.) by extension 'ignore_ament_install'
[0.387s] Level 1:colcon.colcon_core.package_identification:_identify(.) by extensions ['colcon_pkg']
[0.387s] Level 1:colcon.colcon_core.package_identification:_identify(.) by extension 'colcon_pkg'
[0.387s] Level 1:colcon.colcon_core.package_identification:_identify(.) by extensions ['colcon_meta']
[0.388s] Level 1:colcon.colcon_core.package_identification:_identify(.) by extension 'colcon_meta'
[0.388s] Level 1:colcon.colcon_core.package_identification:_identify(.) by extensions ['ros']
[0.388s] Level 1:colcon.colcon_core.package_identification:_identify(.) by extension 'ros'
[0.463s] Level 1:colcon.colcon_core.package_identification:_identify(.) by extensions ['cmake', 'python']
[0.464s] Level 1:colcon.colcon_core.package_identification:_identify(.) by extension 'cmake'
[0.464s] Level 1:colcon.colcon_core.package_identification:_identify(.) by extension 'python'
[0.464s] Level 1:colcon.colcon_core.package_identification:_identify(.) by extensions ['python_setup_py']
[0.464s] Level 1:colcon.colcon_core.package_identification:_identify(.) by extension 'python_setup_py'
[0.464s] Level 1:colcon.colcon_core.package_identification:_identify(build) by extensions ['ignore', 'ignore_ament_install']
[0.465s] Level 1:colcon.colcon_core.package_identification:_identify(build) by extension 'ignore'
[0.465s] Level 1:colcon.colcon_core.package_identification:_identify(build) ignored
[0.465s] Level 1:colcon.colcon_core.package_identification:_identify(install) by extensions ['ignore', 'ignore_ament_install']
[0.466s] Level 1:colcon.colcon_core.package_identification:_identify(install) by extension 'ignore'
[0.466s] Level 1:colcon.colcon_core.package_identification:_identify(install) ignored
[0.466s] Level 1:colcon.colcon_core.package_identification:_identify(log) by extensions ['ignore', 'ignore_ament_install']
[0.466s] Level 1:colcon.colcon_core.package_identification:_identify(log) by extension 'ignore'
[0.466s] Level 1:colcon.colcon_core.package_identification:_identify(log) ignored
[0.467s] Level 1:colcon.colcon_core.package_identification:_identify(maps) by extensions ['ignore', 'ignore_ament_install']
[0.467s] Level 1:colcon.colcon_core.package_identification:_identify(maps) by extension 'ignore'
[0.467s] Level 1:colcon.colcon_core.package_identification:_identify(maps) by extension 'ignore_ament_install'
[0.467s] Level 1:colcon.colcon_core.package_identification:_identify(maps) by extensions ['colcon_pkg']
[0.467s] Level 1:colcon.colcon_core.package_identification:_identify(maps) by extension 'colcon_pkg'
[0.467s] Level 1:colcon.colcon_core.package_identification:_identify(maps) by extensions ['colcon_meta']
[0.467s] Level 1:colcon.colcon_core.package_identification:_identify(maps) by extension 'colcon_meta'
[0.467s] Level 1:colcon.colcon_core.package_identification:_identify(maps) by extensions ['ros']
[0.467s] Level 1:colcon.colcon_core.package_identification:_identify(maps) by extension 'ros'
[0.468s] Level 1:colcon.colcon_core.package_identification:_identify(maps) by extensions ['cmake', 'python']
[0.468s] Level 1:colcon.colcon_core.package_identification:_identify(maps) by extension 'cmake'
[0.468s] Level 1:colcon.colcon_core.package_identification:_identify(maps) by extension 'python'
[0.468s] Level 1:colcon.colcon_core.package_identification:_identify(maps) by extensions ['python_setup_py']
[0.468s] Level 1:colcon.colcon_core.package_identification:_identify(maps) by extension 'python_setup_py'
[0.468s] Level 1:colcon.colcon_core.package_identification:_identify(src) by extensions ['ignore', 'ignore_ament_install']
[0.468s] Level 1:colcon.colcon_core.package_identification:_identify(src) by extension 'ignore'
[0.469s] Level 1:colcon.colcon_core.package_identification:_identify(src) by extension 'ignore_ament_install'
[0.469s] Level 1:colcon.colcon_core.package_identification:_identify(src) by extensions ['colcon_pkg']
[0.469s] Level 1:colcon.colcon_core.package_identification:_identify(src) by extension 'colcon_pkg'
[0.469s] Level 1:colcon.colcon_core.package_identification:_identify(src) by extensions ['colcon_meta']
[0.469s] Level 1:colcon.colcon_core.package_identification:_identify(src) by extension 'colcon_meta'
[0.469s] Level 1:colcon.colcon_core.package_identification:_identify(src) by extensions ['ros']
[0.469s] Level 1:colcon.colcon_core.package_identification:_identify(src) by extension 'ros'
[0.469s] Level 1:colcon.colcon_core.package_identification:_identify(src) by extensions ['cmake', 'python']
[0.469s] Level 1:colcon.colcon_core.package_identification:_identify(src) by extension 'cmake'
[0.470s] Level 1:colcon.colcon_core.package_identification:_identify(src) by extension 'python'
[0.470s] Level 1:colcon.colcon_core.package_identification:_identify(src) by extensions ['python_setup_py']
[0.470s] Level 1:colcon.colcon_core.package_identification:_identify(src) by extension 'python_setup_py'
[0.470s] Level 1:colcon.colcon_core.package_identification:_identify(src/agv_description) by extensions ['ignore', 'ignore_ament_install']
[0.470s] Level 1:colcon.colcon_core.package_identification:_identify(src/agv_description) by extension 'ignore'
[0.470s] Level 1:colcon.colcon_core.package_identification:_identify(src/agv_description) by extension 'ignore_ament_install'
[0.471s] Level 1:colcon.colcon_core.package_identification:_identify(src/agv_description) by extensions ['colcon_pkg']
[0.471s] Level 1:colcon.colcon_core.package_identification:_identify(src/agv_description) by extension 'colcon_pkg'
[0.471s] Level 1:colcon.colcon_core.package_identification:_identify(src/agv_description) by extensions ['colcon_meta']
[0.471s] Level 1:colcon.colcon_core.package_identification:_identify(src/agv_description) by extension 'colcon_meta'
[0.471s] Level 1:colcon.colcon_core.package_identification:_identify(src/agv_description) by extensions ['ros']
[0.471s] Level 1:colcon.colcon_core.package_identification:_identify(src/agv_description) by extension 'ros'
[0.478s] DEBUG:colcon.colcon_core.package_identification:Package 'src/agv_description' with type 'ros.ament_python' and name 'agv_description'
[0.479s] Level 1:colcon.colcon_core.package_identification:_identify(src/ascamera) by extensions ['ignore', 'ignore_ament_install']
[0.479s] Level 1:colcon.colcon_core.package_identification:_identify(src/ascamera) by extension 'ignore'
[0.479s] Level 1:colcon.colcon_core.package_identification:_identify(src/ascamera) by extension 'ignore_ament_install'
[0.479s] Level 1:colcon.colcon_core.package_identification:_identify(src/ascamera) by extensions ['colcon_pkg']
[0.479s] Level 1:colcon.colcon_core.package_identification:_identify(src/ascamera) by extension 'colcon_pkg'
[0.479s] Level 1:colcon.colcon_core.package_identification:_identify(src/ascamera) by extensions ['colcon_meta']
[0.479s] Level 1:colcon.colcon_core.package_identification:_identify(src/ascamera) by extension 'colcon_meta'
[0.479s] Level 1:colcon.colcon_core.package_identification:_identify(src/ascamera) by extensions ['ros']
[0.480s] Level 1:colcon.colcon_core.package_identification:_identify(src/ascamera) by extension 'ros'
[0.481s] DEBUG:colcon.colcon_core.package_identification:Package 'src/ascamera' with type 'ros.ament_cmake' and name 'ascamera'
[0.481s] Level 1:colcon.colcon_core.package_identification:_identify(src/bringup) by extensions ['ignore', 'ignore_ament_install']
[0.481s] Level 1:colcon.colcon_core.package_identification:_identify(src/bringup) by extension 'ignore'
[0.481s] Level 1:colcon.colcon_core.package_identification:_identify(src/bringup) by extension 'ignore_ament_install'
[0.482s] Level 1:colcon.colcon_core.package_identification:_identify(src/bringup) by extensions ['colcon_pkg']
[0.482s] Level 1:colcon.colcon_core.package_identification:_identify(src/bringup) by extension 'colcon_pkg'
[0.482s] Level 1:colcon.colcon_core.package_identification:_identify(src/bringup) by extensions ['colcon_meta']
[0.482s] Level 1:colcon.colcon_core.package_identification:_identify(src/bringup) by extension 'colcon_meta'
[0.482s] Level 1:colcon.colcon_core.package_identification:_identify(src/bringup) by extensions ['ros']
[0.482s] Level 1:colcon.colcon_core.package_identification:_identify(src/bringup) by extension 'ros'
[0.483s] DEBUG:colcon.colcon_core.package_identification:Package 'src/bringup' with type 'ros.ament_python' and name 'bringup'
[0.483s] Level 1:colcon.colcon_core.package_identification:_identify(src/canbus) by extensions ['ignore', 'ignore_ament_install']
[0.483s] Level 1:colcon.colcon_core.package_identification:_identify(src/canbus) by extension 'ignore'
[0.483s] Level 1:colcon.colcon_core.package_identification:_identify(src/canbus) by extension 'ignore_ament_install'
[0.484s] Level 1:colcon.colcon_core.package_identification:_identify(src/canbus) by extensions ['colcon_pkg']
[0.484s] Level 1:colcon.colcon_core.package_identification:_identify(src/canbus) by extension 'colcon_pkg'
[0.484s] Level 1:colcon.colcon_core.package_identification:_identify(src/canbus) by extensions ['colcon_meta']
[0.484s] Level 1:colcon.colcon_core.package_identification:_identify(src/canbus) by extension 'colcon_meta'
[0.484s] Level 1:colcon.colcon_core.package_identification:_identify(src/canbus) by extensions ['ros']
[0.484s] Level 1:colcon.colcon_core.package_identification:_identify(src/canbus) by extension 'ros'
[0.485s] DEBUG:colcon.colcon_core.package_identification:Package 'src/canbus' with type 'ros.ament_python' and name 'canbus'
[0.485s] Level 1:colcon.colcon_core.package_identification:_identify(src/ddmr_description) by extensions ['ignore', 'ignore_ament_install']
[0.486s] Level 1:colcon.colcon_core.package_identification:_identify(src/ddmr_description) by extension 'ignore'
[0.486s] Level 1:colcon.colcon_core.package_identification:_identify(src/ddmr_description) by extension 'ignore_ament_install'
[0.486s] Level 1:colcon.colcon_core.package_identification:_identify(src/ddmr_description) by extensions ['colcon_pkg']
[0.486s] Level 1:colcon.colcon_core.package_identification:_identify(src/ddmr_description) by extension 'colcon_pkg'
[0.486s] Level 1:colcon.colcon_core.package_identification:_identify(src/ddmr_description) by extensions ['colcon_meta']
[0.486s] Level 1:colcon.colcon_core.package_identification:_identify(src/ddmr_description) by extension 'colcon_meta'
[0.486s] Level 1:colcon.colcon_core.package_identification:_identify(src/ddmr_description) by extensions ['ros']
[0.486s] Level 1:colcon.colcon_core.package_identification:_identify(src/ddmr_description) by extension 'ros'
[0.488s] DEBUG:colcon.colcon_core.package_identification:Package 'src/ddmr_description' with type 'ros.ament_python' and name 'ddmr_description'
[0.488s] Level 1:colcon.colcon_core.package_identification:_identify(src/drive_controller) by extensions ['ignore', 'ignore_ament_install']
[0.488s] Level 1:colcon.colcon_core.package_identification:_identify(src/drive_controller) by extension 'ignore'
[0.488s] Level 1:colcon.colcon_core.package_identification:_identify(src/drive_controller) by extension 'ignore_ament_install'
[0.488s] Level 1:colcon.colcon_core.package_identification:_identify(src/drive_controller) by extensions ['colcon_pkg']
[0.489s] Level 1:colcon.colcon_core.package_identification:_identify(src/drive_controller) by extension 'colcon_pkg'
[0.489s] Level 1:colcon.colcon_core.package_identification:_identify(src/drive_controller) by extensions ['colcon_meta']
[0.489s] Level 1:colcon.colcon_core.package_identification:_identify(src/drive_controller) by extension 'colcon_meta'
[0.489s] Level 1:colcon.colcon_core.package_identification:_identify(src/drive_controller) by extensions ['ros']
[0.489s] Level 1:colcon.colcon_core.package_identification:_identify(src/drive_controller) by extension 'ros'
[0.490s] DEBUG:colcon.colcon_core.package_identification:Package 'src/drive_controller' with type 'ros.ament_python' and name 'drive_controller'
[0.490s] Level 1:colcon.colcon_core.package_identification:_identify(src/remote) by extensions ['ignore', 'ignore_ament_install']
[0.490s] Level 1:colcon.colcon_core.package_identification:_identify(src/remote) by extension 'ignore'
[0.491s] Level 1:colcon.colcon_core.package_identification:_identify(src/remote) by extension 'ignore_ament_install'
[0.491s] Level 1:colcon.colcon_core.package_identification:_identify(src/remote) by extensions ['colcon_pkg']
[0.491s] Level 1:colcon.colcon_core.package_identification:_identify(src/remote) by extension 'colcon_pkg'
[0.491s] Level 1:colcon.colcon_core.package_identification:_identify(src/remote) by extensions ['colcon_meta']
[0.491s] Level 1:colcon.colcon_core.package_identification:_identify(src/remote) by extension 'colcon_meta'
[0.491s] Level 1:colcon.colcon_core.package_identification:_identify(src/remote) by extensions ['ros']
[0.491s] Level 1:colcon.colcon_core.package_identification:_identify(src/remote) by extension 'ros'
[0.492s] DEBUG:colcon.colcon_core.package_identification:Package 'src/remote' with type 'ros.ament_python' and name 'remote'
[0.492s] Level 1:colcon.colcon_core.package_identification:_identify(src/slam) by extensions ['ignore', 'ignore_ament_install']
[0.492s] Level 1:colcon.colcon_core.package_identification:_identify(src/slam) by extension 'ignore'
[0.492s] Level 1:colcon.colcon_core.package_identification:_identify(src/slam) by extension 'ignore_ament_install'
[0.493s] Level 1:colcon.colcon_core.package_identification:_identify(src/slam) by extensions ['colcon_pkg']
[0.493s] Level 1:colcon.colcon_core.package_identification:_identify(src/slam) by extension 'colcon_pkg'
[0.493s] Level 1:colcon.colcon_core.package_identification:_identify(src/slam) by extensions ['colcon_meta']
[0.493s] Level 1:colcon.colcon_core.package_identification:_identify(src/slam) by extension 'colcon_meta'
[0.493s] Level 1:colcon.colcon_core.package_identification:_identify(src/slam) by extensions ['ros']
[0.493s] Level 1:colcon.colcon_core.package_identification:_identify(src/slam) by extension 'ros'
[0.494s] DEBUG:colcon.colcon_core.package_identification:Package 'src/slam' with type 'ros.ament_python' and name 'slam'
[0.494s] Level 1:colcon.colcon_core.package_identification:_identify(src/system) by extensions ['ignore', 'ignore_ament_install']
[0.494s] Level 1:colcon.colcon_core.package_identification:_identify(src/system) by extension 'ignore'
[0.494s] Level 1:colcon.colcon_core.package_identification:_identify(src/system) by extension 'ignore_ament_install'
[0.495s] Level 1:colcon.colcon_core.package_identification:_identify(src/system) by extensions ['colcon_pkg']
[0.495s] Level 1:colcon.colcon_core.package_identification:_identify(src/system) by extension 'colcon_pkg'
[0.495s] Level 1:colcon.colcon_core.package_identification:_identify(src/system) by extensions ['colcon_meta']
[0.495s] Level 1:colcon.colcon_core.package_identification:_identify(src/system) by extension 'colcon_meta'
[0.495s] Level 1:colcon.colcon_core.package_identification:_identify(src/system) by extensions ['ros']
[0.495s] Level 1:colcon.colcon_core.package_identification:_identify(src/system) by extension 'ros'
[0.496s] DEBUG:colcon.colcon_core.package_identification:Package 'src/system' with type 'ros.ament_python' and name 'system'
[0.496s] Level 1:colcon.colcon_core.package_identification:_identify(src/ultrasonic) by extensions ['ignore', 'ignore_ament_install']
[0.496s] Level 1:colcon.colcon_core.package_identification:_identify(src/ultrasonic) by extension 'ignore'
[0.496s] Level 1:colcon.colcon_core.package_identification:_identify(src/ultrasonic) by extension 'ignore_ament_install'
[0.497s] Level 1:colcon.colcon_core.package_identification:_identify(src/ultrasonic) by extensions ['colcon_pkg']
[0.497s] Level 1:colcon.colcon_core.package_identification:_identify(src/ultrasonic) by extension 'colcon_pkg'
[0.497s] Level 1:colcon.colcon_core.package_identification:_identify(src/ultrasonic) by extensions ['colcon_meta']
[0.497s] Level 1:colcon.colcon_core.package_identification:_identify(src/ultrasonic) by extension 'colcon_meta'
[0.497s] Level 1:colcon.colcon_core.package_identification:_identify(src/ultrasonic) by extensions ['ros']
[0.497s] Level 1:colcon.colcon_core.package_identification:_identify(src/ultrasonic) by extension 'ros'
[0.498s] DEBUG:colcon.colcon_core.package_identification:Package 'src/ultrasonic' with type 'ros.ament_python' and name 'ultrasonic'
[0.498s] Level 1:colcon.colcon_core.package_discovery:discover_packages(recursive) using defaults
[0.498s] Level 1:colcon.colcon_core.package_discovery:discover_packages(ignore) discover
[0.498s] Level 1:colcon.colcon_core.package_discovery:discover_packages(ignore) using defaults
[0.498s] Level 1:colcon.colcon_core.package_discovery:discover_packages(path) discover
[0.499s] Level 1:colcon.colcon_core.package_discovery:discover_packages(path) using defaults
[0.548s] Level 1:colcon.colcon_core.package_discovery:discover_packages(prefix_path) check parameters
[0.548s] Level 1:colcon.colcon_core.package_discovery:discover_packages(prefix_path) discover
[0.550s] WARNING:colcon.colcon_ros.prefix_path.ament:The path '/home/orsted/AGV_EEPIS/install/ultrasonic' in the environment variable AMENT_PREFIX_PATH doesn't exist
[0.550s] WARNING:colcon.colcon_ros.prefix_path.ament:The path '/home/orsted/AGV_EEPIS/install/system' in the environment variable AMENT_PREFIX_PATH doesn't exist
[0.551s] WARNING:colcon.colcon_ros.prefix_path.ament:The path '/home/orsted/AGV_EEPIS/install/slam' in the environment variable AMENT_PREFIX_PATH doesn't exist
[0.551s] WARNING:colcon.colcon_ros.prefix_path.ament:The path '/home/orsted/AGV_EEPIS/install/remote' in the environment variable AMENT_PREFIX_PATH doesn't exist
[0.551s] WARNING:colcon.colcon_ros.prefix_path.ament:The path '/home/orsted/AGV_EEPIS/install/drive_controller' in the environment variable AMENT_PREFIX_PATH doesn't exist
[0.551s] WARNING:colcon.colcon_ros.prefix_path.ament:The path '/home/orsted/AGV_EEPIS/install/ddmr_description' in the environment variable AMENT_PREFIX_PATH doesn't exist
[0.551s] WARNING:colcon.colcon_ros.prefix_path.ament:The path '/home/orsted/AGV_EEPIS/install/canbus' in the environment variable AMENT_PREFIX_PATH doesn't exist
[0.551s] WARNING:colcon.colcon_ros.prefix_path.ament:The path '/home/orsted/AGV_EEPIS/install/bringup' in the environment variable AMENT_PREFIX_PATH doesn't exist
[0.551s] WARNING:colcon.colcon_ros.prefix_path.ament:The path '/home/orsted/AGV_EEPIS/install/ascamera' in the environment variable AMENT_PREFIX_PATH doesn't exist
[0.551s] WARNING:colcon.colcon_ros.prefix_path.ament:The path '/home/orsted/AGV_EEPIS/install/agv_description' in the environment variable AMENT_PREFIX_PATH doesn't exist
[0.552s] WARNING:colcon.colcon_ros.prefix_path.catkin:The path '/home/orsted/AGV_EEPIS/install/ascamera' in the environment variable CMAKE_PREFIX_PATH doesn't exist
[0.555s] DEBUG:colcon.colcon_installed_package_information.package_discovery:Found 0 installed packages in /home/orsted/AGV_EEPIS/install
[0.557s] DEBUG:colcon.colcon_installed_package_information.package_discovery:Found 1 installed packages in /home/orsted/ascam_ros2_ws/install
[0.561s] DEBUG:colcon.colcon_installed_package_information.package_discovery:Found 418 installed packages in /opt/ros/jazzy
[0.571s] Level 1:colcon.colcon_core.package_discovery:discover_packages(prefix_path) using defaults
[0.717s] Level 5:colcon.colcon_core.verb:set package 'agv_description' build argument 'cmake_args' from command line to 'None'
[0.718s] Level 5:colcon.colcon_core.verb:set package 'agv_description' build argument 'cmake_target' from command line to 'None'
[0.718s] Level 5:colcon.colcon_core.verb:set package 'agv_description' build argument 'cmake_target_skip_unavailable' from command line to 'False'
[0.718s] Level 5:colcon.colcon_core.verb:set package 'agv_description' build argument 'cmake_clean_cache' from command line to 'False'
[0.718s] Level 5:colcon.colcon_core.verb:set package 'agv_description' build argument 'cmake_clean_first' from command line to 'False'
[0.718s] Level 5:colcon.colcon_core.verb:set package 'agv_description' build argument 'cmake_force_configure' from command line to 'False'
[0.718s] Level 5:colcon.colcon_core.verb:set package 'agv_description' build argument 'ament_cmake_args' from command line to 'None'
[0.718s] Level 5:colcon.colcon_core.verb:set package 'agv_description' build argument 'catkin_cmake_args' from command line to 'None'
[0.718s] Level 5:colcon.colcon_core.verb:set package 'agv_description' build argument 'catkin_skip_building_tests' from command line to 'False'
[0.718s] DEBUG:colcon.colcon_core.verb:Building package 'agv_description' with the following arguments: {'ament_cmake_args': None, 'build_base': '/home/orsted/AGV_EEPIS/build/agv_description', 'catkin_cmake_args': None, 'catkin_skip_building_tests': False, 'cmake_args': None, 'cmake_clean_cache': False, 'cmake_clean_first': False, 'cmake_force_configure': False, 'cmake_target': None, 'cmake_target_skip_unavailable': False, 'install_base': '/home/orsted/AGV_EEPIS/install/agv_description', 'merge_install': False, 'path': '/home/orsted/AGV_EEPIS/src/agv_description', 'symlink_install': True, 'test_result_base': None}
[0.719s] Level 5:colcon.colcon_core.verb:set package 'ascamera' build argument 'cmake_args' from command line to 'None'
[0.719s] Level 5:colcon.colcon_core.verb:set package 'ascamera' build argument 'cmake_target' from command line to 'None'
[0.719s] Level 5:colcon.colcon_core.verb:set package 'ascamera' build argument 'cmake_target_skip_unavailable' from command line to 'False'
[0.719s] Level 5:colcon.colcon_core.verb:set package 'ascamera' build argument 'cmake_clean_cache' from command line to 'False'
[0.719s] Level 5:colcon.colcon_core.verb:set package 'ascamera' build argument 'cmake_clean_first' from command line to 'False'
[0.719s] Level 5:colcon.colcon_core.verb:set package 'ascamera' build argument 'cmake_force_configure' from command line to 'False'
[0.719s] Level 5:colcon.colcon_core.verb:set package 'ascamera' build argument 'ament_cmake_args' from command line to 'None'
[0.719s] Level 5:colcon.colcon_core.verb:set package 'ascamera' build argument 'catkin_cmake_args' from command line to 'None'
[0.719s] Level 5:colcon.colcon_core.verb:set package 'ascamera' build argument 'catkin_skip_building_tests' from command line to 'False'
[0.719s] DEBUG:colcon.colcon_core.verb:Building package 'ascamera' with the following arguments: {'ament_cmake_args': None, 'build_base': '/home/orsted/AGV_EEPIS/build/ascamera', 'catkin_cmake_args': None, 'catkin_skip_building_tests': False, 'cmake_args': None, 'cmake_clean_cache': False, 'cmake_clean_first': False, 'cmake_force_configure': False, 'cmake_target': None, 'cmake_target_skip_unavailable': False, 'install_base': '/home/orsted/AGV_EEPIS/install/ascamera', 'merge_install': False, 'path': '/home/orsted/AGV_EEPIS/src/ascamera', 'symlink_install': True, 'test_result_base': None}
[0.720s] Level 5:colcon.colcon_core.verb:set package 'bringup' build argument 'cmake_args' from command line to 'None'
[0.720s] Level 5:colcon.colcon_core.verb:set package 'bringup' build argument 'cmake_target' from command line to 'None'
[0.720s] Level 5:colcon.colcon_core.verb:set package 'bringup' build argument 'cmake_target_skip_unavailable' from command line to 'False'
[0.720s] Level 5:colcon.colcon_core.verb:set package 'bringup' build argument 'cmake_clean_cache' from command line to 'False'
[0.720s] Level 5:colcon.colcon_core.verb:set package 'bringup' build argument 'cmake_clean_first' from command line to 'False'
[0.720s] Level 5:colcon.colcon_core.verb:set package 'bringup' build argument 'cmake_force_configure' from command line to 'False'
[0.720s] Level 5:colcon.colcon_core.verb:set package 'bringup' build argument 'ament_cmake_args' from command line to 'None'
[0.720s] Level 5:colcon.colcon_core.verb:set package 'bringup' build argument 'catkin_cmake_args' from command line to 'None'
[0.721s] Level 5:colcon.colcon_core.verb:set package 'bringup' build argument 'catkin_skip_building_tests' from command line to 'False'
[0.721s] DEBUG:colcon.colcon_core.verb:Building package 'bringup' with the following arguments: {'ament_cmake_args': None, 'build_base': '/home/orsted/AGV_EEPIS/build/bringup', 'catkin_cmake_args': None, 'catkin_skip_building_tests': False, 'cmake_args': None, 'cmake_clean_cache': False, 'cmake_clean_first': False, 'cmake_force_configure': False, 'cmake_target': None, 'cmake_target_skip_unavailable': False, 'install_base': '/home/orsted/AGV_EEPIS/install/bringup', 'merge_install': False, 'path': '/home/orsted/AGV_EEPIS/src/bringup', 'symlink_install': True, 'test_result_base': None}
[0.721s] Level 5:colcon.colcon_core.verb:set package 'canbus' build argument 'cmake_args' from command line to 'None'
[0.721s] Level 5:colcon.colcon_core.verb:set package 'canbus' build argument 'cmake_target' from command line to 'None'
[0.721s] Level 5:colcon.colcon_core.verb:set package 'canbus' build argument 'cmake_target_skip_unavailable' from command line to 'False'
[0.721s] Level 5:colcon.colcon_core.verb:set package 'canbus' build argument 'cmake_clean_cache' from command line to 'False'
[0.721s] Level 5:colcon.colcon_core.verb:set package 'canbus' build argument 'cmake_clean_first' from command line to 'False'
[0.721s] Level 5:colcon.colcon_core.verb:set package 'canbus' build argument 'cmake_force_configure' from command line to 'False'
[0.721s] Level 5:colcon.colcon_core.verb:set package 'canbus' build argument 'ament_cmake_args' from command line to 'None'
[0.722s] Level 5:colcon.colcon_core.verb:set package 'canbus' build argument 'catkin_cmake_args' from command line to 'None'
[0.722s] Level 5:colcon.colcon_core.verb:set package 'canbus' build argument 'catkin_skip_building_tests' from command line to 'False'
[0.722s] DEBUG:colcon.colcon_core.verb:Building package 'canbus' with the following arguments: {'ament_cmake_args': None, 'build_base': '/home/orsted/AGV_EEPIS/build/canbus', 'catkin_cmake_args': None, 'catkin_skip_building_tests': False, 'cmake_args': None, 'cmake_clean_cache': False, 'cmake_clean_first': False, 'cmake_force_configure': False, 'cmake_target': None, 'cmake_target_skip_unavailable': False, 'install_base': '/home/orsted/AGV_EEPIS/install/canbus', 'merge_install': False, 'path': '/home/orsted/AGV_EEPIS/src/canbus', 'symlink_install': True, 'test_result_base': None}
[0.722s] Level 5:colcon.colcon_core.verb:set package 'ddmr_description' build argument 'cmake_args' from command line to 'None'
[0.722s] Level 5:colcon.colcon_core.verb:set package 'ddmr_description' build argument 'cmake_target' from command line to 'None'
[0.722s] Level 5:colcon.colcon_core.verb:set package 'ddmr_description' build argument 'cmake_target_skip_unavailable' from command line to 'False'
[0.722s] Level 5:colcon.colcon_core.verb:set package 'ddmr_description' build argument 'cmake_clean_cache' from command line to 'False'
[0.722s] Level 5:colcon.colcon_core.verb:set package 'ddmr_description' build argument 'cmake_clean_first' from command line to 'False'
[0.722s] Level 5:colcon.colcon_core.verb:set package 'ddmr_description' build argument 'cmake_force_configure' from command line to 'False'
[0.722s] Level 5:colcon.colcon_core.verb:set package 'ddmr_description' build argument 'ament_cmake_args' from command line to 'None'
[0.723s] Level 5:colcon.colcon_core.verb:set package 'ddmr_description' build argument 'catkin_cmake_args' from command line to 'None'
[0.723s] Level 5:colcon.colcon_core.verb:set package 'ddmr_description' build argument 'catkin_skip_building_tests' from command line to 'False'
[0.723s] DEBUG:colcon.colcon_core.verb:Building package 'ddmr_description' with the following arguments: {'ament_cmake_args': None, 'build_base': '/home/orsted/AGV_EEPIS/build/ddmr_description', 'catkin_cmake_args': None, 'catkin_skip_building_tests': False, 'cmake_args': None, 'cmake_clean_cache': False, 'cmake_clean_first': False, 'cmake_force_configure': False, 'cmake_target': None, 'cmake_target_skip_unavailable': False, 'install_base': '/home/orsted/AGV_EEPIS/install/ddmr_description', 'merge_install': False, 'path': '/home/orsted/AGV_EEPIS/src/ddmr_description', 'symlink_install': True, 'test_result_base': None}
[0.723s] Level 5:colcon.colcon_core.verb:set package 'drive_controller' build argument 'cmake_args' from command line to 'None'
[0.723s] Level 5:colcon.colcon_core.verb:set package 'drive_controller' build argument 'cmake_target' from command line to 'None'
[0.723s] Level 5:colcon.colcon_core.verb:set package 'drive_controller' build argument 'cmake_target_skip_unavailable' from command line to 'False'
[0.723s] Level 5:colcon.colcon_core.verb:set package 'drive_controller' build argument 'cmake_clean_cache' from command line to 'False'
[0.723s] Level 5:colcon.colcon_core.verb:set package 'drive_controller' build argument 'cmake_clean_first' from command line to 'False'
[0.723s] Level 5:colcon.colcon_core.verb:set package 'drive_controller' build argument 'cmake_force_configure' from command line to 'False'
[0.723s] Level 5:colcon.colcon_core.verb:set package 'drive_controller' build argument 'ament_cmake_args' from command line to 'None'
[0.723s] Level 5:colcon.colcon_core.verb:set package 'drive_controller' build argument 'catkin_cmake_args' from command line to 'None'
[0.724s] Level 5:colcon.colcon_core.verb:set package 'drive_controller' build argument 'catkin_skip_building_tests' from command line to 'False'
[0.724s] DEBUG:colcon.colcon_core.verb:Building package 'drive_controller' with the following arguments: {'ament_cmake_args': None, 'build_base': '/home/orsted/AGV_EEPIS/build/drive_controller', 'catkin_cmake_args': None, 'catkin_skip_building_tests': False, 'cmake_args': None, 'cmake_clean_cache': False, 'cmake_clean_first': False, 'cmake_force_configure': False, 'cmake_target': None, 'cmake_target_skip_unavailable': False, 'install_base': '/home/orsted/AGV_EEPIS/install/drive_controller', 'merge_install': False, 'path': '/home/orsted/AGV_EEPIS/src/drive_controller', 'symlink_install': True, 'test_result_base': None}
[0.724s] Level 5:colcon.colcon_core.verb:set package 'remote' build argument 'cmake_args' from command line to 'None'
[0.724s] Level 5:colcon.colcon_core.verb:set package 'remote' build argument 'cmake_target' from command line to 'None'
[0.724s] Level 5:colcon.colcon_core.verb:set package 'remote' build argument 'cmake_target_skip_unavailable' from command line to 'False'
[0.724s] Level 5:colcon.colcon_core.verb:set package 'remote' build argument 'cmake_clean_cache' from command line to 'False'
[0.724s] Level 5:colcon.colcon_core.verb:set package 'remote' build argument 'cmake_clean_first' from command line to 'False'
[0.724s] Level 5:colcon.colcon_core.verb:set package 'remote' build argument 'cmake_force_configure' from command line to 'False'
[0.724s] Level 5:colcon.colcon_core.verb:set package 'remote' build argument 'ament_cmake_args' from command line to 'None'
[0.724s] Level 5:colcon.colcon_core.verb:set package 'remote' build argument 'catkin_cmake_args' from command line to 'None'
[0.724s] Level 5:colcon.colcon_core.verb:set package 'remote' build argument 'catkin_skip_building_tests' from command line to 'False'
[0.725s] DEBUG:colcon.colcon_core.verb:Building package 'remote' with the following arguments: {'ament_cmake_args': None, 'build_base': '/home/orsted/AGV_EEPIS/build/remote', 'catkin_cmake_args': None, 'catkin_skip_building_tests': False, 'cmake_args': None, 'cmake_clean_cache': False, 'cmake_clean_first': False, 'cmake_force_configure': False, 'cmake_target': None, 'cmake_target_skip_unavailable': False, 'install_base': '/home/orsted/AGV_EEPIS/install/remote', 'merge_install': False, 'path': '/home/orsted/AGV_EEPIS/src/remote', 'symlink_install': True, 'test_result_base': None}
[0.725s] Level 5:colcon.colcon_core.verb:set package 'slam' build argument 'cmake_args' from command line to 'None'
[0.725s] Level 5:colcon.colcon_core.verb:set package 'slam' build argument 'cmake_target' from command line to 'None'
[0.726s] Level 5:colcon.colcon_core.verb:set package 'slam' build argument 'cmake_target_skip_unavailable' from command line to 'False'
[0.726s] Level 5:colcon.colcon_core.verb:set package 'slam' build argument 'cmake_clean_cache' from command line to 'False'
[0.726s] Level 5:colcon.colcon_core.verb:set package 'slam' build argument 'cmake_clean_first' from command line to 'False'
[0.726s] Level 5:colcon.colcon_core.verb:set package 'slam' build argument 'cmake_force_configure' from command line to 'False'
[0.726s] Level 5:colcon.colcon_core.verb:set package 'slam' build argument 'ament_cmake_args' from command line to 'None'
[0.726s] Level 5:colcon.colcon_core.verb:set package 'slam' build argument 'catkin_cmake_args' from command line to 'None'
[0.726s] Level 5:colcon.colcon_core.verb:set package 'slam' build argument 'catkin_skip_building_tests' from command line to 'False'
[0.726s] DEBUG:colcon.colcon_core.verb:Building package 'slam' with the following arguments: {'ament_cmake_args': None, 'build_base': '/home/orsted/AGV_EEPIS/build/slam', 'catkin_cmake_args': None, 'catkin_skip_building_tests': False, 'cmake_args': None, 'cmake_clean_cache': False, 'cmake_clean_first': False, 'cmake_force_configure': False, 'cmake_target': None, 'cmake_target_skip_unavailable': False, 'install_base': '/home/orsted/AGV_EEPIS/install/slam', 'merge_install': False, 'path': '/home/orsted/AGV_EEPIS/src/slam', 'symlink_install': True, 'test_result_base': None}
[0.726s] Level 5:colcon.colcon_core.verb:set package 'system' build argument 'cmake_args' from command line to 'None'
[0.726s] Level 5:colcon.colcon_core.verb:set package 'system' build argument 'cmake_target' from command line to 'None'
[0.726s] Level 5:colcon.colcon_core.verb:set package 'system' build argument 'cmake_target_skip_unavailable' from command line to 'False'
[0.727s] Level 5:colcon.colcon_core.verb:set package 'system' build argument 'cmake_clean_cache' from command line to 'False'
[0.727s] Level 5:colcon.colcon_core.verb:set package 'system' build argument 'cmake_clean_first' from command line to 'False'
[0.727s] Level 5:colcon.colcon_core.verb:set package 'system' build argument 'cmake_force_configure' from command line to 'False'
[0.727s] Level 5:colcon.colcon_core.verb:set package 'system' build argument 'ament_cmake_args' from command line to 'None'
[0.727s] Level 5:colcon.colcon_core.verb:set package 'system' build argument 'catkin_cmake_args' from command line to 'None'
[0.727s] Level 5:colcon.colcon_core.verb:set package 'system' build argument 'catkin_skip_building_tests' from command line to 'False'
[0.727s] DEBUG:colcon.colcon_core.verb:Building package 'system' with the following arguments: {'ament_cmake_args': None, 'build_base': '/home/orsted/AGV_EEPIS/build/system', 'catkin_cmake_args': None, 'catkin_skip_building_tests': False, 'cmake_args': None, 'cmake_clean_cache': False, 'cmake_clean_first': False, 'cmake_force_configure': False, 'cmake_target': None, 'cmake_target_skip_unavailable': False, 'install_base': '/home/orsted/AGV_EEPIS/install/system', 'merge_install': False, 'path': '/home/orsted/AGV_EEPIS/src/system', 'symlink_install': True, 'test_result_base': None}
[0.727s] Level 5:colcon.colcon_core.verb:set package 'ultrasonic' build argument 'cmake_args' from command line to 'None'
[0.727s] Level 5:colcon.colcon_core.verb:set package 'ultrasonic' build argument 'cmake_target' from command line to 'None'
[0.727s] Level 5:colcon.colcon_core.verb:set package 'ultrasonic' build argument 'cmake_target_skip_unavailable' from command line to 'False'
[0.727s] Level 5:colcon.colcon_core.verb:set package 'ultrasonic' build argument 'cmake_clean_cache' from command line to 'False'
[0.728s] Level 5:colcon.colcon_core.verb:set package 'ultrasonic' build argument 'cmake_clean_first' from command line to 'False'
[0.728s] Level 5:colcon.colcon_core.verb:set package 'ultrasonic' build argument 'cmake_force_configure' from command line to 'False'
[0.728s] Level 5:colcon.colcon_core.verb:set package 'ultrasonic' build argument 'ament_cmake_args' from command line to 'None'
[0.728s] Level 5:colcon.colcon_core.verb:set package 'ultrasonic' build argument 'catkin_cmake_args' from command line to 'None'
[0.728s] Level 5:colcon.colcon_core.verb:set package 'ultrasonic' build argument 'catkin_skip_building_tests' from command line to 'False'
[0.728s] DEBUG:colcon.colcon_core.verb:Building package 'ultrasonic' with the following arguments: {'ament_cmake_args': None, 'build_base': '/home/orsted/AGV_EEPIS/build/ultrasonic', 'catkin_cmake_args': None, 'catkin_skip_building_tests': False, 'cmake_args': None, 'cmake_clean_cache': False, 'cmake_clean_first': False, 'cmake_force_configure': False, 'cmake_target': None, 'cmake_target_skip_unavailable': False, 'install_base': '/home/orsted/AGV_EEPIS/install/ultrasonic', 'merge_install': False, 'path': '/home/orsted/AGV_EEPIS/src/ultrasonic', 'symlink_install': True, 'test_result_base': None}
[0.728s] INFO:colcon.colcon_core.executor:Executing jobs using 'parallel' executor
[0.731s] DEBUG:colcon.colcon_parallel_executor.executor.parallel:run_until_complete
[0.732s] INFO:colcon.colcon_ros.task.ament_python.build:Building ROS package in '/home/orsted/AGV_EEPIS/src/agv_description' with build type 'ament_python'
[0.733s] Level 1:colcon.colcon_core.shell:create_environment_hook('agv_description', 'ament_prefix_path')
[0.738s] INFO:colcon.colcon_core.plugin_system:Skipping extension 'colcon_core.shell.bat': Not used on non-Windows systems
[0.739s] INFO:colcon.colcon_core.shell:Creating environment hook '/home/orsted/AGV_EEPIS/install/agv_description/share/agv_description/hook/ament_prefix_path.ps1'
[0.741s] INFO:colcon.colcon_core.shell:Creating environment descriptor '/home/orsted/AGV_EEPIS/install/agv_description/share/agv_description/hook/ament_prefix_path.dsv'
[0.742s] INFO:colcon.colcon_core.shell:Creating environment hook '/home/orsted/AGV_EEPIS/install/agv_description/share/agv_description/hook/ament_prefix_path.sh'
[0.743s] INFO:colcon.colcon_core.shell:Skip shell extension 'powershell' for command environment: Not usable outside of PowerShell
[0.743s] DEBUG:colcon.colcon_core.shell:Skip shell extension 'dsv' for command environment
[0.753s] INFO:colcon.colcon_ros.task.ament_cmake.build:Building ROS package in '/home/orsted/AGV_EEPIS/src/ascamera' with build type 'ament_cmake'
[0.754s] INFO:colcon.colcon_cmake.task.cmake.build:Building CMake package in '/home/orsted/AGV_EEPIS/src/ascamera'
[0.754s] INFO:colcon.colcon_core.shell:Skip shell extension 'powershell' for command environment: Not usable outside of PowerShell
[0.754s] DEBUG:colcon.colcon_core.shell:Skip shell extension 'dsv' for command environment
[0.765s] INFO:colcon.colcon_ros.task.ament_python.build:Building ROS package in '/home/orsted/AGV_EEPIS/src/bringup' with build type 'ament_python'
[0.765s] Level 1:colcon.colcon_core.shell:create_environment_hook('bringup', 'ament_prefix_path')
[0.765s] INFO:colcon.colcon_core.shell:Creating environment hook '/home/orsted/AGV_EEPIS/install/bringup/share/bringup/hook/ament_prefix_path.ps1'
[0.767s] INFO:colcon.colcon_core.shell:Creating environment descriptor '/home/orsted/AGV_EEPIS/install/bringup/share/bringup/hook/ament_prefix_path.dsv'
[0.768s] INFO:colcon.colcon_core.shell:Creating environment hook '/home/orsted/AGV_EEPIS/install/bringup/share/bringup/hook/ament_prefix_path.sh'
[0.769s] INFO:colcon.colcon_core.shell:Skip shell extension 'powershell' for command environment: Not usable outside of PowerShell
[0.769s] DEBUG:colcon.colcon_core.shell:Skip shell extension 'dsv' for command environment
[0.778s] INFO:colcon.colcon_ros.task.ament_python.build:Building ROS package in '/home/orsted/AGV_EEPIS/src/canbus' with build type 'ament_python'
[0.778s] Level 1:colcon.colcon_core.shell:create_environment_hook('canbus', 'ament_prefix_path')
[0.779s] INFO:colcon.colcon_core.shell:Creating environment hook '/home/orsted/AGV_EEPIS/install/canbus/share/canbus/hook/ament_prefix_path.ps1'
[0.781s] INFO:colcon.colcon_core.shell:Creating environment descriptor '/home/orsted/AGV_EEPIS/install/canbus/share/canbus/hook/ament_prefix_path.dsv'
[0.781s] INFO:colcon.colcon_core.shell:Creating environment hook '/home/orsted/AGV_EEPIS/install/canbus/share/canbus/hook/ament_prefix_path.sh'
[0.782s] INFO:colcon.colcon_core.shell:Skip shell extension 'powershell' for command environment: Not usable outside of PowerShell
[0.782s] DEBUG:colcon.colcon_core.shell:Skip shell extension 'dsv' for command environment
[0.792s] INFO:colcon.colcon_ros.task.ament_python.build:Building ROS package in '/home/orsted/AGV_EEPIS/src/ddmr_description' with build type 'ament_python'
[0.792s] Level 1:colcon.colcon_core.shell:create_environment_hook('ddmr_description', 'ament_prefix_path')
[0.793s] INFO:colcon.colcon_core.shell:Creating environment hook '/home/orsted/AGV_EEPIS/install/ddmr_description/share/ddmr_description/hook/ament_prefix_path.ps1'
[0.794s] INFO:colcon.colcon_core.shell:Creating environment descriptor '/home/orsted/AGV_EEPIS/install/ddmr_description/share/ddmr_description/hook/ament_prefix_path.dsv'
[0.795s] INFO:colcon.colcon_core.shell:Creating environment hook '/home/orsted/AGV_EEPIS/install/ddmr_description/share/ddmr_description/hook/ament_prefix_path.sh'
[0.796s] INFO:colcon.colcon_core.shell:Skip shell extension 'powershell' for command environment: Not usable outside of PowerShell
[0.796s] DEBUG:colcon.colcon_core.shell:Skip shell extension 'dsv' for command environment
[0.805s] INFO:colcon.colcon_ros.task.ament_python.build:Building ROS package in '/home/orsted/AGV_EEPIS/src/drive_controller' with build type 'ament_python'
[0.806s] Level 1:colcon.colcon_core.shell:create_environment_hook('drive_controller', 'ament_prefix_path')
[0.806s] INFO:colcon.colcon_core.shell:Creating environment hook '/home/orsted/AGV_EEPIS/install/drive_controller/share/drive_controller/hook/ament_prefix_path.ps1'
[0.808s] INFO:colcon.colcon_core.shell:Creating environment descriptor '/home/orsted/AGV_EEPIS/install/drive_controller/share/drive_controller/hook/ament_prefix_path.dsv'
[0.810s] INFO:colcon.colcon_core.shell:Creating environment hook '/home/orsted/AGV_EEPIS/install/drive_controller/share/drive_controller/hook/ament_prefix_path.sh'
[0.811s] INFO:colcon.colcon_core.shell:Skip shell extension 'powershell' for command environment: Not usable outside of PowerShell
[0.812s] DEBUG:colcon.colcon_core.shell:Skip shell extension 'dsv' for command environment
[1.504s] INFO:colcon.colcon_core.task.python.build:Building Python package in '/home/orsted/AGV_EEPIS/src/agv_description'
[1.505s] INFO:colcon.colcon_core.shell:Skip shell extension 'powershell' for command environment: Not usable outside of PowerShell
[1.506s] DEBUG:colcon.colcon_core.shell:Skip shell extension 'dsv' for command environment
[1.527s] DEBUG:colcon.colcon_core.event_handler.log_command:Invoking command in '/home/orsted/AGV_EEPIS/build/ascamera': CMAKE_PREFIX_PATH=${CMAKE_PREFIX_PATH}:/home/orsted/AGV_EEPIS/install/ultrasonic:/home/orsted/AGV_EEPIS/install/system:/home/orsted/AGV_EEPIS/install/slam:/home/orsted/AGV_EEPIS/install/remote:/home/orsted/AGV_EEPIS/install/drive_controller:/home/orsted/AGV_EEPIS/install/ddmr_description:/home/orsted/AGV_EEPIS/install/canbus:/home/orsted/AGV_EEPIS/install/bringup:/home/orsted/AGV_EEPIS/install/agv_description:/opt/ros/jazzy DEBUGINFOD_URLS=https://debuginfod.ubuntu.com /usr/bin/cmake /home/orsted/AGV_EEPIS/src/ascamera -DAMENT_CMAKE_SYMLINK_INSTALL=1 -DCMAKE_INSTALL_PREFIX=/home/orsted/AGV_EEPIS/install/ascamera
[2.207s] INFO:colcon.colcon_core.task.python.build:Building Python package in '/home/orsted/AGV_EEPIS/src/bringup'
[2.208s] INFO:colcon.colcon_core.shell:Skip shell extension 'powershell' for command environment: Not usable outside of PowerShell
[2.209s] DEBUG:colcon.colcon_core.shell:Skip shell extension 'dsv' for command environment
[2.896s] INFO:colcon.colcon_core.task.python.build:Building Python package in '/home/orsted/AGV_EEPIS/src/canbus'
[2.898s] INFO:colcon.colcon_core.shell:Skip shell extension 'powershell' for command environment: Not usable outside of PowerShell
[2.898s] DEBUG:colcon.colcon_core.shell:Skip shell extension 'dsv' for command environment
[3.575s] INFO:colcon.colcon_core.task.python.build:Building Python package in '/home/orsted/AGV_EEPIS/src/ddmr_description'
[3.576s] INFO:colcon.colcon_core.shell:Skip shell extension 'powershell' for command environment: Not usable outside of PowerShell
[3.576s] DEBUG:colcon.colcon_core.shell:Skip shell extension 'dsv' for command environment
[4.238s] INFO:colcon.colcon_core.task.python.build:Building Python package in '/home/orsted/AGV_EEPIS/src/drive_controller'
[4.239s] INFO:colcon.colcon_core.shell:Skip shell extension 'powershell' for command environment: Not usable outside of PowerShell
[4.240s] DEBUG:colcon.colcon_core.shell:Skip shell extension 'dsv' for command environment
[6.197s] DEBUG:colcon.colcon_core.task.python.build:Available setuptools commands: symlink_data, install_lib, build_clib, build_scripts, bdist_egg, upload_docs, init_catalog, setopt, build_ext, register, update_catalog, upload, install_scripts, egg_info, install_data, build, bdist, check, install_egg_info, bdist_dumb, build_py, test, saveopts, extract_messages, alias, editable_wheel, compile_catalog, sdist, bdist_rpm, install_headers, bdist_wheel, install, easy_install, rotate, develop, clean, dist_info
[6.234s] DEBUG:colcon.colcon_core.task.python.build:Available setuptools commands: symlink_data, install_lib, build_clib, build_scripts, bdist_egg, upload_docs, init_catalog, setopt, build_ext, register, update_catalog, upload, install_scripts, egg_info, install_data, build, bdist, check, install_egg_info, bdist_dumb, build_py, test, saveopts, extract_messages, alias, editable_wheel, compile_catalog, sdist, bdist_rpm, install_headers, bdist_wheel, install, easy_install, rotate, develop, clean, dist_info
[6.351s] DEBUG:colcon.colcon_core.task.python.build:Available setuptools commands: symlink_data, install_lib, build_clib, build_scripts, bdist_egg, upload_docs, init_catalog, setopt, build_ext, register, update_catalog, upload, install_scripts, egg_info, install_data, build, bdist, check, install_egg_info, bdist_dumb, build_py, test, saveopts, extract_messages, alias, editable_wheel, compile_catalog, sdist, bdist_rpm, install_headers, bdist_wheel, install, easy_install, rotate, develop, clean, dist_info
[6.366s] DEBUG:colcon.colcon_core.task.python.build:Available setuptools commands: symlink_data, install_lib, build_clib, build_scripts, bdist_egg, upload_docs, init_catalog, setopt, build_ext, register, update_catalog, upload, install_scripts, egg_info, install_data, build, bdist, check, install_egg_info, bdist_dumb, build_py, test, saveopts, extract_messages, alias, editable_wheel, compile_catalog, sdist, bdist_rpm, install_headers, bdist_wheel, install, easy_install, rotate, develop, clean, dist_info
[6.372s] DEBUG:colcon.colcon_core.task.python.build:Available setuptools commands: symlink_data, install_lib, build_clib, build_scripts, bdist_egg, upload_docs, init_catalog, setopt, build_ext, register, update_catalog, upload, install_scripts, egg_info, install_data, build, bdist, check, install_egg_info, bdist_dumb, build_py, test, saveopts, extract_messages, alias, editable_wheel, compile_catalog, sdist, bdist_rpm, install_headers, bdist_wheel, install, easy_install, rotate, develop, clean, dist_info
[7.498s] DEBUG:colcon.colcon_core.task.python.build:Available setuptools 'develop' options: --allow-hosts, --record, --multi-version, --find-links, --always-copy, --prefix, --user, --site-dirs, --optimize, --version, --force-installation-into-system-dir, --always-unzip, --build-directory, --exclude-scripts, --upgrade, --no-user-cfg, --egg-path, --index-url, --no-deps, --uninstall, --install-layout, --install-dir, --local-snapshots-ok, --no-find-links, --quiet, --editable, --verbose, --help, --script-dir, --dry-run, --zip-ok
[7.503s] DEBUG:colcon.colcon_core.event_handler.log_command:Invoking command in '/home/orsted/AGV_EEPIS/build/drive_controller': DEBUGINFOD_URLS=https://debuginfod.ubuntu.com PYTHONPATH=/home/orsted/AGV_EEPIS/build/drive_controller/prefix_override:/usr/lib/python3/dist-packages/colcon_core/task/python/colcon_distutils_commands:/home/orsted/AGV_EEPIS/install/drive_controller/lib/python3.12/site-packages:${PYTHONPATH} /usr/bin/python3 -W ignore:setup.py install is deprecated -W ignore:easy_install command is deprecated setup.py develop --editable --build-directory /home/orsted/AGV_EEPIS/build/drive_controller/build --no-deps symlink_data
[7.510s] DEBUG:colcon.colcon_core.task.python.build:Available setuptools 'develop' options: --allow-hosts, --record, --multi-version, --find-links, --always-copy, --prefix, --user, --site-dirs, --optimize, --version, --force-installation-into-system-dir, --always-unzip, --build-directory, --exclude-scripts, --upgrade, --no-user-cfg, --egg-path, --index-url, --no-deps, --uninstall, --install-layout, --install-dir, --local-snapshots-ok, --no-find-links, --quiet, --editable, --verbose, --help, --script-dir, --dry-run, --zip-ok
[7.514s] DEBUG:colcon.colcon_core.event_handler.log_command:Invoking command in '/home/orsted/AGV_EEPIS/build/ddmr_description': DEBUGINFOD_URLS=https://debuginfod.ubuntu.com PYTHONPATH=/home/orsted/AGV_EEPIS/build/ddmr_description/prefix_override:/usr/lib/python3/dist-packages/colcon_core/task/python/colcon_distutils_commands:/home/orsted/AGV_EEPIS/install/ddmr_description/lib/python3.12/site-packages:${PYTHONPATH} /usr/bin/python3 -W ignore:setup.py install is deprecated -W ignore:easy_install command is deprecated setup.py develop --editable --build-directory /home/orsted/AGV_EEPIS/build/ddmr_description/build --no-deps symlink_data
[7.522s] DEBUG:colcon.colcon_core.task.python.build:Available setuptools 'develop' options: --allow-hosts, --record, --multi-version, --find-links, --always-copy, --prefix, --user, --site-dirs, --optimize, --version, --force-installation-into-system-dir, --always-unzip, --build-directory, --exclude-scripts, --upgrade, --no-user-cfg, --egg-path, --index-url, --no-deps, --uninstall, --install-layout, --install-dir, --local-snapshots-ok, --no-find-links, --quiet, --editable, --verbose, --help, --script-dir, --dry-run, --zip-ok
[7.526s] DEBUG:colcon.colcon_core.event_handler.log_command:Invoking command in '/home/orsted/AGV_EEPIS/build/canbus': DEBUGINFOD_URLS=https://debuginfod.ubuntu.com PYTHONPATH=/home/orsted/AGV_EEPIS/build/canbus/prefix_override:/usr/lib/python3/dist-packages/colcon_core/task/python/colcon_distutils_commands:/home/orsted/AGV_EEPIS/install/canbus/lib/python3.12/site-packages:${PYTHONPATH} /usr/bin/python3 -W ignore:setup.py install is deprecated -W ignore:easy_install command is deprecated setup.py develop --editable --build-directory /home/orsted/AGV_EEPIS/build/canbus/build --no-deps symlink_data
[7.553s] DEBUG:colcon.colcon_core.task.python.build:Available setuptools 'develop' options: --allow-hosts, --record, --multi-version, --find-links, --always-copy, --prefix, --user, --site-dirs, --optimize, --version, --force-installation-into-system-dir, --always-unzip, --build-directory, --exclude-scripts, --upgrade, --no-user-cfg, --egg-path, --index-url, --no-deps, --uninstall, --install-layout, --install-dir, --local-snapshots-ok, --no-find-links, --quiet, --editable, --verbose, --help, --script-dir, --dry-run, --zip-ok
[7.559s] DEBUG:colcon.colcon_core.event_handler.log_command:Invoking command in '/home/orsted/AGV_EEPIS/build/agv_description': DEBUGINFOD_URLS=https://debuginfod.ubuntu.com PYTHONPATH=/home/orsted/AGV_EEPIS/build/agv_description/prefix_override:/usr/lib/python3/dist-packages/colcon_core/task/python/colcon_distutils_commands:/home/orsted/AGV_EEPIS/install/agv_description/lib/python3.12/site-packages:${PYTHONPATH} /usr/bin/python3 -W ignore:setup.py install is deprecated -W ignore:easy_install command is deprecated setup.py develop --editable --build-directory /home/orsted/AGV_EEPIS/build/agv_description/build --no-deps symlink_data
[7.578s] DEBUG:colcon.colcon_core.task.python.build:Available setuptools 'develop' options: --allow-hosts, --record, --multi-version, --find-links, --always-copy, --prefix, --user, --site-dirs, --optimize, --version, --force-installation-into-system-dir, --always-unzip, --build-directory, --exclude-scripts, --upgrade, --no-user-cfg, --egg-path, --index-url, --no-deps, --uninstall, --install-layout, --install-dir, --local-snapshots-ok, --no-find-links, --quiet, --editable, --verbose, --help, --script-dir, --dry-run, --zip-ok
[7.582s] DEBUG:colcon.colcon_core.event_handler.log_command:Invoking command in '/home/orsted/AGV_EEPIS/build/bringup': DEBUGINFOD_URLS=https://debuginfod.ubuntu.com PYTHONPATH=/home/orsted/AGV_EEPIS/build/bringup/prefix_override:/usr/lib/python3/dist-packages/colcon_core/task/python/colcon_distutils_commands:/home/orsted/AGV_EEPIS/install/bringup/lib/python3.12/site-packages:${PYTHONPATH} /usr/bin/python3 -W ignore:setup.py install is deprecated -W ignore:easy_install command is deprecated setup.py develop --editable --build-directory /home/orsted/AGV_EEPIS/build/bringup/build --no-deps symlink_data
[9.619s] Level 1:colcon.colcon_core.shell:create_environment_hook('ddmr_description', 'pythonpath_develop')
[9.620s] INFO:colcon.colcon_core.shell:Creating environment hook '/home/orsted/AGV_EEPIS/build/ddmr_description/share/ddmr_description/hook/pythonpath_develop.ps1'
[9.629s] INFO:colcon.colcon_core.shell:Creating environment descriptor '/home/orsted/AGV_EEPIS/build/ddmr_description/share/ddmr_description/hook/pythonpath_develop.dsv'
[9.631s] INFO:colcon.colcon_core.shell:Creating environment hook '/home/orsted/AGV_EEPIS/build/ddmr_description/share/ddmr_description/hook/pythonpath_develop.sh'
[9.633s] DEBUG:colcon.colcon_core.event_handler.log_command:Invoked command in '/home/orsted/AGV_EEPIS/build/ddmr_description' returned '0': DEBUGINFOD_URLS=https://debuginfod.ubuntu.com PYTHONPATH=/home/orsted/AGV_EEPIS/build/ddmr_description/prefix_override:/usr/lib/python3/dist-packages/colcon_core/task/python/colcon_distutils_commands:/home/orsted/AGV_EEPIS/install/ddmr_description/lib/python3.12/site-packages:${PYTHONPATH} /usr/bin/python3 -W ignore:setup.py install is deprecated -W ignore:easy_install command is deprecated setup.py develop --editable --build-directory /home/orsted/AGV_EEPIS/build/ddmr_description/build --no-deps symlink_data
[9.643s] Level 1:colcon.colcon_core.environment:checking '/home/orsted/AGV_EEPIS/install/ddmr_description' for CMake module files
[9.645s] Level 1:colcon.colcon_core.environment:checking '/home/orsted/AGV_EEPIS/install/ddmr_description' for CMake config files
[9.647s] Level 1:colcon.colcon_core.environment:checking '/home/orsted/AGV_EEPIS/install/ddmr_description/lib'
[9.648s] Level 1:colcon.colcon_core.environment:checking '/home/orsted/AGV_EEPIS/install/ddmr_description/bin'
[9.648s] Level 1:colcon.colcon_core.environment:checking '/home/orsted/AGV_EEPIS/install/ddmr_description/lib/pkgconfig/ddmr_description.pc'
[9.649s] Level 1:colcon.colcon_core.environment:checking '/home/orsted/AGV_EEPIS/install/ddmr_description/lib/python3.12/site-packages'
[9.649s] Level 1:colcon.colcon_core.shell:create_environment_hook('ddmr_description', 'pythonpath')
[9.650s] INFO:colcon.colcon_core.shell:Creating environment hook '/home/orsted/AGV_EEPIS/install/ddmr_description/share/ddmr_description/hook/pythonpath.ps1'
[9.651s] INFO:colcon.colcon_core.shell:Creating environment descriptor '/home/orsted/AGV_EEPIS/install/ddmr_description/share/ddmr_description/hook/pythonpath.dsv'
[9.652s] INFO:colcon.colcon_core.shell:Creating environment hook '/home/orsted/AGV_EEPIS/install/ddmr_description/share/ddmr_description/hook/pythonpath.sh'
[9.654s] Level 1:colcon.colcon_core.environment:checking '/home/orsted/AGV_EEPIS/install/ddmr_description/bin'
[9.655s] Level 1:colcon.colcon_core.environment:create_environment_scripts_only(ddmr_description)
[9.655s] INFO:colcon.colcon_core.shell:Creating package script '/home/orsted/AGV_EEPIS/install/ddmr_description/share/ddmr_description/package.ps1'
[9.659s] INFO:colcon.colcon_core.shell:Creating package descriptor '/home/orsted/AGV_EEPIS/install/ddmr_description/share/ddmr_description/package.dsv'
[9.660s] INFO:colcon.colcon_core.shell:Creating package script '/home/orsted/AGV_EEPIS/install/ddmr_description/share/ddmr_description/package.sh'
[9.662s] INFO:colcon.colcon_core.shell:Creating package script '/home/orsted/AGV_EEPIS/install/ddmr_description/share/ddmr_description/package.bash'
[9.663s] INFO:colcon.colcon_core.shell:Creating package script '/home/orsted/AGV_EEPIS/install/ddmr_description/share/ddmr_description/package.zsh'
[9.784s] Level 1:colcon.colcon_core.environment:create_file_with_runtime_dependencies(/home/orsted/AGV_EEPIS/install/ddmr_description/share/colcon-core/packages/ddmr_description)
[9.788s] INFO:colcon.colcon_ros.task.ament_python.build:Building ROS package in '/home/orsted/AGV_EEPIS/src/remote' with build type 'ament_python'
[9.789s] Level 1:colcon.colcon_core.shell:create_environment_hook('remote', 'ament_prefix_path')
[9.790s] INFO:colcon.colcon_core.shell:Creating environment hook '/home/orsted/AGV_EEPIS/install/remote/share/remote/hook/ament_prefix_path.ps1'
[9.794s] INFO:colcon.colcon_core.shell:Creating environment descriptor '/home/orsted/AGV_EEPIS/install/remote/share/remote/hook/ament_prefix_path.dsv'
[9.796s] INFO:colcon.colcon_core.shell:Creating environment hook '/home/orsted/AGV_EEPIS/install/remote/share/remote/hook/ament_prefix_path.sh'
[9.797s] INFO:colcon.colcon_core.shell:Skip shell extension 'powershell' for command environment: Not usable outside of PowerShell
[9.798s] DEBUG:colcon.colcon_core.shell:Skip shell extension 'dsv' for command environment
[9.811s] Level 1:colcon.colcon_core.shell:create_environment_hook('bringup', 'pythonpath_develop')
[9.812s] INFO:colcon.colcon_core.shell:Creating environment hook '/home/orsted/AGV_EEPIS/build/bringup/share/bringup/hook/pythonpath_develop.ps1'
[9.815s] DEBUG:colcon.colcon_core.event_handler.log_command:Invoked command in '/home/orsted/AGV_EEPIS/build/bringup' returned '0': DEBUGINFOD_URLS=https://debuginfod.ubuntu.com PYTHONPATH=/home/orsted/AGV_EEPIS/build/bringup/prefix_override:/usr/lib/python3/dist-packages/colcon_core/task/python/colcon_distutils_commands:/home/orsted/AGV_EEPIS/install/bringup/lib/python3.12/site-packages:${PYTHONPATH} /usr/bin/python3 -W ignore:setup.py install is deprecated -W ignore:easy_install command is deprecated setup.py develop --editable --build-directory /home/orsted/AGV_EEPIS/build/bringup/build --no-deps symlink_data
[9.818s] INFO:colcon.colcon_core.shell:Creating environment descriptor '/home/orsted/AGV_EEPIS/build/bringup/share/bringup/hook/pythonpath_develop.dsv'
[9.819s] INFO:colcon.colcon_core.shell:Creating environment hook '/home/orsted/AGV_EEPIS/build/bringup/share/bringup/hook/pythonpath_develop.sh'
[9.822s] Level 1:colcon.colcon_core.environment:checking '/home/orsted/AGV_EEPIS/install/bringup' for CMake module files
[9.823s] Level 1:colcon.colcon_core.environment:checking '/home/orsted/AGV_EEPIS/install/bringup' for CMake config files
[9.825s] Level 1:colcon.colcon_core.environment:checking '/home/orsted/AGV_EEPIS/install/bringup/lib'
[9.826s] Level 1:colcon.colcon_core.environment:checking '/home/orsted/AGV_EEPIS/install/bringup/bin'
[9.826s] Level 1:colcon.colcon_core.environment:checking '/home/orsted/AGV_EEPIS/install/bringup/lib/pkgconfig/bringup.pc'
[9.827s] Level 1:colcon.colcon_core.environment:checking '/home/orsted/AGV_EEPIS/install/bringup/lib/python3.12/site-packages'
[9.827s] Level 1:colcon.colcon_core.shell:create_environment_hook('bringup', 'pythonpath')
[9.828s] INFO:colcon.colcon_core.shell:Creating environment hook '/home/orsted/AGV_EEPIS/install/bringup/share/bringup/hook/pythonpath.ps1'
[9.829s] INFO:colcon.colcon_core.shell:Creating environment descriptor '/home/orsted/AGV_EEPIS/install/bringup/share/bringup/hook/pythonpath.dsv'
[9.830s] INFO:colcon.colcon_core.shell:Creating environment hook '/home/orsted/AGV_EEPIS/install/bringup/share/bringup/hook/pythonpath.sh'
[9.832s] Level 1:colcon.colcon_core.environment:checking '/home/orsted/AGV_EEPIS/install/bringup/bin'
[9.832s] Level 1:colcon.colcon_core.environment:create_environment_scripts_only(bringup)
[9.833s] INFO:colcon.colcon_core.shell:Creating package script '/home/orsted/AGV_EEPIS/install/bringup/share/bringup/package.ps1'
[9.835s] INFO:colcon.colcon_core.shell:Creating package descriptor '/home/orsted/AGV_EEPIS/install/bringup/share/bringup/package.dsv'
[9.836s] INFO:colcon.colcon_core.shell:Creating package script '/home/orsted/AGV_EEPIS/install/bringup/share/bringup/package.sh'
[9.837s] INFO:colcon.colcon_core.shell:Creating package script '/home/orsted/AGV_EEPIS/install/bringup/share/bringup/package.bash'
[9.838s] INFO:colcon.colcon_core.shell:Creating package script '/home/orsted/AGV_EEPIS/install/bringup/share/bringup/package.zsh'
[9.838s] Level 1:colcon.colcon_core.environment:create_file_with_runtime_dependencies(/home/orsted/AGV_EEPIS/install/bringup/share/colcon-core/packages/bringup)
[9.841s] INFO:colcon.colcon_ros.task.ament_python.build:Building ROS package in '/home/orsted/AGV_EEPIS/src/slam' with build type 'ament_python'
[9.842s] Level 1:colcon.colcon_core.shell:create_environment_hook('slam', 'ament_prefix_path')
[9.842s] INFO:colcon.colcon_core.shell:Creating environment hook '/home/orsted/AGV_EEPIS/install/slam/share/slam/hook/ament_prefix_path.ps1'
[9.844s] INFO:colcon.colcon_core.shell:Creating environment descriptor '/home/orsted/AGV_EEPIS/install/slam/share/slam/hook/ament_prefix_path.dsv'
[9.845s] INFO:colcon.colcon_core.shell:Creating environment hook '/home/orsted/AGV_EEPIS/install/slam/share/slam/hook/ament_prefix_path.sh'
[9.847s] INFO:colcon.colcon_core.shell:Skip shell extension 'powershell' for command environment: Not usable outside of PowerShell
[9.847s] DEBUG:colcon.colcon_core.shell:Skip shell extension 'dsv' for command environment
[9.862s] Level 1:colcon.colcon_core.shell:create_environment_hook('drive_controller', 'pythonpath_develop')
[9.863s] INFO:colcon.colcon_core.shell:Creating environment hook '/home/orsted/AGV_EEPIS/build/drive_controller/share/drive_controller/hook/pythonpath_develop.ps1'
[9.866s] DEBUG:colcon.colcon_core.event_handler.log_command:Invoked command in '/home/orsted/AGV_EEPIS/build/drive_controller' returned '0': DEBUGINFOD_URLS=https://debuginfod.ubuntu.com PYTHONPATH=/home/orsted/AGV_EEPIS/build/drive_controller/prefix_override:/usr/lib/python3/dist-packages/colcon_core/task/python/colcon_distutils_commands:/home/orsted/AGV_EEPIS/install/drive_controller/lib/python3.12/site-packages:${PYTHONPATH} /usr/bin/python3 -W ignore:setup.py install is deprecated -W ignore:easy_install command is deprecated setup.py develop --editable --build-directory /home/orsted/AGV_EEPIS/build/drive_controller/build --no-deps symlink_data
[9.867s] INFO:colcon.colcon_core.shell:Creating environment descriptor '/home/orsted/AGV_EEPIS/build/drive_controller/share/drive_controller/hook/pythonpath_develop.dsv'
[9.869s] INFO:colcon.colcon_core.shell:Creating environment hook '/home/orsted/AGV_EEPIS/build/drive_controller/share/drive_controller/hook/pythonpath_develop.sh'
[9.871s] Level 1:colcon.colcon_core.environment:checking '/home/orsted/AGV_EEPIS/install/drive_controller' for CMake module files
[9.873s] Level 1:colcon.colcon_core.environment:checking '/home/orsted/AGV_EEPIS/install/drive_controller' for CMake config files
[9.875s] Level 1:colcon.colcon_core.environment:checking '/home/orsted/AGV_EEPIS/install/drive_controller/lib'
[9.875s] Level 1:colcon.colcon_core.environment:checking '/home/orsted/AGV_EEPIS/install/drive_controller/bin'
[9.875s] Level 1:colcon.colcon_core.environment:checking '/home/orsted/AGV_EEPIS/install/drive_controller/lib/pkgconfig/drive_controller.pc'
[9.876s] Level 1:colcon.colcon_core.environment:checking '/home/orsted/AGV_EEPIS/install/drive_controller/lib/python3.12/site-packages'
[9.876s] Level 1:colcon.colcon_core.shell:create_environment_hook('drive_controller', 'pythonpath')
[9.877s] INFO:colcon.colcon_core.shell:Creating environment hook '/home/orsted/AGV_EEPIS/install/drive_controller/share/drive_controller/hook/pythonpath.ps1'
[9.879s] INFO:colcon.colcon_core.shell:Creating environment descriptor '/home/orsted/AGV_EEPIS/install/drive_controller/share/drive_controller/hook/pythonpath.dsv'
[9.880s] INFO:colcon.colcon_core.shell:Creating environment hook '/home/orsted/AGV_EEPIS/install/drive_controller/share/drive_controller/hook/pythonpath.sh'
[9.882s] Level 1:colcon.colcon_core.environment:checking '/home/orsted/AGV_EEPIS/install/drive_controller/bin'
[9.882s] Level 1:colcon.colcon_core.environment:create_environment_scripts_only(drive_controller)
[9.883s] INFO:colcon.colcon_core.shell:Creating package script '/home/orsted/AGV_EEPIS/install/drive_controller/share/drive_controller/package.ps1'
[9.885s] INFO:colcon.colcon_core.shell:Creating package descriptor '/home/orsted/AGV_EEPIS/install/drive_controller/share/drive_controller/package.dsv'
[9.886s] INFO:colcon.colcon_core.shell:Creating package script '/home/orsted/AGV_EEPIS/install/drive_controller/share/drive_controller/package.sh'
[9.887s] INFO:colcon.colcon_core.shell:Creating package script '/home/orsted/AGV_EEPIS/install/drive_controller/share/drive_controller/package.bash'
[9.888s] INFO:colcon.colcon_core.shell:Creating package script '/home/orsted/AGV_EEPIS/install/drive_controller/share/drive_controller/package.zsh'
[9.889s] Level 1:colcon.colcon_core.environment:create_file_with_runtime_dependencies(/home/orsted/AGV_EEPIS/install/drive_controller/share/colcon-core/packages/drive_controller)
[9.891s] INFO:colcon.colcon_ros.task.ament_python.build:Building ROS package in '/home/orsted/AGV_EEPIS/src/system' with build type 'ament_python'
[9.892s] Level 1:colcon.colcon_core.shell:create_environment_hook('system', 'ament_prefix_path')
[9.892s] INFO:colcon.colcon_core.shell:Creating environment hook '/home/orsted/AGV_EEPIS/install/system/share/system/hook/ament_prefix_path.ps1'
[9.894s] INFO:colcon.colcon_core.shell:Creating environment descriptor '/home/orsted/AGV_EEPIS/install/system/share/system/hook/ament_prefix_path.dsv'
[9.895s] INFO:colcon.colcon_core.shell:Creating environment hook '/home/orsted/AGV_EEPIS/install/system/share/system/hook/ament_prefix_path.sh'
[9.896s] INFO:colcon.colcon_core.shell:Skip shell extension 'powershell' for command environment: Not usable outside of PowerShell
[9.897s] DEBUG:colcon.colcon_core.shell:Skip shell extension 'dsv' for command environment
[10.640s] INFO:colcon.colcon_core.task.python.build:Building Python package in '/home/orsted/AGV_EEPIS/src/remote'
[10.641s] INFO:colcon.colcon_core.shell:Skip shell extension 'powershell' for command environment: Not usable outside of PowerShell
[10.641s] DEBUG:colcon.colcon_core.shell:Skip shell extension 'dsv' for command environment
[10.656s] Level 1:colcon.colcon_core.shell:create_environment_hook('canbus', 'pythonpath_develop')
[10.657s] INFO:colcon.colcon_core.shell:Creating environment hook '/home/orsted/AGV_EEPIS/build/canbus/share/canbus/hook/pythonpath_develop.ps1'
[10.658s] DEBUG:colcon.colcon_core.event_handler.log_command:Invoked command in '/home/orsted/AGV_EEPIS/build/canbus' returned '0': DEBUGINFOD_URLS=https://debuginfod.ubuntu.com PYTHONPATH=/home/orsted/AGV_EEPIS/build/canbus/prefix_override:/usr/lib/python3/dist-packages/colcon_core/task/python/colcon_distutils_commands:/home/orsted/AGV_EEPIS/install/canbus/lib/python3.12/site-packages:${PYTHONPATH} /usr/bin/python3 -W ignore:setup.py install is deprecated -W ignore:easy_install command is deprecated setup.py develop --editable --build-directory /home/orsted/AGV_EEPIS/build/canbus/build --no-deps symlink_data
[10.660s] INFO:colcon.colcon_core.shell:Creating environment descriptor '/home/orsted/AGV_EEPIS/build/canbus/share/canbus/hook/pythonpath_develop.dsv'
[10.661s] INFO:colcon.colcon_core.shell:Creating environment hook '/home/orsted/AGV_EEPIS/build/canbus/share/canbus/hook/pythonpath_develop.sh'
[10.662s] Level 1:colcon.colcon_core.environment:checking '/home/orsted/AGV_EEPIS/install/canbus' for CMake module files
[10.663s] Level 1:colcon.colcon_core.environment:checking '/home/orsted/AGV_EEPIS/install/canbus' for CMake config files
[10.664s] Level 1:colcon.colcon_core.environment:checking '/home/orsted/AGV_EEPIS/install/canbus/lib'
[10.665s] Level 1:colcon.colcon_core.environment:checking '/home/orsted/AGV_EEPIS/install/canbus/bin'
[10.665s] Level 1:colcon.colcon_core.environment:checking '/home/orsted/AGV_EEPIS/install/canbus/lib/pkgconfig/canbus.pc'
[10.666s] Level 1:colcon.colcon_core.environment:checking '/home/orsted/AGV_EEPIS/install/canbus/lib/python3.12/site-packages'
[10.666s] Level 1:colcon.colcon_core.shell:create_environment_hook('canbus', 'pythonpath')
[10.667s] INFO:colcon.colcon_core.shell:Creating environment hook '/home/orsted/AGV_EEPIS/install/canbus/share/canbus/hook/pythonpath.ps1'
[10.668s] INFO:colcon.colcon_core.shell:Creating environment descriptor '/home/orsted/AGV_EEPIS/install/canbus/share/canbus/hook/pythonpath.dsv'
[10.669s] INFO:colcon.colcon_core.shell:Creating environment hook '/home/orsted/AGV_EEPIS/install/canbus/share/canbus/hook/pythonpath.sh'
[10.671s] Level 1:colcon.colcon_core.environment:checking '/home/orsted/AGV_EEPIS/install/canbus/bin'
[10.671s] Level 1:colcon.colcon_core.environment:create_environment_scripts_only(canbus)
[10.671s] INFO:colcon.colcon_core.shell:Creating package script '/home/orsted/AGV_EEPIS/install/canbus/share/canbus/package.ps1'
[10.673s] INFO:colcon.colcon_core.shell:Creating package descriptor '/home/orsted/AGV_EEPIS/install/canbus/share/canbus/package.dsv'
[10.674s] INFO:colcon.colcon_core.shell:Creating package script '/home/orsted/AGV_EEPIS/install/canbus/share/canbus/package.sh'
[10.675s] INFO:colcon.colcon_core.shell:Creating package script '/home/orsted/AGV_EEPIS/install/canbus/share/canbus/package.bash'
[10.676s] INFO:colcon.colcon_core.shell:Creating package script '/home/orsted/AGV_EEPIS/install/canbus/share/canbus/package.zsh'
[10.677s] Level 1:colcon.colcon_core.environment:create_file_with_runtime_dependencies(/home/orsted/AGV_EEPIS/install/canbus/share/colcon-core/packages/canbus)
[11.376s] INFO:colcon.colcon_core.task.python.build:Building Python package in '/home/orsted/AGV_EEPIS/src/slam'
[11.377s] INFO:colcon.colcon_core.shell:Skip shell extension 'powershell' for command environment: Not usable outside of PowerShell
[11.377s] DEBUG:colcon.colcon_core.shell:Skip shell extension 'dsv' for command environment
[11.395s] INFO:colcon.colcon_ros.task.ament_python.build:Building ROS package in '/home/orsted/AGV_EEPIS/src/ultrasonic' with build type 'ament_python'
[11.395s] Level 1:colcon.colcon_core.shell:create_environment_hook('ultrasonic', 'ament_prefix_path')
[11.396s] INFO:colcon.colcon_core.shell:Creating environment hook '/home/orsted/AGV_EEPIS/install/ultrasonic/share/ultrasonic/hook/ament_prefix_path.ps1'
[11.399s] INFO:colcon.colcon_core.shell:Creating environment descriptor '/home/orsted/AGV_EEPIS/install/ultrasonic/share/ultrasonic/hook/ament_prefix_path.dsv'
[11.400s] INFO:colcon.colcon_core.shell:Creating environment hook '/home/orsted/AGV_EEPIS/install/ultrasonic/share/ultrasonic/hook/ament_prefix_path.sh'
[11.402s] INFO:colcon.colcon_core.shell:Skip shell extension 'powershell' for command environment: Not usable outside of PowerShell
[11.402s] DEBUG:colcon.colcon_core.shell:Skip shell extension 'dsv' for command environment
[11.420s] Level 1:colcon.colcon_core.shell:create_environment_hook('agv_description', 'pythonpath_develop')
[11.421s] INFO:colcon.colcon_core.shell:Creating environment hook '/home/orsted/AGV_EEPIS/build/agv_description/share/agv_description/hook/pythonpath_develop.ps1'
[11.422s] DEBUG:colcon.colcon_core.event_handler.log_command:Invoked command in '/home/orsted/AGV_EEPIS/build/agv_description' returned '0': DEBUGINFOD_URLS=https://debuginfod.ubuntu.com PYTHONPATH=/home/orsted/AGV_EEPIS/build/agv_description/prefix_override:/usr/lib/python3/dist-packages/colcon_core/task/python/colcon_distutils_commands:/home/orsted/AGV_EEPIS/install/agv_description/lib/python3.12/site-packages:${PYTHONPATH} /usr/bin/python3 -W ignore:setup.py install is deprecated -W ignore:easy_install command is deprecated setup.py develop --editable --build-directory /home/orsted/AGV_EEPIS/build/agv_description/build --no-deps symlink_data
[11.424s] INFO:colcon.colcon_core.shell:Creating environment descriptor '/home/orsted/AGV_EEPIS/build/agv_description/share/agv_description/hook/pythonpath_develop.dsv'
[11.425s] INFO:colcon.colcon_core.shell:Creating environment hook '/home/orsted/AGV_EEPIS/build/agv_description/share/agv_description/hook/pythonpath_develop.sh'
[11.427s] Level 1:colcon.colcon_core.environment:checking '/home/orsted/AGV_EEPIS/install/agv_description' for CMake module files
[11.429s] Level 1:colcon.colcon_core.environment:checking '/home/orsted/AGV_EEPIS/install/agv_description' for CMake config files
[11.432s] Level 1:colcon.colcon_core.environment:checking '/home/orsted/AGV_EEPIS/install/agv_description/lib'
[11.432s] Level 1:colcon.colcon_core.environment:checking '/home/orsted/AGV_EEPIS/install/agv_description/bin'
[11.433s] Level 1:colcon.colcon_core.environment:checking '/home/orsted/AGV_EEPIS/install/agv_description/lib/pkgconfig/agv_description.pc'
[11.434s] Level 1:colcon.colcon_core.environment:checking '/home/orsted/AGV_EEPIS/install/agv_description/lib/python3.12/site-packages'
[11.434s] Level 1:colcon.colcon_core.shell:create_environment_hook('agv_description', 'pythonpath')
[11.435s] INFO:colcon.colcon_core.shell:Creating environment hook '/home/orsted/AGV_EEPIS/install/agv_description/share/agv_description/hook/pythonpath.ps1'
[11.437s] INFO:colcon.colcon_core.shell:Creating environment descriptor '/home/orsted/AGV_EEPIS/install/agv_description/share/agv_description/hook/pythonpath.dsv'
[11.438s] INFO:colcon.colcon_core.shell:Creating environment hook '/home/orsted/AGV_EEPIS/install/agv_description/share/agv_description/hook/pythonpath.sh'
[11.440s] Level 1:colcon.colcon_core.environment:checking '/home/orsted/AGV_EEPIS/install/agv_description/bin'
[11.441s] Level 1:colcon.colcon_core.environment:create_environment_scripts_only(agv_description)
[11.442s] INFO:colcon.colcon_core.shell:Creating package script '/home/orsted/AGV_EEPIS/install/agv_description/share/agv_description/package.ps1'
[11.444s] INFO:colcon.colcon_core.shell:Creating package descriptor '/home/orsted/AGV_EEPIS/install/agv_description/share/agv_description/package.dsv'
[11.446s] INFO:colcon.colcon_core.shell:Creating package script '/home/orsted/AGV_EEPIS/install/agv_description/share/agv_description/package.sh'
[11.448s] INFO:colcon.colcon_core.shell:Creating package script '/home/orsted/AGV_EEPIS/install/agv_description/share/agv_description/package.bash'
[11.449s] INFO:colcon.colcon_core.shell:Creating package script '/home/orsted/AGV_EEPIS/install/agv_description/share/agv_description/package.zsh'
[11.450s] Level 1:colcon.colcon_core.environment:create_file_with_runtime_dependencies(/home/orsted/AGV_EEPIS/install/agv_description/share/colcon-core/packages/agv_description)
[12.120s] INFO:colcon.colcon_core.task.python.build:Building Python package in '/home/orsted/AGV_EEPIS/src/system'
[12.121s] INFO:colcon.colcon_core.shell:Skip shell extension 'powershell' for command environment: Not usable outside of PowerShell
[12.121s] DEBUG:colcon.colcon_core.shell:Skip shell extension 'dsv' for command environment
[12.831s] INFO:colcon.colcon_core.task.python.build:Building Python package in '/home/orsted/AGV_EEPIS/src/ultrasonic'
[12.832s] INFO:colcon.colcon_core.shell:Skip shell extension 'powershell' for command environment: Not usable outside of PowerShell
[12.832s] DEBUG:colcon.colcon_core.shell:Skip shell extension 'dsv' for command environment
[14.163s] DEBUG:colcon.colcon_core.task.python.build:Available setuptools commands: symlink_data, install_lib, build_clib, build_scripts, bdist_egg, upload_docs, init_catalog, setopt, build_ext, register, update_catalog, upload, install_scripts, egg_info, install_data, build, bdist, check, install_egg_info, bdist_dumb, build_py, test, saveopts, extract_messages, alias, editable_wheel, compile_catalog, sdist, bdist_rpm, install_headers, bdist_wheel, install, easy_install, rotate, develop, clean, dist_info
[14.178s] DEBUG:colcon.colcon_core.task.python.build:Available setuptools commands: symlink_data, install_lib, build_clib, build_scripts, bdist_egg, upload_docs, init_catalog, setopt, build_ext, register, update_catalog, upload, install_scripts, egg_info, install_data, build, bdist, check, install_egg_info, bdist_dumb, build_py, test, saveopts, extract_messages, alias, editable_wheel, compile_catalog, sdist, bdist_rpm, install_headers, bdist_wheel, install, easy_install, rotate, develop, clean, dist_info
[14.796s] DEBUG:colcon.colcon_core.task.python.build:Available setuptools commands: symlink_data, install_lib, build_clib, build_scripts, bdist_egg, upload_docs, init_catalog, setopt, build_ext, register, update_catalog, upload, install_scripts, egg_info, install_data, build, bdist, check, install_egg_info, bdist_dumb, build_py, test, saveopts, extract_messages, alias, editable_wheel, compile_catalog, sdist, bdist_rpm, install_headers, bdist_wheel, install, easy_install, rotate, develop, clean, dist_info
[14.820s] DEBUG:colcon.colcon_core.task.python.build:Available setuptools commands: symlink_data, install_lib, build_clib, build_scripts, bdist_egg, upload_docs, init_catalog, setopt, build_ext, register, update_catalog, upload, install_scripts, egg_info, install_data, build, bdist, check, install_egg_info, bdist_dumb, build_py, test, saveopts, extract_messages, alias, editable_wheel, compile_catalog, sdist, bdist_rpm, install_headers, bdist_wheel, install, easy_install, rotate, develop, clean, dist_info
[15.360s] DEBUG:colcon.colcon_core.task.python.build:Available setuptools 'develop' options: --allow-hosts, --record, --multi-version, --find-links, --always-copy, --prefix, --user, --site-dirs, --optimize, --version, --force-installation-into-system-dir, --always-unzip, --build-directory, --exclude-scripts, --upgrade, --no-user-cfg, --egg-path, --index-url, --no-deps, --uninstall, --install-layout, --install-dir, --local-snapshots-ok, --no-find-links, --quiet, --editable, --verbose, --help, --script-dir, --dry-run, --zip-ok
[15.365s] DEBUG:colcon.colcon_core.event_handler.log_command:Invoking command in '/home/orsted/AGV_EEPIS/build/slam': DEBUGINFOD_URLS=https://debuginfod.ubuntu.com PYTHONPATH=/home/orsted/AGV_EEPIS/build/slam/prefix_override:/usr/lib/python3/dist-packages/colcon_core/task/python/colcon_distutils_commands:/home/orsted/AGV_EEPIS/install/slam/lib/python3.12/site-packages:${PYTHONPATH} /usr/bin/python3 -W ignore:setup.py install is deprecated -W ignore:easy_install command is deprecated setup.py develop --editable --build-directory /home/orsted/AGV_EEPIS/build/slam/build --no-deps symlink_data
[15.371s] DEBUG:colcon.colcon_core.task.python.build:Available setuptools 'develop' options: --allow-hosts, --record, --multi-version, --find-links, --always-copy, --prefix, --user, --site-dirs, --optimize, --version, --force-installation-into-system-dir, --always-unzip, --build-directory, --exclude-scripts, --upgrade, --no-user-cfg, --egg-path, --index-url, --no-deps, --uninstall, --install-layout, --install-dir, --local-snapshots-ok, --no-find-links, --quiet, --editable, --verbose, --help, --script-dir, --dry-run, --zip-ok
[15.378s] DEBUG:colcon.colcon_core.event_handler.log_command:Invoking command in '/home/orsted/AGV_EEPIS/build/remote': DEBUGINFOD_URLS=https://debuginfod.ubuntu.com PYTHONPATH=/home/orsted/AGV_EEPIS/build/remote/prefix_override:/usr/lib/python3/dist-packages/colcon_core/task/python/colcon_distutils_commands:/home/orsted/AGV_EEPIS/install/remote/lib/python3.12/site-packages:${PYTHONPATH} /usr/bin/python3 -W ignore:setup.py install is deprecated -W ignore:easy_install command is deprecated setup.py develop --editable --build-directory /home/orsted/AGV_EEPIS/build/remote/build --no-deps symlink_data
[15.949s] DEBUG:colcon.colcon_core.task.python.build:Available setuptools 'develop' options: --allow-hosts, --record, --multi-version, --find-links, --always-copy, --prefix, --user, --site-dirs, --optimize, --version, --force-installation-into-system-dir, --always-unzip, --build-directory, --exclude-scripts, --upgrade, --no-user-cfg, --egg-path, --index-url, --no-deps, --uninstall, --install-layout, --install-dir, --local-snapshots-ok, --no-find-links, --quiet, --editable, --verbose, --help, --script-dir, --dry-run, --zip-ok
[15.953s] DEBUG:colcon.colcon_core.event_handler.log_command:Invoking command in '/home/orsted/AGV_EEPIS/build/ultrasonic': DEBUGINFOD_URLS=https://debuginfod.ubuntu.com PYTHONPATH=/home/orsted/AGV_EEPIS/build/ultrasonic/prefix_override:/usr/lib/python3/dist-packages/colcon_core/task/python/colcon_distutils_commands:/home/orsted/AGV_EEPIS/install/ultrasonic/lib/python3.12/site-packages:${PYTHONPATH} /usr/bin/python3 -W ignore:setup.py install is deprecated -W ignore:easy_install command is deprecated setup.py develop --editable --build-directory /home/orsted/AGV_EEPIS/build/ultrasonic/build --no-deps symlink_data
[16.011s] DEBUG:colcon.colcon_core.task.python.build:Available setuptools 'develop' options: --allow-hosts, --record, --multi-version, --find-links, --always-copy, --prefix, --user, --site-dirs, --optimize, --version, --force-installation-into-system-dir, --always-unzip, --build-directory, --exclude-scripts, --upgrade, --no-user-cfg, --egg-path, --index-url, --no-deps, --uninstall, --install-layout, --install-dir, --local-snapshots-ok, --no-find-links, --quiet, --editable, --verbose, --help, --script-dir, --dry-run, --zip-ok
[16.014s] DEBUG:colcon.colcon_core.event_handler.log_command:Invoking command in '/home/orsted/AGV_EEPIS/build/system': DEBUGINFOD_URLS=https://debuginfod.ubuntu.com PYTHONPATH=/home/orsted/AGV_EEPIS/build/system/prefix_override:/usr/lib/python3/dist-packages/colcon_core/task/python/colcon_distutils_commands:/home/orsted/AGV_EEPIS/install/system/lib/python3.12/site-packages:${PYTHONPATH} /usr/bin/python3 -W ignore:setup.py install is deprecated -W ignore:easy_install command is deprecated setup.py develop --editable --build-directory /home/orsted/AGV_EEPIS/build/system/build --no-deps symlink_data
[17.479s] Level 1:colcon.colcon_core.shell:create_environment_hook('remote', 'pythonpath_develop')
[17.480s] INFO:colcon.colcon_core.shell:Creating environment hook '/home/orsted/AGV_EEPIS/build/remote/share/remote/hook/pythonpath_develop.ps1'
[17.482s] DEBUG:colcon.colcon_core.event_handler.log_command:Invoked command in '/home/orsted/AGV_EEPIS/build/remote' returned '0': DEBUGINFOD_URLS=https://debuginfod.ubuntu.com PYTHONPATH=/home/orsted/AGV_EEPIS/build/remote/prefix_override:/usr/lib/python3/dist-packages/colcon_core/task/python/colcon_distutils_commands:/home/orsted/AGV_EEPIS/install/remote/lib/python3.12/site-packages:${PYTHONPATH} /usr/bin/python3 -W ignore:setup.py install is deprecated -W ignore:easy_install command is deprecated setup.py develop --editable --build-directory /home/orsted/AGV_EEPIS/build/remote/build --no-deps symlink_data
[17.483s] INFO:colcon.colcon_core.shell:Creating environment descriptor '/home/orsted/AGV_EEPIS/build/remote/share/remote/hook/pythonpath_develop.dsv'
[17.484s] INFO:colcon.colcon_core.shell:Creating environment hook '/home/orsted/AGV_EEPIS/build/remote/share/remote/hook/pythonpath_develop.sh'
[17.485s] Level 1:colcon.colcon_core.environment:checking '/home/orsted/AGV_EEPIS/install/remote' for CMake module files
[17.486s] Level 1:colcon.colcon_core.environment:checking '/home/orsted/AGV_EEPIS/install/remote' for CMake config files
[17.488s] Level 1:colcon.colcon_core.environment:checking '/home/orsted/AGV_EEPIS/install/remote/lib'
[17.488s] Level 1:colcon.colcon_core.environment:checking '/home/orsted/AGV_EEPIS/install/remote/bin'
[17.488s] Level 1:colcon.colcon_core.environment:checking '/home/orsted/AGV_EEPIS/install/remote/lib/pkgconfig/remote.pc'
[17.489s] Level 1:colcon.colcon_core.environment:checking '/home/orsted/AGV_EEPIS/install/remote/lib/python3.12/site-packages'
[17.489s] Level 1:colcon.colcon_core.shell:create_environment_hook('remote', 'pythonpath')
[17.489s] INFO:colcon.colcon_core.shell:Creating environment hook '/home/orsted/AGV_EEPIS/install/remote/share/remote/hook/pythonpath.ps1'
[17.490s] INFO:colcon.colcon_core.shell:Creating environment descriptor '/home/orsted/AGV_EEPIS/install/remote/share/remote/hook/pythonpath.dsv'
[17.491s] INFO:colcon.colcon_core.shell:Creating environment hook '/home/orsted/AGV_EEPIS/install/remote/share/remote/hook/pythonpath.sh'
[17.493s] Level 1:colcon.colcon_core.environment:checking '/home/orsted/AGV_EEPIS/install/remote/bin'
[17.493s] Level 1:colcon.colcon_core.environment:create_environment_scripts_only(remote)
[17.494s] INFO:colcon.colcon_core.shell:Creating package script '/home/orsted/AGV_EEPIS/install/remote/share/remote/package.ps1'
[17.495s] INFO:colcon.colcon_core.shell:Creating package descriptor '/home/orsted/AGV_EEPIS/install/remote/share/remote/package.dsv'
[17.496s] INFO:colcon.colcon_core.shell:Creating package script '/home/orsted/AGV_EEPIS/install/remote/share/remote/package.sh'
[17.497s] INFO:colcon.colcon_core.shell:Creating package script '/home/orsted/AGV_EEPIS/install/remote/share/remote/package.bash'
[17.498s] INFO:colcon.colcon_core.shell:Creating package script '/home/orsted/AGV_EEPIS/install/remote/share/remote/package.zsh'
[17.499s] Level 1:colcon.colcon_core.environment:create_file_with_runtime_dependencies(/home/orsted/AGV_EEPIS/install/remote/share/colcon-core/packages/remote)
[17.568s] Level 1:colcon.colcon_core.shell:create_environment_hook('slam', 'pythonpath_develop')
[17.569s] INFO:colcon.colcon_core.shell:Creating environment hook '/home/orsted/AGV_EEPIS/build/slam/share/slam/hook/pythonpath_develop.ps1'
[17.571s] DEBUG:colcon.colcon_core.event_handler.log_command:Invoked command in '/home/orsted/AGV_EEPIS/build/slam' returned '0': DEBUGINFOD_URLS=https://debuginfod.ubuntu.com PYTHONPATH=/home/orsted/AGV_EEPIS/build/slam/prefix_override:/usr/lib/python3/dist-packages/colcon_core/task/python/colcon_distutils_commands:/home/orsted/AGV_EEPIS/install/slam/lib/python3.12/site-packages:${PYTHONPATH} /usr/bin/python3 -W ignore:setup.py install is deprecated -W ignore:easy_install command is deprecated setup.py develop --editable --build-directory /home/orsted/AGV_EEPIS/build/slam/build --no-deps symlink_data
[17.572s] INFO:colcon.colcon_core.shell:Creating environment descriptor '/home/orsted/AGV_EEPIS/build/slam/share/slam/hook/pythonpath_develop.dsv'
[17.573s] INFO:colcon.colcon_core.shell:Creating environment hook '/home/orsted/AGV_EEPIS/build/slam/share/slam/hook/pythonpath_develop.sh'
[17.574s] Level 1:colcon.colcon_core.environment:checking '/home/orsted/AGV_EEPIS/install/slam' for CMake module files
[17.575s] Level 1:colcon.colcon_core.environment:checking '/home/orsted/AGV_EEPIS/install/slam' for CMake config files
[17.577s] Level 1:colcon.colcon_core.environment:checking '/home/orsted/AGV_EEPIS/install/slam/lib'
[17.577s] Level 1:colcon.colcon_core.environment:checking '/home/orsted/AGV_EEPIS/install/slam/bin'
[17.577s] Level 1:colcon.colcon_core.environment:checking '/home/orsted/AGV_EEPIS/install/slam/lib/pkgconfig/slam.pc'
[17.578s] Level 1:colcon.colcon_core.environment:checking '/home/orsted/AGV_EEPIS/install/slam/lib/python3.12/site-packages'
[17.578s] Level 1:colcon.colcon_core.shell:create_environment_hook('slam', 'pythonpath')
[17.578s] INFO:colcon.colcon_core.shell:Creating environment hook '/home/orsted/AGV_EEPIS/install/slam/share/slam/hook/pythonpath.ps1'
[17.579s] INFO:colcon.colcon_core.shell:Creating environment descriptor '/home/orsted/AGV_EEPIS/install/slam/share/slam/hook/pythonpath.dsv'
[17.580s] INFO:colcon.colcon_core.shell:Creating environment hook '/home/orsted/AGV_EEPIS/install/slam/share/slam/hook/pythonpath.sh'
[17.582s] Level 1:colcon.colcon_core.environment:checking '/home/orsted/AGV_EEPIS/install/slam/bin'
[17.582s] Level 1:colcon.colcon_core.environment:create_environment_scripts_only(slam)
[17.583s] INFO:colcon.colcon_core.shell:Creating package script '/home/orsted/AGV_EEPIS/install/slam/share/slam/package.ps1'
[17.585s] INFO:colcon.colcon_core.shell:Creating package descriptor '/home/orsted/AGV_EEPIS/install/slam/share/slam/package.dsv'
[17.587s] INFO:colcon.colcon_core.shell:Creating package script '/home/orsted/AGV_EEPIS/install/slam/share/slam/package.sh'
[17.588s] INFO:colcon.colcon_core.shell:Creating package script '/home/orsted/AGV_EEPIS/install/slam/share/slam/package.bash'
[17.588s] INFO:colcon.colcon_core.shell:Creating package script '/home/orsted/AGV_EEPIS/install/slam/share/slam/package.zsh'
[17.589s] Level 1:colcon.colcon_core.environment:create_file_with_runtime_dependencies(/home/orsted/AGV_EEPIS/install/slam/share/colcon-core/packages/slam)
[18.021s] Level 1:colcon.colcon_core.shell:create_environment_hook('ultrasonic', 'pythonpath_develop')
[18.022s] INFO:colcon.colcon_core.shell:Creating environment hook '/home/orsted/AGV_EEPIS/build/ultrasonic/share/ultrasonic/hook/pythonpath_develop.ps1'
[18.023s] DEBUG:colcon.colcon_core.event_handler.log_command:Invoked command in '/home/orsted/AGV_EEPIS/build/ultrasonic' returned '0': DEBUGINFOD_URLS=https://debuginfod.ubuntu.com PYTHONPATH=/home/orsted/AGV_EEPIS/build/ultrasonic/prefix_override:/usr/lib/python3/dist-packages/colcon_core/task/python/colcon_distutils_commands:/home/orsted/AGV_EEPIS/install/ultrasonic/lib/python3.12/site-packages:${PYTHONPATH} /usr/bin/python3 -W ignore:setup.py install is deprecated -W ignore:easy_install command is deprecated setup.py develop --editable --build-directory /home/orsted/AGV_EEPIS/build/ultrasonic/build --no-deps symlink_data
[18.026s] INFO:colcon.colcon_core.shell:Creating environment descriptor '/home/orsted/AGV_EEPIS/build/ultrasonic/share/ultrasonic/hook/pythonpath_develop.dsv'
[18.027s] INFO:colcon.colcon_core.shell:Creating environment hook '/home/orsted/AGV_EEPIS/build/ultrasonic/share/ultrasonic/hook/pythonpath_develop.sh'
[18.029s] Level 1:colcon.colcon_core.environment:checking '/home/orsted/AGV_EEPIS/install/ultrasonic' for CMake module files
[18.031s] Level 1:colcon.colcon_core.environment:checking '/home/orsted/AGV_EEPIS/install/ultrasonic' for CMake config files
[18.033s] Level 1:colcon.colcon_core.environment:checking '/home/orsted/AGV_EEPIS/install/ultrasonic/lib'
[18.033s] Level 1:colcon.colcon_core.environment:checking '/home/orsted/AGV_EEPIS/install/ultrasonic/bin'
[18.033s] Level 1:colcon.colcon_core.environment:checking '/home/orsted/AGV_EEPIS/install/ultrasonic/lib/pkgconfig/ultrasonic.pc'
[18.034s] Level 1:colcon.colcon_core.environment:checking '/home/orsted/AGV_EEPIS/install/ultrasonic/lib/python3.12/site-packages'
[18.035s] Level 1:colcon.colcon_core.shell:create_environment_hook('ultrasonic', 'pythonpath')
[18.035s] INFO:colcon.colcon_core.shell:Creating environment hook '/home/orsted/AGV_EEPIS/install/ultrasonic/share/ultrasonic/hook/pythonpath.ps1'
[18.037s] INFO:colcon.colcon_core.shell:Creating environment descriptor '/home/orsted/AGV_EEPIS/install/ultrasonic/share/ultrasonic/hook/pythonpath.dsv'
[18.038s] INFO:colcon.colcon_core.shell:Creating environment hook '/home/orsted/AGV_EEPIS/install/ultrasonic/share/ultrasonic/hook/pythonpath.sh'
[18.041s] Level 1:colcon.colcon_core.environment:checking '/home/orsted/AGV_EEPIS/install/ultrasonic/bin'
[18.041s] Level 1:colcon.colcon_core.environment:create_environment_scripts_only(ultrasonic)
[18.042s] INFO:colcon.colcon_core.shell:Creating package script '/home/orsted/AGV_EEPIS/install/ultrasonic/share/ultrasonic/package.ps1'
[18.044s] INFO:colcon.colcon_core.shell:Creating package descriptor '/home/orsted/AGV_EEPIS/install/ultrasonic/share/ultrasonic/package.dsv'
[18.046s] INFO:colcon.colcon_core.shell:Creating package script '/home/orsted/AGV_EEPIS/install/ultrasonic/share/ultrasonic/package.sh'
[18.048s] INFO:colcon.colcon_core.shell:Creating package script '/home/orsted/AGV_EEPIS/install/ultrasonic/share/ultrasonic/package.bash'
[18.049s] INFO:colcon.colcon_core.shell:Creating package script '/home/orsted/AGV_EEPIS/install/ultrasonic/share/ultrasonic/package.zsh'
[18.050s] Level 1:colcon.colcon_core.environment:create_file_with_runtime_dependencies(/home/orsted/AGV_EEPIS/install/ultrasonic/share/colcon-core/packages/ultrasonic)
[18.140s] Level 1:colcon.colcon_core.shell:create_environment_hook('system', 'pythonpath_develop')
[18.141s] INFO:colcon.colcon_core.shell:Creating environment hook '/home/orsted/AGV_EEPIS/build/system/share/system/hook/pythonpath_develop.ps1'
[18.142s] DEBUG:colcon.colcon_core.event_handler.log_command:Invoked command in '/home/orsted/AGV_EEPIS/build/system' returned '0': DEBUGINFOD_URLS=https://debuginfod.ubuntu.com PYTHONPATH=/home/orsted/AGV_EEPIS/build/system/prefix_override:/usr/lib/python3/dist-packages/colcon_core/task/python/colcon_distutils_commands:/home/orsted/AGV_EEPIS/install/system/lib/python3.12/site-packages:${PYTHONPATH} /usr/bin/python3 -W ignore:setup.py install is deprecated -W ignore:easy_install command is deprecated setup.py develop --editable --build-directory /home/orsted/AGV_EEPIS/build/system/build --no-deps symlink_data
[18.147s] INFO:colcon.colcon_core.shell:Creating environment descriptor '/home/orsted/AGV_EEPIS/build/system/share/system/hook/pythonpath_develop.dsv'
[18.148s] INFO:colcon.colcon_core.shell:Creating environment hook '/home/orsted/AGV_EEPIS/build/system/share/system/hook/pythonpath_develop.sh'
[18.150s] Level 1:colcon.colcon_core.environment:checking '/home/orsted/AGV_EEPIS/install/system' for CMake module files
[18.152s] Level 1:colcon.colcon_core.environment:checking '/home/orsted/AGV_EEPIS/install/system' for CMake config files
[18.154s] Level 1:colcon.colcon_core.environment:checking '/home/orsted/AGV_EEPIS/install/system/lib'
[18.154s] Level 1:colcon.colcon_core.environment:checking '/home/orsted/AGV_EEPIS/install/system/bin'
[18.154s] Level 1:colcon.colcon_core.environment:checking '/home/orsted/AGV_EEPIS/install/system/lib/pkgconfig/system.pc'
[18.155s] Level 1:colcon.colcon_core.environment:checking '/home/orsted/AGV_EEPIS/install/system/lib/python3.12/site-packages'
[18.156s] Level 1:colcon.colcon_core.shell:create_environment_hook('system', 'pythonpath')
[18.156s] INFO:colcon.colcon_core.shell:Creating environment hook '/home/orsted/AGV_EEPIS/install/system/share/system/hook/pythonpath.ps1'
[18.158s] INFO:colcon.colcon_core.shell:Creating environment descriptor '/home/orsted/AGV_EEPIS/install/system/share/system/hook/pythonpath.dsv'
[18.159s] INFO:colcon.colcon_core.shell:Creating environment hook '/home/orsted/AGV_EEPIS/install/system/share/system/hook/pythonpath.sh'
[18.161s] Level 1:colcon.colcon_core.environment:checking '/home/orsted/AGV_EEPIS/install/system/bin'
[18.162s] Level 1:colcon.colcon_core.environment:create_environment_scripts_only(system)
[18.163s] INFO:colcon.colcon_core.shell:Creating package script '/home/orsted/AGV_EEPIS/install/system/share/system/package.ps1'
[18.165s] INFO:colcon.colcon_core.shell:Creating package descriptor '/home/orsted/AGV_EEPIS/install/system/share/system/package.dsv'
[18.167s] INFO:colcon.colcon_core.shell:Creating package script '/home/orsted/AGV_EEPIS/install/system/share/system/package.sh'
[18.168s] INFO:colcon.colcon_core.shell:Creating package script '/home/orsted/AGV_EEPIS/install/system/share/system/package.bash'
[18.170s] INFO:colcon.colcon_core.shell:Creating package script '/home/orsted/AGV_EEPIS/install/system/share/system/package.zsh'
[18.171s] Level 1:colcon.colcon_core.environment:create_file_with_runtime_dependencies(/home/orsted/AGV_EEPIS/install/system/share/colcon-core/packages/system)
[19.396s] DEBUG:colcon.colcon_core.event_handler.log_command:Invoked command in '/home/orsted/AGV_EEPIS/build/ascamera' returned '0': CMAKE_PREFIX_PATH=${CMAKE_PREFIX_PATH}:/home/orsted/AGV_EEPIS/install/ultrasonic:/home/orsted/AGV_EEPIS/install/system:/home/orsted/AGV_EEPIS/install/slam:/home/orsted/AGV_EEPIS/install/remote:/home/orsted/AGV_EEPIS/install/drive_controller:/home/orsted/AGV_EEPIS/install/ddmr_description:/home/orsted/AGV_EEPIS/install/canbus:/home/orsted/AGV_EEPIS/install/bringup:/home/orsted/AGV_EEPIS/install/agv_description:/opt/ros/jazzy DEBUGINFOD_URLS=https://debuginfod.ubuntu.com /usr/bin/cmake /home/orsted/AGV_EEPIS/src/ascamera -DAMENT_CMAKE_SYMLINK_INSTALL=1 -DCMAKE_INSTALL_PREFIX=/home/orsted/AGV_EEPIS/install/ascamera
[19.403s] DEBUG:colcon.colcon_core.event_handler.log_command:Invoking command in '/home/orsted/AGV_EEPIS/build/ascamera': CMAKE_PREFIX_PATH=${CMAKE_PREFIX_PATH}:/home/orsted/AGV_EEPIS/install/ultrasonic:/home/orsted/AGV_EEPIS/install/system:/home/orsted/AGV_EEPIS/install/slam:/home/orsted/AGV_EEPIS/install/remote:/home/orsted/AGV_EEPIS/install/drive_controller:/home/orsted/AGV_EEPIS/install/ddmr_description:/home/orsted/AGV_EEPIS/install/canbus:/home/orsted/AGV_EEPIS/install/bringup:/home/orsted/AGV_EEPIS/install/agv_description:/opt/ros/jazzy DEBUGINFOD_URLS=https://debuginfod.ubuntu.com /usr/bin/cmake --build /home/orsted/AGV_EEPIS/build/ascamera -- -j6 -l6
[80.164s] DEBUG:colcon.colcon_core.event_handler.log_command:Invoked command in '/home/orsted/AGV_EEPIS/build/ascamera' returned '0': CMAKE_PREFIX_PATH=${CMAKE_PREFIX_PATH}:/home/orsted/AGV_EEPIS/install/ultrasonic:/home/orsted/AGV_EEPIS/install/system:/home/orsted/AGV_EEPIS/install/slam:/home/orsted/AGV_EEPIS/install/remote:/home/orsted/AGV_EEPIS/install/drive_controller:/home/orsted/AGV_EEPIS/install/ddmr_description:/home/orsted/AGV_EEPIS/install/canbus:/home/orsted/AGV_EEPIS/install/bringup:/home/orsted/AGV_EEPIS/install/agv_description:/opt/ros/jazzy DEBUGINFOD_URLS=https://debuginfod.ubuntu.com /usr/bin/cmake --build /home/orsted/AGV_EEPIS/build/ascamera -- -j6 -l6
[80.201s] DEBUG:colcon.colcon_core.event_handler.log_command:Invoking command in '/home/orsted/AGV_EEPIS/build/ascamera': CMAKE_PREFIX_PATH=${CMAKE_PREFIX_PATH}:/home/orsted/AGV_EEPIS/install/ultrasonic:/home/orsted/AGV_EEPIS/install/system:/home/orsted/AGV_EEPIS/install/slam:/home/orsted/AGV_EEPIS/install/remote:/home/orsted/AGV_EEPIS/install/drive_controller:/home/orsted/AGV_EEPIS/install/ddmr_description:/home/orsted/AGV_EEPIS/install/canbus:/home/orsted/AGV_EEPIS/install/bringup:/home/orsted/AGV_EEPIS/install/agv_description:/opt/ros/jazzy DEBUGINFOD_URLS=https://debuginfod.ubuntu.com /usr/bin/cmake --install /home/orsted/AGV_EEPIS/build/ascamera
[81.025s] Level 1:colcon.colcon_core.environment:create_environment_scripts_only(ascamera)
[81.026s] Level 1:colcon.colcon_core.environment:checking '/home/orsted/AGV_EEPIS/install/ascamera' for CMake module files
[81.029s] DEBUG:colcon.colcon_core.event_handler.log_command:Invoked command in '/home/orsted/AGV_EEPIS/build/ascamera' returned '0': CMAKE_PREFIX_PATH=${CMAKE_PREFIX_PATH}:/home/orsted/AGV_EEPIS/install/ultrasonic:/home/orsted/AGV_EEPIS/install/system:/home/orsted/AGV_EEPIS/install/slam:/home/orsted/AGV_EEPIS/install/remote:/home/orsted/AGV_EEPIS/install/drive_controller:/home/orsted/AGV_EEPIS/install/ddmr_description:/home/orsted/AGV_EEPIS/install/canbus:/home/orsted/AGV_EEPIS/install/bringup:/home/orsted/AGV_EEPIS/install/agv_description:/opt/ros/jazzy DEBUGINFOD_URLS=https://debuginfod.ubuntu.com /usr/bin/cmake --install /home/orsted/AGV_EEPIS/build/ascamera
[81.032s] Level 1:colcon.colcon_core.environment:checking '/home/orsted/AGV_EEPIS/install/ascamera' for CMake config files
[81.034s] Level 1:colcon.colcon_core.shell:create_environment_hook('ascamera', 'cmake_prefix_path')
[81.035s] INFO:colcon.colcon_core.shell:Creating environment hook '/home/orsted/AGV_EEPIS/install/ascamera/share/ascamera/hook/cmake_prefix_path.ps1'
[81.039s] INFO:colcon.colcon_core.shell:Creating environment descriptor '/home/orsted/AGV_EEPIS/install/ascamera/share/ascamera/hook/cmake_prefix_path.dsv'
[81.041s] INFO:colcon.colcon_core.shell:Creating environment hook '/home/orsted/AGV_EEPIS/install/ascamera/share/ascamera/hook/cmake_prefix_path.sh'
[81.044s] Level 1:colcon.colcon_core.environment:checking '/home/orsted/AGV_EEPIS/install/ascamera/lib'
[81.045s] Level 1:colcon.colcon_core.environment:checking '/home/orsted/AGV_EEPIS/install/ascamera/bin'
[81.045s] Level 1:colcon.colcon_core.environment:checking '/home/orsted/AGV_EEPIS/install/ascamera/lib/pkgconfig/ascamera.pc'
[81.046s] Level 1:colcon.colcon_core.environment:checking '/home/orsted/AGV_EEPIS/install/ascamera/lib/python3.12/site-packages'
[81.048s] Level 1:colcon.colcon_core.environment:checking '/home/orsted/AGV_EEPIS/install/ascamera/bin'
[81.049s] INFO:colcon.colcon_core.shell:Creating package script '/home/orsted/AGV_EEPIS/install/ascamera/share/ascamera/package.ps1'
[81.052s] INFO:colcon.colcon_core.shell:Creating package descriptor '/home/orsted/AGV_EEPIS/install/ascamera/share/ascamera/package.dsv'
[81.054s] INFO:colcon.colcon_core.shell:Creating package script '/home/orsted/AGV_EEPIS/install/ascamera/share/ascamera/package.sh'
[81.055s] INFO:colcon.colcon_core.shell:Creating package script '/home/orsted/AGV_EEPIS/install/ascamera/share/ascamera/package.bash'
[81.057s] INFO:colcon.colcon_core.shell:Creating package script '/home/orsted/AGV_EEPIS/install/ascamera/share/ascamera/package.zsh'
[81.058s] Level 1:colcon.colcon_core.environment:create_file_with_runtime_dependencies(/home/orsted/AGV_EEPIS/install/ascamera/share/colcon-core/packages/ascamera)
[81.061s] Level 1:colcon.colcon_core.environment:create_environment_scripts_only(ascamera)
[81.062s] Level 1:colcon.colcon_core.environment:checking '/home/orsted/AGV_EEPIS/install/ascamera' for CMake module files
[81.065s] Level 1:colcon.colcon_core.environment:checking '/home/orsted/AGV_EEPIS/install/ascamera' for CMake config files
[81.067s] Level 1:colcon.colcon_core.shell:create_environment_hook('ascamera', 'cmake_prefix_path')
[81.067s] INFO:colcon.colcon_core.shell:Creating environment hook '/home/orsted/AGV_EEPIS/install/ascamera/share/ascamera/hook/cmake_prefix_path.ps1'
[81.071s] INFO:colcon.colcon_core.shell:Creating environment descriptor '/home/orsted/AGV_EEPIS/install/ascamera/share/ascamera/hook/cmake_prefix_path.dsv'
[81.073s] INFO:colcon.colcon_core.shell:Creating environment hook '/home/orsted/AGV_EEPIS/install/ascamera/share/ascamera/hook/cmake_prefix_path.sh'
[81.076s] Level 1:colcon.colcon_core.environment:checking '/home/orsted/AGV_EEPIS/install/ascamera/lib'
[81.076s] Level 1:colcon.colcon_core.environment:checking '/home/orsted/AGV_EEPIS/install/ascamera/bin'
[81.076s] Level 1:colcon.colcon_core.environment:checking '/home/orsted/AGV_EEPIS/install/ascamera/lib/pkgconfig/ascamera.pc'
[81.077s] Level 1:colcon.colcon_core.environment:checking '/home/orsted/AGV_EEPIS/install/ascamera/lib/python3.12/site-packages'
[81.079s] Level 1:colcon.colcon_core.environment:checking '/home/orsted/AGV_EEPIS/install/ascamera/bin'
[81.080s] INFO:colcon.colcon_core.shell:Creating package script '/home/orsted/AGV_EEPIS/install/ascamera/share/ascamera/package.ps1'
[81.083s] INFO:colcon.colcon_core.shell:Creating package descriptor '/home/orsted/AGV_EEPIS/install/ascamera/share/ascamera/package.dsv'
[81.085s] INFO:colcon.colcon_core.shell:Creating package script '/home/orsted/AGV_EEPIS/install/ascamera/share/ascamera/package.sh'
[81.086s] INFO:colcon.colcon_core.shell:Creating package script '/home/orsted/AGV_EEPIS/install/ascamera/share/ascamera/package.bash'
[81.088s] INFO:colcon.colcon_core.shell:Creating package script '/home/orsted/AGV_EEPIS/install/ascamera/share/ascamera/package.zsh'
[81.092s] Level 1:colcon.colcon_core.environment:create_file_with_runtime_dependencies(/home/orsted/AGV_EEPIS/install/ascamera/share/colcon-core/packages/ascamera)
[81.094s] DEBUG:colcon.colcon_parallel_executor.executor.parallel:closing loop
[81.095s] DEBUG:colcon.colcon_parallel_executor.executor.parallel:loop closed
[81.096s] DEBUG:colcon.colcon_parallel_executor.executor.parallel:run_until_complete finished with '0'
[81.096s] DEBUG:colcon.colcon_core.event_reactor:joining thread
[81.102s] DEBUG:colcon.colcon_core.event_reactor:joined thread
[81.104s] INFO:colcon.colcon_core.shell:Creating prefix script '/home/orsted/AGV_EEPIS/install/local_setup.ps1'
[81.109s] INFO:colcon.colcon_core.shell:Creating prefix util module '/home/orsted/AGV_EEPIS/install/_local_setup_util_ps1.py'
[81.113s] INFO:colcon.colcon_core.shell:Creating prefix chain script '/home/orsted/AGV_EEPIS/install/setup.ps1'
[81.120s] INFO:colcon.colcon_core.shell:Creating prefix script '/home/orsted/AGV_EEPIS/install/local_setup.sh'
[81.122s] INFO:colcon.colcon_core.shell:Creating prefix util module '/home/orsted/AGV_EEPIS/install/_local_setup_util_sh.py'
[81.124s] INFO:colcon.colcon_core.shell:Creating prefix chain script '/home/orsted/AGV_EEPIS/install/setup.sh'
[81.130s] INFO:colcon.colcon_core.shell:Creating prefix script '/home/orsted/AGV_EEPIS/install/local_setup.bash'
[81.131s] INFO:colcon.colcon_core.shell:Creating prefix chain script '/home/orsted/AGV_EEPIS/install/setup.bash'
[81.136s] INFO:colcon.colcon_core.shell:Creating prefix script '/home/orsted/AGV_EEPIS/install/local_setup.zsh'
[81.137s] INFO:colcon.colcon_core.shell:Creating prefix chain script '/home/orsted/AGV_EEPIS/install/setup.zsh'
