[0.000000] (-) TimerEvent: {}
[0.001483] (agv_description) JobQueued: {'identifier': 'agv_description', 'dependencies': OrderedDict()}
[0.001881] (ascamera) JobQueued: {'identifier': 'ascamera', 'dependencies': OrderedDict()}
[0.001946] (bringup) JobQueued: {'identifier': 'bringup', 'dependencies': OrderedDict()}
[0.002316] (canbus) JobQueued: {'identifier': 'canbus', 'dependencies': OrderedDict()}
[0.002364] (ddmr_description) JobQueued: {'identifier': 'ddmr_description', 'dependencies': OrderedDict()}
[0.002510] (drive_controller) JobQueued: {'identifier': 'drive_controller', 'dependencies': OrderedDict()}
[0.002736] (remote) JobQueued: {'identifier': 'remote', 'dependencies': OrderedDict()}
[0.002778] (slam) JobQueued: {'identifier': 'slam', 'dependencies': OrderedDict()}
[0.002817] (system) JobQueued: {'identifier': 'system', 'dependencies': OrderedDict()}
[0.002843] (ultrasonic) JobQueued: {'identifier': 'ultrasonic', 'dependencies': OrderedDict()}
[0.002872] (agv_description) JobStarted: {'identifier': 'agv_description'}
[0.035538] (ascamera) JobStarted: {'identifier': 'ascamera'}
[0.052650] (bringup) JobStarted: {'identifier': 'bringup'}
[0.067123] (canbus) JobStarted: {'identifier': 'canbus'}
[0.084649] (ddmr_description) JobStarted: {'identifier': 'ddmr_description'}
[0.098873] (-) TimerEvent: {}
[0.100742] (drive_controller) JobStarted: {'identifier': 'drive_controller'}
[0.199103] (-) TimerEvent: {}
[0.299969] (-) TimerEvent: {}
[0.400837] (-) TimerEvent: {}
[0.501653] (-) TimerEvent: {}
[0.602462] (-) TimerEvent: {}
[0.703250] (-) TimerEvent: {}
[0.804123] (-) TimerEvent: {}
[0.861718] (ascamera) JobProgress: {'identifier': 'ascamera', 'progress': 'cmake'}
[0.863287] (ascamera) Command: {'cmd': ['/usr/bin/cmake', '/home/orsted/AGV_EEPIS/src/ascamera', '-DAMENT_CMAKE_SYMLINK_INSTALL=1', '-DCMAKE_INSTALL_PREFIX=/home/orsted/AGV_EEPIS/install/ascamera'], 'cwd': '/home/orsted/AGV_EEPIS/build/ascamera', 'env': OrderedDict({'VNCDESKTOP': 'orsted:2 (orsted)', 'LESSOPEN': '| /usr/bin/lesspipe %s', 'GZ_SIM_RESOURCE_PATH': '/opt/ros/jazzy/share', 'USER': 'orsted', 'SSH_CLIENT': '192.168.137.1 53332 22', 'GZ_CONFIG_PATH': '/opt/ros/jazzy/opt/gz_sim_vendor/share/gz:/opt/ros/jazzy/opt/sdformat_vendor/share/gz:/opt/ros/jazzy/opt/gz_gui_vendor/share/gz:/opt/ros/jazzy/opt/gz_transport_vendor/share/gz:/opt/ros/jazzy/opt/gz_rendering_vendor/share/gz:/opt/ros/jazzy/opt/gz_plugin_vendor/share/gz:/opt/ros/jazzy/opt/gz_fuel_tools_vendor/share/gz:/opt/ros/jazzy/opt/gz_msgs_vendor/share/gz:/opt/ros/jazzy/opt/gz_common_vendor/share/gz', 'SSH_AGENT_PID': '10784', 'XDG_SESSION_TYPE': 'x11', 'GIT_ASKPASS': '/home/orsted/.vscode-server/cli/servers/Stable-7debcd0e2acdea1c52de81bf9ee1620444407dda/server/extensions/git/dist/askpass.sh', 'SHLVL': '1', 'LD_LIBRARY_PATH': '/usr/local/cuda-13.2/lib64:/usr/local/cuda-13.2/lib64:/opt/ros/jazzy/opt/gz_sim_vendor/lib:/opt/ros/jazzy/opt/gz_sensors_vendor/lib:/opt/ros/jazzy/opt/gz_physics_vendor/lib:/opt/ros/jazzy/opt/sdformat_vendor/lib:/opt/ros/jazzy/opt/rviz_ogre_vendor/lib:/opt/ros/jazzy/lib/aarch64-linux-gnu:/opt/ros/jazzy/opt/gz_gui_vendor/lib:/opt/ros/jazzy/opt/gz_transport_vendor/lib:/opt/ros/jazzy/opt/gz_rendering_vendor/lib:/opt/ros/jazzy/opt/gz_plugin_vendor/lib:/opt/ros/jazzy/opt/gz_fuel_tools_vendor/lib:/opt/ros/jazzy/opt/gz_msgs_vendor/lib:/opt/ros/jazzy/opt/gz_common_vendor/lib:/opt/ros/jazzy/opt/gz_math_vendor/lib:/opt/ros/jazzy/opt/gz_utils_vendor/lib:/opt/ros/jazzy/opt/gz_tools_vendor/lib:/opt/ros/jazzy/opt/gz_ogre_next_vendor/lib:/opt/ros/jazzy/opt/gz_dartsim_vendor/lib:/opt/ros/jazzy/opt/gz_cmake_vendor/lib:/opt/ros/jazzy/lib:/usr/local/cuda-13.2/lib64:', 'BROWSER': '/home/orsted/.vscode-server/cli/servers/Stable-7debcd0e2acdea1c52de81bf9ee1620444407dda/server/bin/helpers/browser.sh', 'HOME': '/home/orsted', 'OLDPWD': '/home/orsted/AGV_EEPIS/src', 'DESKTOP_SESSION': 'xfce', 'VSCODE_IPC_HOOK_CLI': '/run/user/1000/vscode-ipc-44767e89-1da2-4643-874b-5655943ea067.sock', 'PANEL_GDK_CORE_DEVICE_EVENTS': '0', 'ROS_PYTHON_VERSION': '3', 'VSCODE_GIT_ASKPASS_MAIN': '/home/orsted/.vscode-server/cli/servers/Stable-7debcd0e2acdea1c52de81bf9ee1620444407dda/server/extensions/git/dist/askpass-main.js', 'VSCODE_GIT_ASKPASS_NODE': '/home/orsted/.vscode-server/cli/servers/Stable-7debcd0e2acdea1c52de81bf9ee1620444407dda/server/node', 'VSCODE_PYTHON_AUTOACTIVATE_GUARD': '1', 'DBUS_SESSION_BUS_ADDRESS': 'unix:path=/tmp/dbus-aH40qulzBC,guid=8a9873ed7292459bb0f2d7806ab0a8ad', 'COLORTERM': 'truecolor', 'DEBUGINFOD_URLS': 'https://debuginfod.ubuntu.com', 'COLCON_PREFIX_PATH': '/home/orsted/AGV_EEPIS/install', 'ROS_DISTRO': 'jazzy', 'LOGNAME': 'orsted', '_': '/usr/bin/colcon', 'ROS_VERSION': '2', 'XDG_SESSION_CLASS': 'user', 'TERM': 'xterm-256color', 'XDG_SESSION_ID': '6', 'PATH': '/usr/local/cuda-13.2/bin:/usr/local/cuda-13.2/bin:/home/orsted/.vscode-server/cli/servers/Stable-7debcd0e2acdea1c52de81bf9ee1620444407dda/server/bin/remote-cli:/opt/ros/jazzy/opt/gz_msgs_vendor/bin:/opt/ros/jazzy/opt/gz_tools_vendor/bin:/opt/ros/jazzy/opt/gz_ogre_next_vendor/bin:/opt/ros/jazzy/bin:/usr/local/cuda-13.2/bin:/usr/local/sbin:/usr/local/bin:/usr/sbin:/usr/bin:/sbin:/bin:/usr/games:/usr/local/games:/snap/bin', 'SESSION_MANAGER': 'local/orsted:@/tmp/.ICE-unix/10707,unix/orsted:/tmp/.ICE-unix/10707', 'XDG_MENU_PREFIX': 'xfce-', 'GNOME_TERMINAL_SCREEN': '/org/gnome/Terminal/screen/ccfd79fd_eff2_4914_9038_d797c5196fe9', 'XDG_RUNTIME_DIR': '/run/user/1000', 'DISPLAY': ':2.0', 'LANG': 'en_US.UTF-8', 'XDG_CURRENT_DESKTOP': 'XFCE', 'LS_COLORS': 'rs=0:di=01;34:ln=01;36:mh=00:pi=40;33:so=01;35:do=01;35:bd=40;33;01:cd=40;33;01:or=40;31;01:mi=00:su=37;41:sg=30;43:ca=00:tw=30;42:ow=34;42:st=37;44:ex=01;32:*.tar=01;31:*.tgz=01;31:*.arc=01;31:*.arj=01;31:*.taz=01;31:*.lha=01;31:*.lz4=01;31:*.lzh=01;31:*.lzma=01;31:*.tlz=01;31:*.txz=01;31:*.tzo=01;31:*.t7z=01;31:*.zip=01;31:*.z=01;31:*.dz=01;31:*.gz=01;31:*.lrz=01;31:*.lz=01;31:*.lzo=01;31:*.xz=01;31:*.zst=01;31:*.tzst=01;31:*.bz2=01;31:*.bz=01;31:*.tbz=01;31:*.tbz2=01;31:*.tz=01;31:*.deb=01;31:*.rpm=01;31:*.jar=01;31:*.war=01;31:*.ear=01;31:*.sar=01;31:*.rar=01;31:*.alz=01;31:*.ace=01;31:*.zoo=01;31:*.cpio=01;31:*.7z=01;31:*.rz=01;31:*.cab=01;31:*.wim=01;31:*.swm=01;31:*.dwm=01;31:*.esd=01;31:*.avif=01;35:*.jpg=01;35:*.jpeg=01;35:*.mjpg=01;35:*.mjpeg=01;35:*.gif=01;35:*.bmp=01;35:*.pbm=01;35:*.pgm=01;35:*.ppm=01;35:*.tga=01;35:*.xbm=01;35:*.xpm=01;35:*.tif=01;35:*.tiff=01;35:*.png=01;35:*.svg=01;35:*.svgz=01;35:*.mng=01;35:*.pcx=01;35:*.mov=01;35:*.mpg=01;35:*.mpeg=01;35:*.m2v=01;35:*.mkv=01;35:*.webm=01;35:*.webp=01;35:*.ogm=01;35:*.mp4=01;35:*.m4v=01;35:*.mp4v=01;35:*.vob=01;35:*.qt=01;35:*.nuv=01;35:*.wmv=01;35:*.asf=01;35:*.rm=01;35:*.rmvb=01;35:*.flc=01;35:*.avi=01;35:*.fli=01;35:*.flv=01;35:*.gl=01;35:*.dl=01;35:*.xcf=01;35:*.xwd=01;35:*.yuv=01;35:*.cgm=01;35:*.emf=01;35:*.ogv=01;35:*.ogx=01;35:*.aac=00;36:*.au=00;36:*.flac=00;36:*.m4a=00;36:*.mid=00;36:*.midi=00;36:*.mka=00;36:*.mp3=00;36:*.mpc=00;36:*.ogg=00;36:*.ra=00;36:*.wav=00;36:*.oga=00;36:*.opus=00;36:*.spx=00;36:*.xspf=00;36:*~=00;90:*#=00;90:*.bak=00;90:*.crdownload=00;90:*.dpkg-dist=00;90:*.dpkg-new=00;90:*.dpkg-old=00;90:*.dpkg-tmp=00;90:*.old=00;90:*.orig=00;90:*.part=00;90:*.rej=00;90:*.rpmnew=00;90:*.rpmorig=00;90:*.rpmsave=00;90:*.swp=00;90:*.tmp=00;90:*.ucf-dist=00;90:*.ucf-new=00;90:*.ucf-old=00;90:', 'VSCODE_GIT_IPC_HANDLE': '/run/user/1000/vscode-git-f13100ddb5.sock', 'GNOME_TERMINAL_SERVICE': ':1.76', 'SSH_AUTH_SOCK': '/tmp/ssh-HN1t1rbN5aul/agent.10783', 'AMENT_PREFIX_PATH': '/home/orsted/AGV_EEPIS/install/ultrasonic:/home/orsted/AGV_EEPIS/install/system:/home/orsted/AGV_EEPIS/install/slam:/home/orsted/AGV_EEPIS/install/remote:/home/orsted/AGV_EEPIS/install/drive_controller:/home/orsted/AGV_EEPIS/install/ddmr_description:/home/orsted/AGV_EEPIS/install/canbus:/home/orsted/AGV_EEPIS/install/bringup:/home/orsted/AGV_EEPIS/install/ascamera:/home/orsted/AGV_EEPIS/install/agv_description:/opt/ros/jazzy', 'SHELL': '/bin/bash', 'LESSCLOSE': '/usr/bin/lesspipe %s %s', 'LC_ALLL': 'en_US.UTF-8', 'ROS_AUTOMATIC_DISCOVERY_RANGE': 'SUBNET', 'VSCODE_GIT_ASKPASS_EXTRA_ARGS': '', 'PWD': '/home/orsted/AGV_EEPIS/build/ascamera', 'XDG_CONFIG_DIRS': '/etc/xdg/xdg-xfce:/etc/xdg', 'SSH_CONNECTION': '192.168.137.1 53332 192.168.137.60 22', 'XDG_DATA_DIRS': '/usr/share/xfce4:/usr/share:/usr/local/share:/usr/share', 'PYTHONPATH': '/home/orsted/AGV_EEPIS/build/ultrasonic:/home/orsted/AGV_EEPIS/install/ultrasonic/lib/python3.12/site-packages:/home/orsted/AGV_EEPIS/build/system:/home/orsted/AGV_EEPIS/install/system/lib/python3.12/site-packages:/home/orsted/AGV_EEPIS/build/slam:/home/orsted/AGV_EEPIS/install/slam/lib/python3.12/site-packages:/home/orsted/AGV_EEPIS/build/remote:/home/orsted/AGV_EEPIS/install/remote/lib/python3.12/site-packages:/home/orsted/AGV_EEPIS/build/drive_controller:/home/orsted/AGV_EEPIS/install/drive_controller/lib/python3.12/site-packages:/home/orsted/AGV_EEPIS/build/ddmr_description:/home/orsted/AGV_EEPIS/install/ddmr_description/lib/python3.12/site-packages:/home/orsted/AGV_EEPIS/build/canbus:/home/orsted/AGV_EEPIS/install/canbus/lib/python3.12/site-packages:/home/orsted/AGV_EEPIS/build/bringup:/home/orsted/AGV_EEPIS/install/bringup/lib/python3.12/site-packages:/home/orsted/AGV_EEPIS/build/agv_description:/home/orsted/AGV_EEPIS/install/agv_description/lib/python3.12/site-packages:/opt/ros/jazzy/lib/python3.12/site-packages', 'COLCON': '1', 'VTE_VERSION': '7600', 'CMAKE_PREFIX_PATH': '/home/orsted/AGV_EEPIS/install/ascamera:/opt/ros/jazzy/opt/gz_sim_vendor:/opt/ros/jazzy/opt/gz_sensors_vendor:/opt/ros/jazzy/opt/gz_physics_vendor:/opt/ros/jazzy/opt/sdformat_vendor:/opt/ros/jazzy/opt/gz_gui_vendor:/opt/ros/jazzy/opt/gz_transport_vendor:/opt/ros/jazzy/opt/gz_rendering_vendor:/opt/ros/jazzy/opt/gz_plugin_vendor:/opt/ros/jazzy/opt/gz_fuel_tools_vendor:/opt/ros/jazzy/opt/gz_msgs_vendor:/opt/ros/jazzy/opt/gz_common_vendor:/opt/ros/jazzy/opt/gz_math_vendor:/opt/ros/jazzy/opt/gz_utils_vendor:/opt/ros/jazzy/opt/gz_tools_vendor:/opt/ros/jazzy/opt/gz_ogre_next_vendor:/opt/ros/jazzy/opt/gz_dartsim_vendor:/opt/ros/jazzy/opt/gz_cmake_vendor:/home/orsted/AGV_EEPIS/install/ultrasonic:/home/orsted/AGV_EEPIS/install/system:/home/orsted/AGV_EEPIS/install/slam:/home/orsted/AGV_EEPIS/install/remote:/home/orsted/AGV_EEPIS/install/drive_controller:/home/orsted/AGV_EEPIS/install/ddmr_description:/home/orsted/AGV_EEPIS/install/canbus:/home/orsted/AGV_EEPIS/install/bringup:/home/orsted/AGV_EEPIS/install/agv_description:/opt/ros/jazzy'}), 'shell': False}
[0.904280] (-) TimerEvent: {}
[1.005066] (-) TimerEvent: {}
[1.105919] (-) TimerEvent: {}
[1.206794] (-) TimerEvent: {}
[1.307667] (-) TimerEvent: {}
[1.408495] (-) TimerEvent: {}
[1.509373] (-) TimerEvent: {}
[1.610260] (-) TimerEvent: {}
[1.711095] (-) TimerEvent: {}
[1.811932] (-) TimerEvent: {}
[1.912806] (-) TimerEvent: {}
[2.013662] (-) TimerEvent: {}
[2.114537] (-) TimerEvent: {}
[2.215528] (-) TimerEvent: {}
[2.316543] (-) TimerEvent: {}
[2.417441] (-) TimerEvent: {}
[2.518303] (-) TimerEvent: {}
[2.619149] (-) TimerEvent: {}
[2.720766] (-) TimerEvent: {}
[2.821682] (-) TimerEvent: {}
[2.922596] (-) TimerEvent: {}
[2.951283] (ascamera) StdoutLine: {'line': b'-- The C compiler identification is GNU 13.3.0\n'}
[2.952608] (ascamera) StdoutLine: {'line': b'-- The CXX compiler identification is GNU 13.3.0\n'}
[2.953544] (ascamera) StdoutLine: {'line': b'-- Detecting C compiler ABI info\n'}
[2.954113] (ascamera) StdoutLine: {'line': b'-- Detecting C compiler ABI info - done\n'}
[2.955049] (ascamera) StdoutLine: {'line': b'-- Check for working C compiler: /usr/bin/cc - skipped\n'}
[2.956285] (ascamera) StdoutLine: {'line': b'-- Detecting C compile features\n'}
[2.956625] (ascamera) StdoutLine: {'line': b'-- Detecting C compile features - done\n'}
[2.957020] (ascamera) StdoutLine: {'line': b'-- Detecting CXX compiler ABI info\n'}
[2.957944] (ascamera) StdoutLine: {'line': b'-- Detecting CXX compiler ABI info - done\n'}
[2.958621] (ascamera) StdoutLine: {'line': b'-- Check for working CXX compiler: /usr/bin/c++ - skipped\n'}
[2.958900] (ascamera) StdoutLine: {'line': b'-- Detecting CXX compile features\n'}
[2.959361] (ascamera) StdoutLine: {'line': b'-- Detecting CXX compile features - done\n'}
[2.959633] (ascamera) StdoutLine: {'line': b'-- Found ament_cmake: 2.5.6 (/opt/ros/jazzy/share/ament_cmake/cmake)\n'}
[2.959924] (ascamera) StderrLine: {'line': b'\x1b[0mdefault compiler:aarch64-linux-gnu-g++\x1b[0m\n'}
[3.022702] (-) TimerEvent: {}
[3.051474] (ascamera) StdoutLine: {'line': b'-- Found Python3: /usr/bin/python3 (found version "3.12.3") found components: Interpreter \n'}
[3.122945] (-) TimerEvent: {}
[3.223955] (-) TimerEvent: {}
[3.300889] (ascamera) StdoutLine: {'line': b'-- Override CMake install command with custom implementation using symlinks instead of copying resources\n'}
[3.324077] (-) TimerEvent: {}
[3.424914] (-) TimerEvent: {}
[3.458656] (ascamera) StdoutLine: {'line': b'-- Found rclcpp: 28.1.21 (/opt/ros/jazzy/share/rclcpp/cmake)\n'}
[3.525181] (-) TimerEvent: {}
[3.614734] (ascamera) StdoutLine: {'line': b'-- Found rosidl_generator_c: 4.6.9 (/opt/ros/jazzy/share/rosidl_generator_c/cmake)\n'}
[3.625841] (-) TimerEvent: {}
[3.680145] (ascamera) StdoutLine: {'line': b'-- Found rosidl_generator_cpp: 4.6.9 (/opt/ros/jazzy/share/rosidl_generator_cpp/cmake)\n'}
[3.726100] (-) TimerEvent: {}
[3.759966] (ascamera) StdoutLine: {'line': b'-- Using all available rosidl_typesupport_c: rosidl_typesupport_fastrtps_c;rosidl_typesupport_introspection_c\n'}
[3.826339] (-) TimerEvent: {}
[3.860995] (ascamera) StdoutLine: {'line': b'-- Using all available rosidl_typesupport_cpp: rosidl_typesupport_fastrtps_cpp;rosidl_typesupport_introspection_cpp\n'}
[3.926688] (-) TimerEvent: {}
[4.027599] (-) TimerEvent: {}
[4.132629] (-) TimerEvent: {}
[4.232934] (ascamera) StdoutLine: {'line': b'-- Found rmw_implementation_cmake: 7.3.3 (/opt/ros/jazzy/share/rmw_implementation_cmake/cmake)\n'}
[4.233660] (-) TimerEvent: {}
[4.252935] (ascamera) StdoutLine: {'line': b'-- Found rmw_fastrtps_cpp: 8.4.4 (/opt/ros/jazzy/share/rmw_fastrtps_cpp/cmake)\n'}
[4.336148] (-) TimerEvent: {}
[4.437576] (-) TimerEvent: {}
[4.538699] (-) TimerEvent: {}
[4.571598] (ascamera) StdoutLine: {'line': b'-- Found OpenSSL: /usr/lib/aarch64-linux-gnu/libcrypto.so (found version "3.0.13")  \n'}
[4.631328] (ascamera) StdoutLine: {'line': b'-- Found FastRTPS: /opt/ros/jazzy/include (Required is at least version "2.13") \n'}
[4.638902] (-) TimerEvent: {}
[4.707457] (ascamera) StdoutLine: {'line': b"-- Using RMW implementation 'rmw_fastrtps_cpp' as default\n"}
[4.739123] (-) TimerEvent: {}
[4.840046] (-) TimerEvent: {}
[4.944559] (-) TimerEvent: {}
[5.029179] (ascamera) StdoutLine: {'line': b'-- Found std_msgs: 5.3.8 (/opt/ros/jazzy/share/std_msgs/cmake)\n'}
[5.044634] (-) TimerEvent: {}
[5.082635] (ascamera) StdoutLine: {'line': b'-- Found sensor_msgs: 5.3.8 (/opt/ros/jazzy/share/sensor_msgs/cmake)\n'}
[5.144852] (-) TimerEvent: {}
[5.207171] (ascamera) StdoutLine: {'line': b'-- Found pcl_conversions: 2.6.4 (/opt/ros/jazzy/share/pcl_conversions/cmake)\n'}
[5.245035] (-) TimerEvent: {}
[5.348931] (-) TimerEvent: {}
[5.449783] (-) TimerEvent: {}
[5.529171] (ascamera) StderrLine: {'line': b'\x1b[33mCMake Warning (dev) at /usr/lib/aarch64-linux-gnu/cmake/pcl/Modules/FindFLANN.cmake:45 (find_package):\n'}
[5.529841] (ascamera) StderrLine: {'line': b'  Policy CMP0144 is not set: find_package uses upper-case <PACKAGENAME>_ROOT\n'}
[5.530069] (ascamera) StderrLine: {'line': b'  variables.  Run "cmake --help-policy CMP0144" for policy details.  Use the\n'}
[5.530250] (ascamera) StderrLine: {'line': b'  cmake_policy command to set the policy and suppress this warning.\n'}
[5.530422] (ascamera) StderrLine: {'line': b'\n'}
[5.530589] (ascamera) StderrLine: {'line': b'  CMake variable FLANN_ROOT is set to:\n'}
[5.530751] (ascamera) StderrLine: {'line': b'\n'}
[5.530907] (ascamera) StderrLine: {'line': b'    /usr\n'}
[5.531061] (ascamera) StderrLine: {'line': b'\n'}
[5.531214] (ascamera) StderrLine: {'line': b'  For compatibility, find_package is ignoring the variable, but code in a\n'}
[5.531369] (ascamera) StderrLine: {'line': b'  .cmake module might still use it.\n'}
[5.531521] (ascamera) StderrLine: {'line': b'Call Stack (most recent call first):\n'}
[5.531672] (ascamera) StderrLine: {'line': b'  /usr/lib/aarch64-linux-gnu/cmake/pcl/PCLConfig.cmake:261 (find_package)\n'}
[5.531864] (ascamera) StderrLine: {'line': b'  /usr/lib/aarch64-linux-gnu/cmake/pcl/PCLConfig.cmake:306 (find_flann)\n'}
[5.532016] (ascamera) StderrLine: {'line': b'  /usr/lib/aarch64-linux-gnu/cmake/pcl/PCLConfig.cmake:570 (find_external_library)\n'}
[5.532165] (ascamera) StderrLine: {'line': b'  /opt/ros/jazzy/share/pcl_conversions/cmake/ament_cmake_export_dependencies-extras.cmake:21 (find_package)\n'}
[5.532315] (ascamera) StderrLine: {'line': b'  /opt/ros/jazzy/share/pcl_conversions/cmake/pcl_conversionsConfig.cmake:41 (include)\n'}
[5.532465] (ascamera) StderrLine: {'line': b'  CMakeLists.txt:39 (find_package)\n'}
[5.532615] (ascamera) StderrLine: {'line': b'This warning is for project developers.  Use -Wno-dev to suppress it.\n'}
[5.532796] (ascamera) StderrLine: {'line': b'\x1b[0m\n'}
[5.538974] (ascamera) StdoutLine: {'line': b'-- Found flann version 1.9.2\n'}
[5.552872] (-) TimerEvent: {}
[5.653685] (-) TimerEvent: {}
[5.754564] (-) TimerEvent: {}
[5.855467] (-) TimerEvent: {}
[5.957041] (-) TimerEvent: {}
[6.065038] (-) TimerEvent: {}
[6.166248] (-) TimerEvent: {}
[6.267397] (-) TimerEvent: {}
[6.368187] (-) TimerEvent: {}
[6.469327] (-) TimerEvent: {}
[6.573271] (-) TimerEvent: {}
[6.646153] (ascamera) StdoutLine: {'line': b'-- Found OpenMP_CXX: -fopenmp (found version "4.5") \n'}
[6.647167] (ascamera) StdoutLine: {'line': b'-- Found OpenMP: TRUE (found version "4.5") found components: CXX \n'}
[6.673478] (-) TimerEvent: {}
[6.777104] (-) TimerEvent: {}
[6.878013] (-) TimerEvent: {}
[6.979635] (-) TimerEvent: {}
[7.085315] (-) TimerEvent: {}
[7.186208] (-) TimerEvent: {}
[7.287188] (-) TimerEvent: {}
[7.327162] (bringup) Command: {'cmd': ['/usr/bin/python3', '-W', 'ignore:setup.py install is deprecated', '-W', 'ignore:easy_install command is deprecated', 'setup.py', 'develop', '--editable', '--build-directory', '/home/orsted/AGV_EEPIS/build/bringup/build', '--no-deps', 'symlink_data'], 'cwd': '/home/orsted/AGV_EEPIS/build/bringup', 'env': {'VNCDESKTOP': 'orsted:2 (orsted)', 'LESSOPEN': '| /usr/bin/lesspipe %s', 'GZ_SIM_RESOURCE_PATH': '/opt/ros/jazzy/share', 'USER': 'orsted', 'SSH_CLIENT': '192.168.137.1 53332 22', 'GZ_CONFIG_PATH': '/opt/ros/jazzy/opt/gz_sim_vendor/share/gz:/opt/ros/jazzy/opt/sdformat_vendor/share/gz:/opt/ros/jazzy/opt/gz_gui_vendor/share/gz:/opt/ros/jazzy/opt/gz_transport_vendor/share/gz:/opt/ros/jazzy/opt/gz_rendering_vendor/share/gz:/opt/ros/jazzy/opt/gz_plugin_vendor/share/gz:/opt/ros/jazzy/opt/gz_fuel_tools_vendor/share/gz:/opt/ros/jazzy/opt/gz_msgs_vendor/share/gz:/opt/ros/jazzy/opt/gz_common_vendor/share/gz', 'SSH_AGENT_PID': '10784', 'XDG_SESSION_TYPE': 'x11', 'GIT_ASKPASS': '/home/orsted/.vscode-server/cli/servers/Stable-7debcd0e2acdea1c52de81bf9ee1620444407dda/server/extensions/git/dist/askpass.sh', 'SHLVL': '1', 'LD_LIBRARY_PATH': '/usr/local/cuda-13.2/lib64:/usr/local/cuda-13.2/lib64:/opt/ros/jazzy/opt/gz_sim_vendor/lib:/opt/ros/jazzy/opt/gz_sensors_vendor/lib:/opt/ros/jazzy/opt/gz_physics_vendor/lib:/opt/ros/jazzy/opt/sdformat_vendor/lib:/opt/ros/jazzy/opt/rviz_ogre_vendor/lib:/opt/ros/jazzy/lib/aarch64-linux-gnu:/opt/ros/jazzy/opt/gz_gui_vendor/lib:/opt/ros/jazzy/opt/gz_transport_vendor/lib:/opt/ros/jazzy/opt/gz_rendering_vendor/lib:/opt/ros/jazzy/opt/gz_plugin_vendor/lib:/opt/ros/jazzy/opt/gz_fuel_tools_vendor/lib:/opt/ros/jazzy/opt/gz_msgs_vendor/lib:/opt/ros/jazzy/opt/gz_common_vendor/lib:/opt/ros/jazzy/opt/gz_math_vendor/lib:/opt/ros/jazzy/opt/gz_utils_vendor/lib:/opt/ros/jazzy/opt/gz_tools_vendor/lib:/opt/ros/jazzy/opt/gz_ogre_next_vendor/lib:/opt/ros/jazzy/opt/gz_dartsim_vendor/lib:/opt/ros/jazzy/opt/gz_cmake_vendor/lib:/opt/ros/jazzy/lib:/usr/local/cuda-13.2/lib64:', 'BROWSER': '/home/orsted/.vscode-server/cli/servers/Stable-7debcd0e2acdea1c52de81bf9ee1620444407dda/server/bin/helpers/browser.sh', 'HOME': '/home/orsted', 'OLDPWD': '/home/orsted/AGV_EEPIS/src', 'DESKTOP_SESSION': 'xfce', 'VSCODE_IPC_HOOK_CLI': '/run/user/1000/vscode-ipc-44767e89-1da2-4643-874b-5655943ea067.sock', 'PANEL_GDK_CORE_DEVICE_EVENTS': '0', 'ROS_PYTHON_VERSION': '3', 'VSCODE_GIT_ASKPASS_MAIN': '/home/orsted/.vscode-server/cli/servers/Stable-7debcd0e2acdea1c52de81bf9ee1620444407dda/server/extensions/git/dist/askpass-main.js', 'VSCODE_GIT_ASKPASS_NODE': '/home/orsted/.vscode-server/cli/servers/Stable-7debcd0e2acdea1c52de81bf9ee1620444407dda/server/node', 'VSCODE_PYTHON_AUTOACTIVATE_GUARD': '1', 'DBUS_SESSION_BUS_ADDRESS': 'unix:path=/tmp/dbus-aH40qulzBC,guid=8a9873ed7292459bb0f2d7806ab0a8ad', 'COLORTERM': 'truecolor', 'DEBUGINFOD_URLS': 'https://debuginfod.ubuntu.com', 'COLCON_PREFIX_PATH': '/home/orsted/AGV_EEPIS/install', 'ROS_DISTRO': 'jazzy', 'LOGNAME': 'orsted', '_': '/usr/bin/colcon', 'ROS_VERSION': '2', 'XDG_SESSION_CLASS': 'user', 'TERM': 'xterm-256color', 'XDG_SESSION_ID': '6', 'PATH': '/usr/local/cuda-13.2/bin:/usr/local/cuda-13.2/bin:/home/orsted/.vscode-server/cli/servers/Stable-7debcd0e2acdea1c52de81bf9ee1620444407dda/server/bin/remote-cli:/opt/ros/jazzy/opt/gz_msgs_vendor/bin:/opt/ros/jazzy/opt/gz_tools_vendor/bin:/opt/ros/jazzy/opt/gz_ogre_next_vendor/bin:/opt/ros/jazzy/bin:/usr/local/cuda-13.2/bin:/usr/local/sbin:/usr/local/bin:/usr/sbin:/usr/bin:/sbin:/bin:/usr/games:/usr/local/games:/snap/bin', 'SESSION_MANAGER': 'local/orsted:@/tmp/.ICE-unix/10707,unix/orsted:/tmp/.ICE-unix/10707', 'XDG_MENU_PREFIX': 'xfce-', 'GNOME_TERMINAL_SCREEN': '/org/gnome/Terminal/screen/ccfd79fd_eff2_4914_9038_d797c5196fe9', 'XDG_RUNTIME_DIR': '/run/user/1000', 'DISPLAY': ':2.0', 'LANG': 'en_US.UTF-8', 'XDG_CURRENT_DESKTOP': 'XFCE', 'LS_COLORS': 'rs=0:di=01;34:ln=01;36:mh=00:pi=40;33:so=01;35:do=01;35:bd=40;33;01:cd=40;33;01:or=40;31;01:mi=00:su=37;41:sg=30;43:ca=00:tw=30;42:ow=34;42:st=37;44:ex=01;32:*.tar=01;31:*.tgz=01;31:*.arc=01;31:*.arj=01;31:*.taz=01;31:*.lha=01;31:*.lz4=01;31:*.lzh=01;31:*.lzma=01;31:*.tlz=01;31:*.txz=01;31:*.tzo=01;31:*.t7z=01;31:*.zip=01;31:*.z=01;31:*.dz=01;31:*.gz=01;31:*.lrz=01;31:*.lz=01;31:*.lzo=01;31:*.xz=01;31:*.zst=01;31:*.tzst=01;31:*.bz2=01;31:*.bz=01;31:*.tbz=01;31:*.tbz2=01;31:*.tz=01;31:*.deb=01;31:*.rpm=01;31:*.jar=01;31:*.war=01;31:*.ear=01;31:*.sar=01;31:*.rar=01;31:*.alz=01;31:*.ace=01;31:*.zoo=01;31:*.cpio=01;31:*.7z=01;31:*.rz=01;31:*.cab=01;31:*.wim=01;31:*.swm=01;31:*.dwm=01;31:*.esd=01;31:*.avif=01;35:*.jpg=01;35:*.jpeg=01;35:*.mjpg=01;35:*.mjpeg=01;35:*.gif=01;35:*.bmp=01;35:*.pbm=01;35:*.pgm=01;35:*.ppm=01;35:*.tga=01;35:*.xbm=01;35:*.xpm=01;35:*.tif=01;35:*.tiff=01;35:*.png=01;35:*.svg=01;35:*.svgz=01;35:*.mng=01;35:*.pcx=01;35:*.mov=01;35:*.mpg=01;35:*.mpeg=01;35:*.m2v=01;35:*.mkv=01;35:*.webm=01;35:*.webp=01;35:*.ogm=01;35:*.mp4=01;35:*.m4v=01;35:*.mp4v=01;35:*.vob=01;35:*.qt=01;35:*.nuv=01;35:*.wmv=01;35:*.asf=01;35:*.rm=01;35:*.rmvb=01;35:*.flc=01;35:*.avi=01;35:*.fli=01;35:*.flv=01;35:*.gl=01;35:*.dl=01;35:*.xcf=01;35:*.xwd=01;35:*.yuv=01;35:*.cgm=01;35:*.emf=01;35:*.ogv=01;35:*.ogx=01;35:*.aac=00;36:*.au=00;36:*.flac=00;36:*.m4a=00;36:*.mid=00;36:*.midi=00;36:*.mka=00;36:*.mp3=00;36:*.mpc=00;36:*.ogg=00;36:*.ra=00;36:*.wav=00;36:*.oga=00;36:*.opus=00;36:*.spx=00;36:*.xspf=00;36:*~=00;90:*#=00;90:*.bak=00;90:*.crdownload=00;90:*.dpkg-dist=00;90:*.dpkg-new=00;90:*.dpkg-old=00;90:*.dpkg-tmp=00;90:*.old=00;90:*.orig=00;90:*.part=00;90:*.rej=00;90:*.rpmnew=00;90:*.rpmorig=00;90:*.rpmsave=00;90:*.swp=00;90:*.tmp=00;90:*.ucf-dist=00;90:*.ucf-new=00;90:*.ucf-old=00;90:', 'VSCODE_GIT_IPC_HANDLE': '/run/user/1000/vscode-git-f13100ddb5.sock', 'GNOME_TERMINAL_SERVICE': ':1.76', 'SSH_AUTH_SOCK': '/tmp/ssh-HN1t1rbN5aul/agent.10783', 'AMENT_PREFIX_PATH': '/home/orsted/AGV_EEPIS/install/ultrasonic:/home/orsted/AGV_EEPIS/install/system:/home/orsted/AGV_EEPIS/install/slam:/home/orsted/AGV_EEPIS/install/remote:/home/orsted/AGV_EEPIS/install/drive_controller:/home/orsted/AGV_EEPIS/install/ddmr_description:/home/orsted/AGV_EEPIS/install/canbus:/home/orsted/AGV_EEPIS/install/bringup:/home/orsted/AGV_EEPIS/install/ascamera:/home/orsted/AGV_EEPIS/install/agv_description:/opt/ros/jazzy', 'SHELL': '/bin/bash', 'LESSCLOSE': '/usr/bin/lesspipe %s %s', 'LC_ALLL': 'en_US.UTF-8', 'ROS_AUTOMATIC_DISCOVERY_RANGE': 'SUBNET', 'VSCODE_GIT_ASKPASS_EXTRA_ARGS': '', 'PWD': '/home/orsted/AGV_EEPIS/build/bringup', 'XDG_CONFIG_DIRS': '/etc/xdg/xdg-xfce:/etc/xdg', 'SSH_CONNECTION': '192.168.137.1 53332 192.168.137.60 22', 'XDG_DATA_DIRS': '/usr/share/xfce4:/usr/share:/usr/local/share:/usr/share', 'PYTHONPATH': '/home/orsted/AGV_EEPIS/build/bringup/prefix_override:/usr/lib/python3/dist-packages/colcon_core/task/python/colcon_distutils_commands:/home/orsted/AGV_EEPIS/install/bringup/lib/python3.12/site-packages:/home/orsted/AGV_EEPIS/build/ultrasonic:/home/orsted/AGV_EEPIS/install/ultrasonic/lib/python3.12/site-packages:/home/orsted/AGV_EEPIS/build/system:/home/orsted/AGV_EEPIS/install/system/lib/python3.12/site-packages:/home/orsted/AGV_EEPIS/build/slam:/home/orsted/AGV_EEPIS/install/slam/lib/python3.12/site-packages:/home/orsted/AGV_EEPIS/build/remote:/home/orsted/AGV_EEPIS/install/remote/lib/python3.12/site-packages:/home/orsted/AGV_EEPIS/build/drive_controller:/home/orsted/AGV_EEPIS/install/drive_controller/lib/python3.12/site-packages:/home/orsted/AGV_EEPIS/build/ddmr_description:/home/orsted/AGV_EEPIS/install/ddmr_description/lib/python3.12/site-packages:/home/orsted/AGV_EEPIS/build/canbus:/home/orsted/AGV_EEPIS/install/canbus/lib/python3.12/site-packages:/home/orsted/AGV_EEPIS/build/bringup:/home/orsted/AGV_EEPIS/install/bringup/lib/python3.12/site-packages:/home/orsted/AGV_EEPIS/build/agv_description:/home/orsted/AGV_EEPIS/install/agv_description/lib/python3.12/site-packages:/opt/ros/jazzy/lib/python3.12/site-packages', 'COLCON': '1', 'VTE_VERSION': '7600', 'CMAKE_PREFIX_PATH': '/home/orsted/AGV_EEPIS/install/ascamera:/opt/ros/jazzy/opt/gz_sim_vendor:/opt/ros/jazzy/opt/gz_sensors_vendor:/opt/ros/jazzy/opt/gz_physics_vendor:/opt/ros/jazzy/opt/sdformat_vendor:/opt/ros/jazzy/opt/gz_gui_vendor:/opt/ros/jazzy/opt/gz_transport_vendor:/opt/ros/jazzy/opt/gz_rendering_vendor:/opt/ros/jazzy/opt/gz_plugin_vendor:/opt/ros/jazzy/opt/gz_fuel_tools_vendor:/opt/ros/jazzy/opt/gz_msgs_vendor:/opt/ros/jazzy/opt/gz_common_vendor:/opt/ros/jazzy/opt/gz_math_vendor:/opt/ros/jazzy/opt/gz_utils_vendor:/opt/ros/jazzy/opt/gz_tools_vendor:/opt/ros/jazzy/opt/gz_ogre_next_vendor:/opt/ros/jazzy/opt/gz_dartsim_vendor:/opt/ros/jazzy/opt/gz_cmake_vendor'}, 'shell': False}
[7.392954] (-) TimerEvent: {}
[7.495694] (canbus) Command: {'cmd': ['/usr/bin/python3', '-W', 'ignore:setup.py install is deprecated', '-W', 'ignore:easy_install command is deprecated', 'setup.py', 'develop', '--editable', '--build-directory', '/home/orsted/AGV_EEPIS/build/canbus/build', '--no-deps', 'symlink_data'], 'cwd': '/home/orsted/AGV_EEPIS/build/canbus', 'env': {'VNCDESKTOP': 'orsted:2 (orsted)', 'LESSOPEN': '| /usr/bin/lesspipe %s', 'GZ_SIM_RESOURCE_PATH': '/opt/ros/jazzy/share', 'USER': 'orsted', 'SSH_CLIENT': '192.168.137.1 53332 22', 'GZ_CONFIG_PATH': '/opt/ros/jazzy/opt/gz_sim_vendor/share/gz:/opt/ros/jazzy/opt/sdformat_vendor/share/gz:/opt/ros/jazzy/opt/gz_gui_vendor/share/gz:/opt/ros/jazzy/opt/gz_transport_vendor/share/gz:/opt/ros/jazzy/opt/gz_rendering_vendor/share/gz:/opt/ros/jazzy/opt/gz_plugin_vendor/share/gz:/opt/ros/jazzy/opt/gz_fuel_tools_vendor/share/gz:/opt/ros/jazzy/opt/gz_msgs_vendor/share/gz:/opt/ros/jazzy/opt/gz_common_vendor/share/gz', 'SSH_AGENT_PID': '10784', 'XDG_SESSION_TYPE': 'x11', 'GIT_ASKPASS': '/home/orsted/.vscode-server/cli/servers/Stable-7debcd0e2acdea1c52de81bf9ee1620444407dda/server/extensions/git/dist/askpass.sh', 'SHLVL': '1', 'LD_LIBRARY_PATH': '/usr/local/cuda-13.2/lib64:/usr/local/cuda-13.2/lib64:/opt/ros/jazzy/opt/gz_sim_vendor/lib:/opt/ros/jazzy/opt/gz_sensors_vendor/lib:/opt/ros/jazzy/opt/gz_physics_vendor/lib:/opt/ros/jazzy/opt/sdformat_vendor/lib:/opt/ros/jazzy/opt/rviz_ogre_vendor/lib:/opt/ros/jazzy/lib/aarch64-linux-gnu:/opt/ros/jazzy/opt/gz_gui_vendor/lib:/opt/ros/jazzy/opt/gz_transport_vendor/lib:/opt/ros/jazzy/opt/gz_rendering_vendor/lib:/opt/ros/jazzy/opt/gz_plugin_vendor/lib:/opt/ros/jazzy/opt/gz_fuel_tools_vendor/lib:/opt/ros/jazzy/opt/gz_msgs_vendor/lib:/opt/ros/jazzy/opt/gz_common_vendor/lib:/opt/ros/jazzy/opt/gz_math_vendor/lib:/opt/ros/jazzy/opt/gz_utils_vendor/lib:/opt/ros/jazzy/opt/gz_tools_vendor/lib:/opt/ros/jazzy/opt/gz_ogre_next_vendor/lib:/opt/ros/jazzy/opt/gz_dartsim_vendor/lib:/opt/ros/jazzy/opt/gz_cmake_vendor/lib:/opt/ros/jazzy/lib:/usr/local/cuda-13.2/lib64:', 'BROWSER': '/home/orsted/.vscode-server/cli/servers/Stable-7debcd0e2acdea1c52de81bf9ee1620444407dda/server/bin/helpers/browser.sh', 'HOME': '/home/orsted', 'OLDPWD': '/home/orsted/AGV_EEPIS/src', 'DESKTOP_SESSION': 'xfce', 'VSCODE_IPC_HOOK_CLI': '/run/user/1000/vscode-ipc-44767e89-1da2-4643-874b-5655943ea067.sock', 'PANEL_GDK_CORE_DEVICE_EVENTS': '0', 'ROS_PYTHON_VERSION': '3', 'VSCODE_GIT_ASKPASS_MAIN': '/home/orsted/.vscode-server/cli/servers/Stable-7debcd0e2acdea1c52de81bf9ee1620444407dda/server/extensions/git/dist/askpass-main.js', 'VSCODE_GIT_ASKPASS_NODE': '/home/orsted/.vscode-server/cli/servers/Stable-7debcd0e2acdea1c52de81bf9ee1620444407dda/server/node', 'VSCODE_PYTHON_AUTOACTIVATE_GUARD': '1', 'DBUS_SESSION_BUS_ADDRESS': 'unix:path=/tmp/dbus-aH40qulzBC,guid=8a9873ed7292459bb0f2d7806ab0a8ad', 'COLORTERM': 'truecolor', 'DEBUGINFOD_URLS': 'https://debuginfod.ubuntu.com', 'COLCON_PREFIX_PATH': '/home/orsted/AGV_EEPIS/install', 'ROS_DISTRO': 'jazzy', 'LOGNAME': 'orsted', '_': '/usr/bin/colcon', 'ROS_VERSION': '2', 'XDG_SESSION_CLASS': 'user', 'TERM': 'xterm-256color', 'XDG_SESSION_ID': '6', 'PATH': '/usr/local/cuda-13.2/bin:/usr/local/cuda-13.2/bin:/home/orsted/.vscode-server/cli/servers/Stable-7debcd0e2acdea1c52de81bf9ee1620444407dda/server/bin/remote-cli:/opt/ros/jazzy/opt/gz_msgs_vendor/bin:/opt/ros/jazzy/opt/gz_tools_vendor/bin:/opt/ros/jazzy/opt/gz_ogre_next_vendor/bin:/opt/ros/jazzy/bin:/usr/local/cuda-13.2/bin:/usr/local/sbin:/usr/local/bin:/usr/sbin:/usr/bin:/sbin:/bin:/usr/games:/usr/local/games:/snap/bin', 'SESSION_MANAGER': 'local/orsted:@/tmp/.ICE-unix/10707,unix/orsted:/tmp/.ICE-unix/10707', 'XDG_MENU_PREFIX': 'xfce-', 'GNOME_TERMINAL_SCREEN': '/org/gnome/Terminal/screen/ccfd79fd_eff2_4914_9038_d797c5196fe9', 'XDG_RUNTIME_DIR': '/run/user/1000', 'DISPLAY': ':2.0', 'LANG': 'en_US.UTF-8', 'XDG_CURRENT_DESKTOP': 'XFCE', 'LS_COLORS': 'rs=0:di=01;34:ln=01;36:mh=00:pi=40;33:so=01;35:do=01;35:bd=40;33;01:cd=40;33;01:or=40;31;01:mi=00:su=37;41:sg=30;43:ca=00:tw=30;42:ow=34;42:st=37;44:ex=01;32:*.tar=01;31:*.tgz=01;31:*.arc=01;31:*.arj=01;31:*.taz=01;31:*.lha=01;31:*.lz4=01;31:*.lzh=01;31:*.lzma=01;31:*.tlz=01;31:*.txz=01;31:*.tzo=01;31:*.t7z=01;31:*.zip=01;31:*.z=01;31:*.dz=01;31:*.gz=01;31:*.lrz=01;31:*.lz=01;31:*.lzo=01;31:*.xz=01;31:*.zst=01;31:*.tzst=01;31:*.bz2=01;31:*.bz=01;31:*.tbz=01;31:*.tbz2=01;31:*.tz=01;31:*.deb=01;31:*.rpm=01;31:*.jar=01;31:*.war=01;31:*.ear=01;31:*.sar=01;31:*.rar=01;31:*.alz=01;31:*.ace=01;31:*.zoo=01;31:*.cpio=01;31:*.7z=01;31:*.rz=01;31:*.cab=01;31:*.wim=01;31:*.swm=01;31:*.dwm=01;31:*.esd=01;31:*.avif=01;35:*.jpg=01;35:*.jpeg=01;35:*.mjpg=01;35:*.mjpeg=01;35:*.gif=01;35:*.bmp=01;35:*.pbm=01;35:*.pgm=01;35:*.ppm=01;35:*.tga=01;35:*.xbm=01;35:*.xpm=01;35:*.tif=01;35:*.tiff=01;35:*.png=01;35:*.svg=01;35:*.svgz=01;35:*.mng=01;35:*.pcx=01;35:*.mov=01;35:*.mpg=01;35:*.mpeg=01;35:*.m2v=01;35:*.mkv=01;35:*.webm=01;35:*.webp=01;35:*.ogm=01;35:*.mp4=01;35:*.m4v=01;35:*.mp4v=01;35:*.vob=01;35:*.qt=01;35:*.nuv=01;35:*.wmv=01;35:*.asf=01;35:*.rm=01;35:*.rmvb=01;35:*.flc=01;35:*.avi=01;35:*.fli=01;35:*.flv=01;35:*.gl=01;35:*.dl=01;35:*.xcf=01;35:*.xwd=01;35:*.yuv=01;35:*.cgm=01;35:*.emf=01;35:*.ogv=01;35:*.ogx=01;35:*.aac=00;36:*.au=00;36:*.flac=00;36:*.m4a=00;36:*.mid=00;36:*.midi=00;36:*.mka=00;36:*.mp3=00;36:*.mpc=00;36:*.ogg=00;36:*.ra=00;36:*.wav=00;36:*.oga=00;36:*.opus=00;36:*.spx=00;36:*.xspf=00;36:*~=00;90:*#=00;90:*.bak=00;90:*.crdownload=00;90:*.dpkg-dist=00;90:*.dpkg-new=00;90:*.dpkg-old=00;90:*.dpkg-tmp=00;90:*.old=00;90:*.orig=00;90:*.part=00;90:*.rej=00;90:*.rpmnew=00;90:*.rpmorig=00;90:*.rpmsave=00;90:*.swp=00;90:*.tmp=00;90:*.ucf-dist=00;90:*.ucf-new=00;90:*.ucf-old=00;90:', 'VSCODE_GIT_IPC_HANDLE': '/run/user/1000/vscode-git-f13100ddb5.sock', 'GNOME_TERMINAL_SERVICE': ':1.76', 'SSH_AUTH_SOCK': '/tmp/ssh-HN1t1rbN5aul/agent.10783', 'AMENT_PREFIX_PATH': '/home/orsted/AGV_EEPIS/install/ultrasonic:/home/orsted/AGV_EEPIS/install/system:/home/orsted/AGV_EEPIS/install/slam:/home/orsted/AGV_EEPIS/install/remote:/home/orsted/AGV_EEPIS/install/drive_controller:/home/orsted/AGV_EEPIS/install/ddmr_description:/home/orsted/AGV_EEPIS/install/canbus:/home/orsted/AGV_EEPIS/install/bringup:/home/orsted/AGV_EEPIS/install/ascamera:/home/orsted/AGV_EEPIS/install/agv_description:/opt/ros/jazzy', 'SHELL': '/bin/bash', 'LESSCLOSE': '/usr/bin/lesspipe %s %s', 'LC_ALLL': 'en_US.UTF-8', 'ROS_AUTOMATIC_DISCOVERY_RANGE': 'SUBNET', 'VSCODE_GIT_ASKPASS_EXTRA_ARGS': '', 'PWD': '/home/orsted/AGV_EEPIS/build/canbus', 'XDG_CONFIG_DIRS': '/etc/xdg/xdg-xfce:/etc/xdg', 'SSH_CONNECTION': '192.168.137.1 53332 192.168.137.60 22', 'XDG_DATA_DIRS': '/usr/share/xfce4:/usr/share:/usr/local/share:/usr/share', 'PYTHONPATH': '/home/orsted/AGV_EEPIS/build/canbus/prefix_override:/usr/lib/python3/dist-packages/colcon_core/task/python/colcon_distutils_commands:/home/orsted/AGV_EEPIS/install/canbus/lib/python3.12/site-packages:/home/orsted/AGV_EEPIS/build/ultrasonic:/home/orsted/AGV_EEPIS/install/ultrasonic/lib/python3.12/site-packages:/home/orsted/AGV_EEPIS/build/system:/home/orsted/AGV_EEPIS/install/system/lib/python3.12/site-packages:/home/orsted/AGV_EEPIS/build/slam:/home/orsted/AGV_EEPIS/install/slam/lib/python3.12/site-packages:/home/orsted/AGV_EEPIS/build/remote:/home/orsted/AGV_EEPIS/install/remote/lib/python3.12/site-packages:/home/orsted/AGV_EEPIS/build/drive_controller:/home/orsted/AGV_EEPIS/install/drive_controller/lib/python3.12/site-packages:/home/orsted/AGV_EEPIS/build/ddmr_description:/home/orsted/AGV_EEPIS/install/ddmr_description/lib/python3.12/site-packages:/home/orsted/AGV_EEPIS/build/canbus:/home/orsted/AGV_EEPIS/install/canbus/lib/python3.12/site-packages:/home/orsted/AGV_EEPIS/build/bringup:/home/orsted/AGV_EEPIS/install/bringup/lib/python3.12/site-packages:/home/orsted/AGV_EEPIS/build/agv_description:/home/orsted/AGV_EEPIS/install/agv_description/lib/python3.12/site-packages:/opt/ros/jazzy/lib/python3.12/site-packages', 'COLCON': '1', 'VTE_VERSION': '7600', 'CMAKE_PREFIX_PATH': '/home/orsted/AGV_EEPIS/install/ascamera:/opt/ros/jazzy/opt/gz_sim_vendor:/opt/ros/jazzy/opt/gz_sensors_vendor:/opt/ros/jazzy/opt/gz_physics_vendor:/opt/ros/jazzy/opt/sdformat_vendor:/opt/ros/jazzy/opt/gz_gui_vendor:/opt/ros/jazzy/opt/gz_transport_vendor:/opt/ros/jazzy/opt/gz_rendering_vendor:/opt/ros/jazzy/opt/gz_plugin_vendor:/opt/ros/jazzy/opt/gz_fuel_tools_vendor:/opt/ros/jazzy/opt/gz_msgs_vendor:/opt/ros/jazzy/opt/gz_common_vendor:/opt/ros/jazzy/opt/gz_math_vendor:/opt/ros/jazzy/opt/gz_utils_vendor:/opt/ros/jazzy/opt/gz_tools_vendor:/opt/ros/jazzy/opt/gz_ogre_next_vendor:/opt/ros/jazzy/opt/gz_dartsim_vendor:/opt/ros/jazzy/opt/gz_cmake_vendor'}, 'shell': False}
[7.501097] (-) TimerEvent: {}
[7.542305] (agv_description) Command: {'cmd': ['/usr/bin/python3', '-W', 'ignore:setup.py install is deprecated', '-W', 'ignore:easy_install command is deprecated', 'setup.py', 'develop', '--editable', '--build-directory', '/home/orsted/AGV_EEPIS/build/agv_description/build', '--no-deps', 'symlink_data'], 'cwd': '/home/orsted/AGV_EEPIS/build/agv_description', 'env': {'VNCDESKTOP': 'orsted:2 (orsted)', 'LESSOPEN': '| /usr/bin/lesspipe %s', 'GZ_SIM_RESOURCE_PATH': '/opt/ros/jazzy/share', 'USER': 'orsted', 'SSH_CLIENT': '192.168.137.1 53332 22', 'GZ_CONFIG_PATH': '/opt/ros/jazzy/opt/gz_sim_vendor/share/gz:/opt/ros/jazzy/opt/sdformat_vendor/share/gz:/opt/ros/jazzy/opt/gz_gui_vendor/share/gz:/opt/ros/jazzy/opt/gz_transport_vendor/share/gz:/opt/ros/jazzy/opt/gz_rendering_vendor/share/gz:/opt/ros/jazzy/opt/gz_plugin_vendor/share/gz:/opt/ros/jazzy/opt/gz_fuel_tools_vendor/share/gz:/opt/ros/jazzy/opt/gz_msgs_vendor/share/gz:/opt/ros/jazzy/opt/gz_common_vendor/share/gz', 'SSH_AGENT_PID': '10784', 'XDG_SESSION_TYPE': 'x11', 'GIT_ASKPASS': '/home/orsted/.vscode-server/cli/servers/Stable-7debcd0e2acdea1c52de81bf9ee1620444407dda/server/extensions/git/dist/askpass.sh', 'SHLVL': '1', 'LD_LIBRARY_PATH': '/usr/local/cuda-13.2/lib64:/usr/local/cuda-13.2/lib64:/opt/ros/jazzy/opt/gz_sim_vendor/lib:/opt/ros/jazzy/opt/gz_sensors_vendor/lib:/opt/ros/jazzy/opt/gz_physics_vendor/lib:/opt/ros/jazzy/opt/sdformat_vendor/lib:/opt/ros/jazzy/opt/rviz_ogre_vendor/lib:/opt/ros/jazzy/lib/aarch64-linux-gnu:/opt/ros/jazzy/opt/gz_gui_vendor/lib:/opt/ros/jazzy/opt/gz_transport_vendor/lib:/opt/ros/jazzy/opt/gz_rendering_vendor/lib:/opt/ros/jazzy/opt/gz_plugin_vendor/lib:/opt/ros/jazzy/opt/gz_fuel_tools_vendor/lib:/opt/ros/jazzy/opt/gz_msgs_vendor/lib:/opt/ros/jazzy/opt/gz_common_vendor/lib:/opt/ros/jazzy/opt/gz_math_vendor/lib:/opt/ros/jazzy/opt/gz_utils_vendor/lib:/opt/ros/jazzy/opt/gz_tools_vendor/lib:/opt/ros/jazzy/opt/gz_ogre_next_vendor/lib:/opt/ros/jazzy/opt/gz_dartsim_vendor/lib:/opt/ros/jazzy/opt/gz_cmake_vendor/lib:/opt/ros/jazzy/lib:/usr/local/cuda-13.2/lib64:', 'BROWSER': '/home/orsted/.vscode-server/cli/servers/Stable-7debcd0e2acdea1c52de81bf9ee1620444407dda/server/bin/helpers/browser.sh', 'HOME': '/home/orsted', 'OLDPWD': '/home/orsted/AGV_EEPIS/src', 'DESKTOP_SESSION': 'xfce', 'VSCODE_IPC_HOOK_CLI': '/run/user/1000/vscode-ipc-44767e89-1da2-4643-874b-5655943ea067.sock', 'PANEL_GDK_CORE_DEVICE_EVENTS': '0', 'ROS_PYTHON_VERSION': '3', 'VSCODE_GIT_ASKPASS_MAIN': '/home/orsted/.vscode-server/cli/servers/Stable-7debcd0e2acdea1c52de81bf9ee1620444407dda/server/extensions/git/dist/askpass-main.js', 'VSCODE_GIT_ASKPASS_NODE': '/home/orsted/.vscode-server/cli/servers/Stable-7debcd0e2acdea1c52de81bf9ee1620444407dda/server/node', 'VSCODE_PYTHON_AUTOACTIVATE_GUARD': '1', 'DBUS_SESSION_BUS_ADDRESS': 'unix:path=/tmp/dbus-aH40qulzBC,guid=8a9873ed7292459bb0f2d7806ab0a8ad', 'COLORTERM': 'truecolor', 'DEBUGINFOD_URLS': 'https://debuginfod.ubuntu.com', 'COLCON_PREFIX_PATH': '/home/orsted/AGV_EEPIS/install', 'ROS_DISTRO': 'jazzy', 'LOGNAME': 'orsted', '_': '/usr/bin/colcon', 'ROS_VERSION': '2', 'XDG_SESSION_CLASS': 'user', 'TERM': 'xterm-256color', 'XDG_SESSION_ID': '6', 'PATH': '/usr/local/cuda-13.2/bin:/usr/local/cuda-13.2/bin:/home/orsted/.vscode-server/cli/servers/Stable-7debcd0e2acdea1c52de81bf9ee1620444407dda/server/bin/remote-cli:/opt/ros/jazzy/opt/gz_msgs_vendor/bin:/opt/ros/jazzy/opt/gz_tools_vendor/bin:/opt/ros/jazzy/opt/gz_ogre_next_vendor/bin:/opt/ros/jazzy/bin:/usr/local/cuda-13.2/bin:/usr/local/sbin:/usr/local/bin:/usr/sbin:/usr/bin:/sbin:/bin:/usr/games:/usr/local/games:/snap/bin', 'SESSION_MANAGER': 'local/orsted:@/tmp/.ICE-unix/10707,unix/orsted:/tmp/.ICE-unix/10707', 'XDG_MENU_PREFIX': 'xfce-', 'GNOME_TERMINAL_SCREEN': '/org/gnome/Terminal/screen/ccfd79fd_eff2_4914_9038_d797c5196fe9', 'XDG_RUNTIME_DIR': '/run/user/1000', 'DISPLAY': ':2.0', 'LANG': 'en_US.UTF-8', 'XDG_CURRENT_DESKTOP': 'XFCE', 'LS_COLORS': 'rs=0:di=01;34:ln=01;36:mh=00:pi=40;33:so=01;35:do=01;35:bd=40;33;01:cd=40;33;01:or=40;31;01:mi=00:su=37;41:sg=30;43:ca=00:tw=30;42:ow=34;42:st=37;44:ex=01;32:*.tar=01;31:*.tgz=01;31:*.arc=01;31:*.arj=01;31:*.taz=01;31:*.lha=01;31:*.lz4=01;31:*.lzh=01;31:*.lzma=01;31:*.tlz=01;31:*.txz=01;31:*.tzo=01;31:*.t7z=01;31:*.zip=01;31:*.z=01;31:*.dz=01;31:*.gz=01;31:*.lrz=01;31:*.lz=01;31:*.lzo=01;31:*.xz=01;31:*.zst=01;31:*.tzst=01;31:*.bz2=01;31:*.bz=01;31:*.tbz=01;31:*.tbz2=01;31:*.tz=01;31:*.deb=01;31:*.rpm=01;31:*.jar=01;31:*.war=01;31:*.ear=01;31:*.sar=01;31:*.rar=01;31:*.alz=01;31:*.ace=01;31:*.zoo=01;31:*.cpio=01;31:*.7z=01;31:*.rz=01;31:*.cab=01;31:*.wim=01;31:*.swm=01;31:*.dwm=01;31:*.esd=01;31:*.avif=01;35:*.jpg=01;35:*.jpeg=01;35:*.mjpg=01;35:*.mjpeg=01;35:*.gif=01;35:*.bmp=01;35:*.pbm=01;35:*.pgm=01;35:*.ppm=01;35:*.tga=01;35:*.xbm=01;35:*.xpm=01;35:*.tif=01;35:*.tiff=01;35:*.png=01;35:*.svg=01;35:*.svgz=01;35:*.mng=01;35:*.pcx=01;35:*.mov=01;35:*.mpg=01;35:*.mpeg=01;35:*.m2v=01;35:*.mkv=01;35:*.webm=01;35:*.webp=01;35:*.ogm=01;35:*.mp4=01;35:*.m4v=01;35:*.mp4v=01;35:*.vob=01;35:*.qt=01;35:*.nuv=01;35:*.wmv=01;35:*.asf=01;35:*.rm=01;35:*.rmvb=01;35:*.flc=01;35:*.avi=01;35:*.fli=01;35:*.flv=01;35:*.gl=01;35:*.dl=01;35:*.xcf=01;35:*.xwd=01;35:*.yuv=01;35:*.cgm=01;35:*.emf=01;35:*.ogv=01;35:*.ogx=01;35:*.aac=00;36:*.au=00;36:*.flac=00;36:*.m4a=00;36:*.mid=00;36:*.midi=00;36:*.mka=00;36:*.mp3=00;36:*.mpc=00;36:*.ogg=00;36:*.ra=00;36:*.wav=00;36:*.oga=00;36:*.opus=00;36:*.spx=00;36:*.xspf=00;36:*~=00;90:*#=00;90:*.bak=00;90:*.crdownload=00;90:*.dpkg-dist=00;90:*.dpkg-new=00;90:*.dpkg-old=00;90:*.dpkg-tmp=00;90:*.old=00;90:*.orig=00;90:*.part=00;90:*.rej=00;90:*.rpmnew=00;90:*.rpmorig=00;90:*.rpmsave=00;90:*.swp=00;90:*.tmp=00;90:*.ucf-dist=00;90:*.ucf-new=00;90:*.ucf-old=00;90:', 'VSCODE_GIT_IPC_HANDLE': '/run/user/1000/vscode-git-f13100ddb5.sock', 'GNOME_TERMINAL_SERVICE': ':1.76', 'SSH_AUTH_SOCK': '/tmp/ssh-HN1t1rbN5aul/agent.10783', 'AMENT_PREFIX_PATH': '/home/orsted/AGV_EEPIS/install/ultrasonic:/home/orsted/AGV_EEPIS/install/system:/home/orsted/AGV_EEPIS/install/slam:/home/orsted/AGV_EEPIS/install/remote:/home/orsted/AGV_EEPIS/install/drive_controller:/home/orsted/AGV_EEPIS/install/ddmr_description:/home/orsted/AGV_EEPIS/install/canbus:/home/orsted/AGV_EEPIS/install/bringup:/home/orsted/AGV_EEPIS/install/ascamera:/home/orsted/AGV_EEPIS/install/agv_description:/opt/ros/jazzy', 'SHELL': '/bin/bash', 'LESSCLOSE': '/usr/bin/lesspipe %s %s', 'LC_ALLL': 'en_US.UTF-8', 'ROS_AUTOMATIC_DISCOVERY_RANGE': 'SUBNET', 'VSCODE_GIT_ASKPASS_EXTRA_ARGS': '', 'PWD': '/home/orsted/AGV_EEPIS/build/agv_description', 'XDG_CONFIG_DIRS': '/etc/xdg/xdg-xfce:/etc/xdg', 'SSH_CONNECTION': '192.168.137.1 53332 192.168.137.60 22', 'XDG_DATA_DIRS': '/usr/share/xfce4:/usr/share:/usr/local/share:/usr/share', 'PYTHONPATH': '/home/orsted/AGV_EEPIS/build/agv_description/prefix_override:/usr/lib/python3/dist-packages/colcon_core/task/python/colcon_distutils_commands:/home/orsted/AGV_EEPIS/install/agv_description/lib/python3.12/site-packages:/home/orsted/AGV_EEPIS/build/ultrasonic:/home/orsted/AGV_EEPIS/install/ultrasonic/lib/python3.12/site-packages:/home/orsted/AGV_EEPIS/build/system:/home/orsted/AGV_EEPIS/install/system/lib/python3.12/site-packages:/home/orsted/AGV_EEPIS/build/slam:/home/orsted/AGV_EEPIS/install/slam/lib/python3.12/site-packages:/home/orsted/AGV_EEPIS/build/remote:/home/orsted/AGV_EEPIS/install/remote/lib/python3.12/site-packages:/home/orsted/AGV_EEPIS/build/drive_controller:/home/orsted/AGV_EEPIS/install/drive_controller/lib/python3.12/site-packages:/home/orsted/AGV_EEPIS/build/ddmr_description:/home/orsted/AGV_EEPIS/install/ddmr_description/lib/python3.12/site-packages:/home/orsted/AGV_EEPIS/build/canbus:/home/orsted/AGV_EEPIS/install/canbus/lib/python3.12/site-packages:/home/orsted/AGV_EEPIS/build/bringup:/home/orsted/AGV_EEPIS/install/bringup/lib/python3.12/site-packages:/home/orsted/AGV_EEPIS/build/agv_description:/home/orsted/AGV_EEPIS/install/agv_description/lib/python3.12/site-packages:/opt/ros/jazzy/lib/python3.12/site-packages', 'COLCON': '1', 'VTE_VERSION': '7600', 'CMAKE_PREFIX_PATH': '/home/orsted/AGV_EEPIS/install/ascamera:/opt/ros/jazzy/opt/gz_sim_vendor:/opt/ros/jazzy/opt/gz_sensors_vendor:/opt/ros/jazzy/opt/gz_physics_vendor:/opt/ros/jazzy/opt/sdformat_vendor:/opt/ros/jazzy/opt/gz_gui_vendor:/opt/ros/jazzy/opt/gz_transport_vendor:/opt/ros/jazzy/opt/gz_rendering_vendor:/opt/ros/jazzy/opt/gz_plugin_vendor:/opt/ros/jazzy/opt/gz_fuel_tools_vendor:/opt/ros/jazzy/opt/gz_msgs_vendor:/opt/ros/jazzy/opt/gz_common_vendor:/opt/ros/jazzy/opt/gz_math_vendor:/opt/ros/jazzy/opt/gz_utils_vendor:/opt/ros/jazzy/opt/gz_tools_vendor:/opt/ros/jazzy/opt/gz_ogre_next_vendor:/opt/ros/jazzy/opt/gz_dartsim_vendor:/opt/ros/jazzy/opt/gz_cmake_vendor'}, 'shell': False}
[7.560941] (ddmr_description) Command: {'cmd': ['/usr/bin/python3', '-W', 'ignore:setup.py install is deprecated', '-W', 'ignore:easy_install command is deprecated', 'setup.py', 'develop', '--editable', '--build-directory', '/home/orsted/AGV_EEPIS/build/ddmr_description/build', '--no-deps', 'symlink_data'], 'cwd': '/home/orsted/AGV_EEPIS/build/ddmr_description', 'env': {'VNCDESKTOP': 'orsted:2 (orsted)', 'LESSOPEN': '| /usr/bin/lesspipe %s', 'GZ_SIM_RESOURCE_PATH': '/opt/ros/jazzy/share', 'USER': 'orsted', 'SSH_CLIENT': '192.168.137.1 53332 22', 'GZ_CONFIG_PATH': '/opt/ros/jazzy/opt/gz_sim_vendor/share/gz:/opt/ros/jazzy/opt/sdformat_vendor/share/gz:/opt/ros/jazzy/opt/gz_gui_vendor/share/gz:/opt/ros/jazzy/opt/gz_transport_vendor/share/gz:/opt/ros/jazzy/opt/gz_rendering_vendor/share/gz:/opt/ros/jazzy/opt/gz_plugin_vendor/share/gz:/opt/ros/jazzy/opt/gz_fuel_tools_vendor/share/gz:/opt/ros/jazzy/opt/gz_msgs_vendor/share/gz:/opt/ros/jazzy/opt/gz_common_vendor/share/gz', 'SSH_AGENT_PID': '10784', 'XDG_SESSION_TYPE': 'x11', 'GIT_ASKPASS': '/home/orsted/.vscode-server/cli/servers/Stable-7debcd0e2acdea1c52de81bf9ee1620444407dda/server/extensions/git/dist/askpass.sh', 'SHLVL': '1', 'LD_LIBRARY_PATH': '/usr/local/cuda-13.2/lib64:/usr/local/cuda-13.2/lib64:/opt/ros/jazzy/opt/gz_sim_vendor/lib:/opt/ros/jazzy/opt/gz_sensors_vendor/lib:/opt/ros/jazzy/opt/gz_physics_vendor/lib:/opt/ros/jazzy/opt/sdformat_vendor/lib:/opt/ros/jazzy/opt/rviz_ogre_vendor/lib:/opt/ros/jazzy/lib/aarch64-linux-gnu:/opt/ros/jazzy/opt/gz_gui_vendor/lib:/opt/ros/jazzy/opt/gz_transport_vendor/lib:/opt/ros/jazzy/opt/gz_rendering_vendor/lib:/opt/ros/jazzy/opt/gz_plugin_vendor/lib:/opt/ros/jazzy/opt/gz_fuel_tools_vendor/lib:/opt/ros/jazzy/opt/gz_msgs_vendor/lib:/opt/ros/jazzy/opt/gz_common_vendor/lib:/opt/ros/jazzy/opt/gz_math_vendor/lib:/opt/ros/jazzy/opt/gz_utils_vendor/lib:/opt/ros/jazzy/opt/gz_tools_vendor/lib:/opt/ros/jazzy/opt/gz_ogre_next_vendor/lib:/opt/ros/jazzy/opt/gz_dartsim_vendor/lib:/opt/ros/jazzy/opt/gz_cmake_vendor/lib:/opt/ros/jazzy/lib:/usr/local/cuda-13.2/lib64:', 'BROWSER': '/home/orsted/.vscode-server/cli/servers/Stable-7debcd0e2acdea1c52de81bf9ee1620444407dda/server/bin/helpers/browser.sh', 'HOME': '/home/orsted', 'OLDPWD': '/home/orsted/AGV_EEPIS/src', 'DESKTOP_SESSION': 'xfce', 'VSCODE_IPC_HOOK_CLI': '/run/user/1000/vscode-ipc-44767e89-1da2-4643-874b-5655943ea067.sock', 'PANEL_GDK_CORE_DEVICE_EVENTS': '0', 'ROS_PYTHON_VERSION': '3', 'VSCODE_GIT_ASKPASS_MAIN': '/home/orsted/.vscode-server/cli/servers/Stable-7debcd0e2acdea1c52de81bf9ee1620444407dda/server/extensions/git/dist/askpass-main.js', 'VSCODE_GIT_ASKPASS_NODE': '/home/orsted/.vscode-server/cli/servers/Stable-7debcd0e2acdea1c52de81bf9ee1620444407dda/server/node', 'VSCODE_PYTHON_AUTOACTIVATE_GUARD': '1', 'DBUS_SESSION_BUS_ADDRESS': 'unix:path=/tmp/dbus-aH40qulzBC,guid=8a9873ed7292459bb0f2d7806ab0a8ad', 'COLORTERM': 'truecolor', 'DEBUGINFOD_URLS': 'https://debuginfod.ubuntu.com', 'COLCON_PREFIX_PATH': '/home/orsted/AGV_EEPIS/install', 'ROS_DISTRO': 'jazzy', 'LOGNAME': 'orsted', '_': '/usr/bin/colcon', 'ROS_VERSION': '2', 'XDG_SESSION_CLASS': 'user', 'TERM': 'xterm-256color', 'XDG_SESSION_ID': '6', 'PATH': '/usr/local/cuda-13.2/bin:/usr/local/cuda-13.2/bin:/home/orsted/.vscode-server/cli/servers/Stable-7debcd0e2acdea1c52de81bf9ee1620444407dda/server/bin/remote-cli:/opt/ros/jazzy/opt/gz_msgs_vendor/bin:/opt/ros/jazzy/opt/gz_tools_vendor/bin:/opt/ros/jazzy/opt/gz_ogre_next_vendor/bin:/opt/ros/jazzy/bin:/usr/local/cuda-13.2/bin:/usr/local/sbin:/usr/local/bin:/usr/sbin:/usr/bin:/sbin:/bin:/usr/games:/usr/local/games:/snap/bin', 'SESSION_MANAGER': 'local/orsted:@/tmp/.ICE-unix/10707,unix/orsted:/tmp/.ICE-unix/10707', 'XDG_MENU_PREFIX': 'xfce-', 'GNOME_TERMINAL_SCREEN': '/org/gnome/Terminal/screen/ccfd79fd_eff2_4914_9038_d797c5196fe9', 'XDG_RUNTIME_DIR': '/run/user/1000', 'DISPLAY': ':2.0', 'LANG': 'en_US.UTF-8', 'XDG_CURRENT_DESKTOP': 'XFCE', 'LS_COLORS': 'rs=0:di=01;34:ln=01;36:mh=00:pi=40;33:so=01;35:do=01;35:bd=40;33;01:cd=40;33;01:or=40;31;01:mi=00:su=37;41:sg=30;43:ca=00:tw=30;42:ow=34;42:st=37;44:ex=01;32:*.tar=01;31:*.tgz=01;31:*.arc=01;31:*.arj=01;31:*.taz=01;31:*.lha=01;31:*.lz4=01;31:*.lzh=01;31:*.lzma=01;31:*.tlz=01;31:*.txz=01;31:*.tzo=01;31:*.t7z=01;31:*.zip=01;31:*.z=01;31:*.dz=01;31:*.gz=01;31:*.lrz=01;31:*.lz=01;31:*.lzo=01;31:*.xz=01;31:*.zst=01;31:*.tzst=01;31:*.bz2=01;31:*.bz=01;31:*.tbz=01;31:*.tbz2=01;31:*.tz=01;31:*.deb=01;31:*.rpm=01;31:*.jar=01;31:*.war=01;31:*.ear=01;31:*.sar=01;31:*.rar=01;31:*.alz=01;31:*.ace=01;31:*.zoo=01;31:*.cpio=01;31:*.7z=01;31:*.rz=01;31:*.cab=01;31:*.wim=01;31:*.swm=01;31:*.dwm=01;31:*.esd=01;31:*.avif=01;35:*.jpg=01;35:*.jpeg=01;35:*.mjpg=01;35:*.mjpeg=01;35:*.gif=01;35:*.bmp=01;35:*.pbm=01;35:*.pgm=01;35:*.ppm=01;35:*.tga=01;35:*.xbm=01;35:*.xpm=01;35:*.tif=01;35:*.tiff=01;35:*.png=01;35:*.svg=01;35:*.svgz=01;35:*.mng=01;35:*.pcx=01;35:*.mov=01;35:*.mpg=01;35:*.mpeg=01;35:*.m2v=01;35:*.mkv=01;35:*.webm=01;35:*.webp=01;35:*.ogm=01;35:*.mp4=01;35:*.m4v=01;35:*.mp4v=01;35:*.vob=01;35:*.qt=01;35:*.nuv=01;35:*.wmv=01;35:*.asf=01;35:*.rm=01;35:*.rmvb=01;35:*.flc=01;35:*.avi=01;35:*.fli=01;35:*.flv=01;35:*.gl=01;35:*.dl=01;35:*.xcf=01;35:*.xwd=01;35:*.yuv=01;35:*.cgm=01;35:*.emf=01;35:*.ogv=01;35:*.ogx=01;35:*.aac=00;36:*.au=00;36:*.flac=00;36:*.m4a=00;36:*.mid=00;36:*.midi=00;36:*.mka=00;36:*.mp3=00;36:*.mpc=00;36:*.ogg=00;36:*.ra=00;36:*.wav=00;36:*.oga=00;36:*.opus=00;36:*.spx=00;36:*.xspf=00;36:*~=00;90:*#=00;90:*.bak=00;90:*.crdownload=00;90:*.dpkg-dist=00;90:*.dpkg-new=00;90:*.dpkg-old=00;90:*.dpkg-tmp=00;90:*.old=00;90:*.orig=00;90:*.part=00;90:*.rej=00;90:*.rpmnew=00;90:*.rpmorig=00;90:*.rpmsave=00;90:*.swp=00;90:*.tmp=00;90:*.ucf-dist=00;90:*.ucf-new=00;90:*.ucf-old=00;90:', 'VSCODE_GIT_IPC_HANDLE': '/run/user/1000/vscode-git-f13100ddb5.sock', 'GNOME_TERMINAL_SERVICE': ':1.76', 'SSH_AUTH_SOCK': '/tmp/ssh-HN1t1rbN5aul/agent.10783', 'AMENT_PREFIX_PATH': '/home/orsted/AGV_EEPIS/install/ultrasonic:/home/orsted/AGV_EEPIS/install/system:/home/orsted/AGV_EEPIS/install/slam:/home/orsted/AGV_EEPIS/install/remote:/home/orsted/AGV_EEPIS/install/drive_controller:/home/orsted/AGV_EEPIS/install/ddmr_description:/home/orsted/AGV_EEPIS/install/canbus:/home/orsted/AGV_EEPIS/install/bringup:/home/orsted/AGV_EEPIS/install/ascamera:/home/orsted/AGV_EEPIS/install/agv_description:/opt/ros/jazzy', 'SHELL': '/bin/bash', 'LESSCLOSE': '/usr/bin/lesspipe %s %s', 'LC_ALLL': 'en_US.UTF-8', 'ROS_AUTOMATIC_DISCOVERY_RANGE': 'SUBNET', 'VSCODE_GIT_ASKPASS_EXTRA_ARGS': '', 'PWD': '/home/orsted/AGV_EEPIS/build/ddmr_description', 'XDG_CONFIG_DIRS': '/etc/xdg/xdg-xfce:/etc/xdg', 'SSH_CONNECTION': '192.168.137.1 53332 192.168.137.60 22', 'XDG_DATA_DIRS': '/usr/share/xfce4:/usr/share:/usr/local/share:/usr/share', 'PYTHONPATH': '/home/orsted/AGV_EEPIS/build/ddmr_description/prefix_override:/usr/lib/python3/dist-packages/colcon_core/task/python/colcon_distutils_commands:/home/orsted/AGV_EEPIS/install/ddmr_description/lib/python3.12/site-packages:/home/orsted/AGV_EEPIS/build/ultrasonic:/home/orsted/AGV_EEPIS/install/ultrasonic/lib/python3.12/site-packages:/home/orsted/AGV_EEPIS/build/system:/home/orsted/AGV_EEPIS/install/system/lib/python3.12/site-packages:/home/orsted/AGV_EEPIS/build/slam:/home/orsted/AGV_EEPIS/install/slam/lib/python3.12/site-packages:/home/orsted/AGV_EEPIS/build/remote:/home/orsted/AGV_EEPIS/install/remote/lib/python3.12/site-packages:/home/orsted/AGV_EEPIS/build/drive_controller:/home/orsted/AGV_EEPIS/install/drive_controller/lib/python3.12/site-packages:/home/orsted/AGV_EEPIS/build/ddmr_description:/home/orsted/AGV_EEPIS/install/ddmr_description/lib/python3.12/site-packages:/home/orsted/AGV_EEPIS/build/canbus:/home/orsted/AGV_EEPIS/install/canbus/lib/python3.12/site-packages:/home/orsted/AGV_EEPIS/build/bringup:/home/orsted/AGV_EEPIS/install/bringup/lib/python3.12/site-packages:/home/orsted/AGV_EEPIS/build/agv_description:/home/orsted/AGV_EEPIS/install/agv_description/lib/python3.12/site-packages:/opt/ros/jazzy/lib/python3.12/site-packages', 'COLCON': '1', 'VTE_VERSION': '7600', 'CMAKE_PREFIX_PATH': '/home/orsted/AGV_EEPIS/install/ascamera:/opt/ros/jazzy/opt/gz_sim_vendor:/opt/ros/jazzy/opt/gz_sensors_vendor:/opt/ros/jazzy/opt/gz_physics_vendor:/opt/ros/jazzy/opt/sdformat_vendor:/opt/ros/jazzy/opt/gz_gui_vendor:/opt/ros/jazzy/opt/gz_transport_vendor:/opt/ros/jazzy/opt/gz_rendering_vendor:/opt/ros/jazzy/opt/gz_plugin_vendor:/opt/ros/jazzy/opt/gz_fuel_tools_vendor:/opt/ros/jazzy/opt/gz_msgs_vendor:/opt/ros/jazzy/opt/gz_common_vendor:/opt/ros/jazzy/opt/gz_math_vendor:/opt/ros/jazzy/opt/gz_utils_vendor:/opt/ros/jazzy/opt/gz_tools_vendor:/opt/ros/jazzy/opt/gz_ogre_next_vendor:/opt/ros/jazzy/opt/gz_dartsim_vendor:/opt/ros/jazzy/opt/gz_cmake_vendor'}, 'shell': False}
[7.604928] (-) TimerEvent: {}
[7.647754] (drive_controller) Command: {'cmd': ['/usr/bin/python3', '-W', 'ignore:setup.py install is deprecated', '-W', 'ignore:easy_install command is deprecated', 'setup.py', 'develop', '--editable', '--build-directory', '/home/orsted/AGV_EEPIS/build/drive_controller/build', '--no-deps', 'symlink_data'], 'cwd': '/home/orsted/AGV_EEPIS/build/drive_controller', 'env': {'VNCDESKTOP': 'orsted:2 (orsted)', 'LESSOPEN': '| /usr/bin/lesspipe %s', 'GZ_SIM_RESOURCE_PATH': '/opt/ros/jazzy/share', 'USER': 'orsted', 'SSH_CLIENT': '192.168.137.1 53332 22', 'GZ_CONFIG_PATH': '/opt/ros/jazzy/opt/gz_sim_vendor/share/gz:/opt/ros/jazzy/opt/sdformat_vendor/share/gz:/opt/ros/jazzy/opt/gz_gui_vendor/share/gz:/opt/ros/jazzy/opt/gz_transport_vendor/share/gz:/opt/ros/jazzy/opt/gz_rendering_vendor/share/gz:/opt/ros/jazzy/opt/gz_plugin_vendor/share/gz:/opt/ros/jazzy/opt/gz_fuel_tools_vendor/share/gz:/opt/ros/jazzy/opt/gz_msgs_vendor/share/gz:/opt/ros/jazzy/opt/gz_common_vendor/share/gz', 'SSH_AGENT_PID': '10784', 'XDG_SESSION_TYPE': 'x11', 'GIT_ASKPASS': '/home/orsted/.vscode-server/cli/servers/Stable-7debcd0e2acdea1c52de81bf9ee1620444407dda/server/extensions/git/dist/askpass.sh', 'SHLVL': '1', 'LD_LIBRARY_PATH': '/usr/local/cuda-13.2/lib64:/usr/local/cuda-13.2/lib64:/opt/ros/jazzy/opt/gz_sim_vendor/lib:/opt/ros/jazzy/opt/gz_sensors_vendor/lib:/opt/ros/jazzy/opt/gz_physics_vendor/lib:/opt/ros/jazzy/opt/sdformat_vendor/lib:/opt/ros/jazzy/opt/rviz_ogre_vendor/lib:/opt/ros/jazzy/lib/aarch64-linux-gnu:/opt/ros/jazzy/opt/gz_gui_vendor/lib:/opt/ros/jazzy/opt/gz_transport_vendor/lib:/opt/ros/jazzy/opt/gz_rendering_vendor/lib:/opt/ros/jazzy/opt/gz_plugin_vendor/lib:/opt/ros/jazzy/opt/gz_fuel_tools_vendor/lib:/opt/ros/jazzy/opt/gz_msgs_vendor/lib:/opt/ros/jazzy/opt/gz_common_vendor/lib:/opt/ros/jazzy/opt/gz_math_vendor/lib:/opt/ros/jazzy/opt/gz_utils_vendor/lib:/opt/ros/jazzy/opt/gz_tools_vendor/lib:/opt/ros/jazzy/opt/gz_ogre_next_vendor/lib:/opt/ros/jazzy/opt/gz_dartsim_vendor/lib:/opt/ros/jazzy/opt/gz_cmake_vendor/lib:/opt/ros/jazzy/lib:/usr/local/cuda-13.2/lib64:', 'BROWSER': '/home/orsted/.vscode-server/cli/servers/Stable-7debcd0e2acdea1c52de81bf9ee1620444407dda/server/bin/helpers/browser.sh', 'HOME': '/home/orsted', 'OLDPWD': '/home/orsted/AGV_EEPIS/src', 'DESKTOP_SESSION': 'xfce', 'VSCODE_IPC_HOOK_CLI': '/run/user/1000/vscode-ipc-44767e89-1da2-4643-874b-5655943ea067.sock', 'PANEL_GDK_CORE_DEVICE_EVENTS': '0', 'ROS_PYTHON_VERSION': '3', 'VSCODE_GIT_ASKPASS_MAIN': '/home/orsted/.vscode-server/cli/servers/Stable-7debcd0e2acdea1c52de81bf9ee1620444407dda/server/extensions/git/dist/askpass-main.js', 'VSCODE_GIT_ASKPASS_NODE': '/home/orsted/.vscode-server/cli/servers/Stable-7debcd0e2acdea1c52de81bf9ee1620444407dda/server/node', 'VSCODE_PYTHON_AUTOACTIVATE_GUARD': '1', 'DBUS_SESSION_BUS_ADDRESS': 'unix:path=/tmp/dbus-aH40qulzBC,guid=8a9873ed7292459bb0f2d7806ab0a8ad', 'COLORTERM': 'truecolor', 'DEBUGINFOD_URLS': 'https://debuginfod.ubuntu.com', 'COLCON_PREFIX_PATH': '/home/orsted/AGV_EEPIS/install', 'ROS_DISTRO': 'jazzy', 'LOGNAME': 'orsted', '_': '/usr/bin/colcon', 'ROS_VERSION': '2', 'XDG_SESSION_CLASS': 'user', 'TERM': 'xterm-256color', 'XDG_SESSION_ID': '6', 'PATH': '/usr/local/cuda-13.2/bin:/usr/local/cuda-13.2/bin:/home/orsted/.vscode-server/cli/servers/Stable-7debcd0e2acdea1c52de81bf9ee1620444407dda/server/bin/remote-cli:/opt/ros/jazzy/opt/gz_msgs_vendor/bin:/opt/ros/jazzy/opt/gz_tools_vendor/bin:/opt/ros/jazzy/opt/gz_ogre_next_vendor/bin:/opt/ros/jazzy/bin:/usr/local/cuda-13.2/bin:/usr/local/sbin:/usr/local/bin:/usr/sbin:/usr/bin:/sbin:/bin:/usr/games:/usr/local/games:/snap/bin', 'SESSION_MANAGER': 'local/orsted:@/tmp/.ICE-unix/10707,unix/orsted:/tmp/.ICE-unix/10707', 'XDG_MENU_PREFIX': 'xfce-', 'GNOME_TERMINAL_SCREEN': '/org/gnome/Terminal/screen/ccfd79fd_eff2_4914_9038_d797c5196fe9', 'XDG_RUNTIME_DIR': '/run/user/1000', 'DISPLAY': ':2.0', 'LANG': 'en_US.UTF-8', 'XDG_CURRENT_DESKTOP': 'XFCE', 'LS_COLORS': 'rs=0:di=01;34:ln=01;36:mh=00:pi=40;33:so=01;35:do=01;35:bd=40;33;01:cd=40;33;01:or=40;31;01:mi=00:su=37;41:sg=30;43:ca=00:tw=30;42:ow=34;42:st=37;44:ex=01;32:*.tar=01;31:*.tgz=01;31:*.arc=01;31:*.arj=01;31:*.taz=01;31:*.lha=01;31:*.lz4=01;31:*.lzh=01;31:*.lzma=01;31:*.tlz=01;31:*.txz=01;31:*.tzo=01;31:*.t7z=01;31:*.zip=01;31:*.z=01;31:*.dz=01;31:*.gz=01;31:*.lrz=01;31:*.lz=01;31:*.lzo=01;31:*.xz=01;31:*.zst=01;31:*.tzst=01;31:*.bz2=01;31:*.bz=01;31:*.tbz=01;31:*.tbz2=01;31:*.tz=01;31:*.deb=01;31:*.rpm=01;31:*.jar=01;31:*.war=01;31:*.ear=01;31:*.sar=01;31:*.rar=01;31:*.alz=01;31:*.ace=01;31:*.zoo=01;31:*.cpio=01;31:*.7z=01;31:*.rz=01;31:*.cab=01;31:*.wim=01;31:*.swm=01;31:*.dwm=01;31:*.esd=01;31:*.avif=01;35:*.jpg=01;35:*.jpeg=01;35:*.mjpg=01;35:*.mjpeg=01;35:*.gif=01;35:*.bmp=01;35:*.pbm=01;35:*.pgm=01;35:*.ppm=01;35:*.tga=01;35:*.xbm=01;35:*.xpm=01;35:*.tif=01;35:*.tiff=01;35:*.png=01;35:*.svg=01;35:*.svgz=01;35:*.mng=01;35:*.pcx=01;35:*.mov=01;35:*.mpg=01;35:*.mpeg=01;35:*.m2v=01;35:*.mkv=01;35:*.webm=01;35:*.webp=01;35:*.ogm=01;35:*.mp4=01;35:*.m4v=01;35:*.mp4v=01;35:*.vob=01;35:*.qt=01;35:*.nuv=01;35:*.wmv=01;35:*.asf=01;35:*.rm=01;35:*.rmvb=01;35:*.flc=01;35:*.avi=01;35:*.fli=01;35:*.flv=01;35:*.gl=01;35:*.dl=01;35:*.xcf=01;35:*.xwd=01;35:*.yuv=01;35:*.cgm=01;35:*.emf=01;35:*.ogv=01;35:*.ogx=01;35:*.aac=00;36:*.au=00;36:*.flac=00;36:*.m4a=00;36:*.mid=00;36:*.midi=00;36:*.mka=00;36:*.mp3=00;36:*.mpc=00;36:*.ogg=00;36:*.ra=00;36:*.wav=00;36:*.oga=00;36:*.opus=00;36:*.spx=00;36:*.xspf=00;36:*~=00;90:*#=00;90:*.bak=00;90:*.crdownload=00;90:*.dpkg-dist=00;90:*.dpkg-new=00;90:*.dpkg-old=00;90:*.dpkg-tmp=00;90:*.old=00;90:*.orig=00;90:*.part=00;90:*.rej=00;90:*.rpmnew=00;90:*.rpmorig=00;90:*.rpmsave=00;90:*.swp=00;90:*.tmp=00;90:*.ucf-dist=00;90:*.ucf-new=00;90:*.ucf-old=00;90:', 'VSCODE_GIT_IPC_HANDLE': '/run/user/1000/vscode-git-f13100ddb5.sock', 'GNOME_TERMINAL_SERVICE': ':1.76', 'SSH_AUTH_SOCK': '/tmp/ssh-HN1t1rbN5aul/agent.10783', 'AMENT_PREFIX_PATH': '/home/orsted/AGV_EEPIS/install/ultrasonic:/home/orsted/AGV_EEPIS/install/system:/home/orsted/AGV_EEPIS/install/slam:/home/orsted/AGV_EEPIS/install/remote:/home/orsted/AGV_EEPIS/install/drive_controller:/home/orsted/AGV_EEPIS/install/ddmr_description:/home/orsted/AGV_EEPIS/install/canbus:/home/orsted/AGV_EEPIS/install/bringup:/home/orsted/AGV_EEPIS/install/ascamera:/home/orsted/AGV_EEPIS/install/agv_description:/opt/ros/jazzy', 'SHELL': '/bin/bash', 'LESSCLOSE': '/usr/bin/lesspipe %s %s', 'LC_ALLL': 'en_US.UTF-8', 'ROS_AUTOMATIC_DISCOVERY_RANGE': 'SUBNET', 'VSCODE_GIT_ASKPASS_EXTRA_ARGS': '', 'PWD': '/home/orsted/AGV_EEPIS/build/drive_controller', 'XDG_CONFIG_DIRS': '/etc/xdg/xdg-xfce:/etc/xdg', 'SSH_CONNECTION': '192.168.137.1 53332 192.168.137.60 22', 'XDG_DATA_DIRS': '/usr/share/xfce4:/usr/share:/usr/local/share:/usr/share', 'PYTHONPATH': '/home/orsted/AGV_EEPIS/build/drive_controller/prefix_override:/usr/lib/python3/dist-packages/colcon_core/task/python/colcon_distutils_commands:/home/orsted/AGV_EEPIS/install/drive_controller/lib/python3.12/site-packages:/home/orsted/AGV_EEPIS/build/ultrasonic:/home/orsted/AGV_EEPIS/install/ultrasonic/lib/python3.12/site-packages:/home/orsted/AGV_EEPIS/build/system:/home/orsted/AGV_EEPIS/install/system/lib/python3.12/site-packages:/home/orsted/AGV_EEPIS/build/slam:/home/orsted/AGV_EEPIS/install/slam/lib/python3.12/site-packages:/home/orsted/AGV_EEPIS/build/remote:/home/orsted/AGV_EEPIS/install/remote/lib/python3.12/site-packages:/home/orsted/AGV_EEPIS/build/drive_controller:/home/orsted/AGV_EEPIS/install/drive_controller/lib/python3.12/site-packages:/home/orsted/AGV_EEPIS/build/ddmr_description:/home/orsted/AGV_EEPIS/install/ddmr_description/lib/python3.12/site-packages:/home/orsted/AGV_EEPIS/build/canbus:/home/orsted/AGV_EEPIS/install/canbus/lib/python3.12/site-packages:/home/orsted/AGV_EEPIS/build/bringup:/home/orsted/AGV_EEPIS/install/bringup/lib/python3.12/site-packages:/home/orsted/AGV_EEPIS/build/agv_description:/home/orsted/AGV_EEPIS/install/agv_description/lib/python3.12/site-packages:/opt/ros/jazzy/lib/python3.12/site-packages', 'COLCON': '1', 'VTE_VERSION': '7600', 'CMAKE_PREFIX_PATH': '/home/orsted/AGV_EEPIS/install/ascamera:/opt/ros/jazzy/opt/gz_sim_vendor:/opt/ros/jazzy/opt/gz_sensors_vendor:/opt/ros/jazzy/opt/gz_physics_vendor:/opt/ros/jazzy/opt/sdformat_vendor:/opt/ros/jazzy/opt/gz_gui_vendor:/opt/ros/jazzy/opt/gz_transport_vendor:/opt/ros/jazzy/opt/gz_rendering_vendor:/opt/ros/jazzy/opt/gz_plugin_vendor:/opt/ros/jazzy/opt/gz_fuel_tools_vendor:/opt/ros/jazzy/opt/gz_msgs_vendor:/opt/ros/jazzy/opt/gz_common_vendor:/opt/ros/jazzy/opt/gz_math_vendor:/opt/ros/jazzy/opt/gz_utils_vendor:/opt/ros/jazzy/opt/gz_tools_vendor:/opt/ros/jazzy/opt/gz_ogre_next_vendor:/opt/ros/jazzy/opt/gz_dartsim_vendor:/opt/ros/jazzy/opt/gz_cmake_vendor'}, 'shell': False}
[7.705171] (-) TimerEvent: {}
[7.806654] (-) TimerEvent: {}
[7.911782] (-) TimerEvent: {}
[8.013485] (-) TimerEvent: {}
[8.120970] (-) TimerEvent: {}
[8.222020] (-) TimerEvent: {}
[8.322991] (-) TimerEvent: {}
[8.368914] (bringup) StdoutLine: {'line': b'running develop\n'}
[8.423275] (-) TimerEvent: {}
[8.501075] (canbus) StdoutLine: {'line': b'running develop\n'}
[8.523481] (-) TimerEvent: {}
[8.626672] (-) TimerEvent: {}
[8.684798] (ddmr_description) StdoutLine: {'line': b'running develop\n'}
[8.729195] (-) TimerEvent: {}
[8.761112] (agv_description) StdoutLine: {'line': b'running develop\n'}
[8.829460] (-) TimerEvent: {}
[8.933379] (-) TimerEvent: {}
[8.968520] (bringup) StdoutLine: {'line': b'running egg_info\n'}
[8.972811] (bringup) StdoutLine: {'line': b'creating bringup.egg-info\n'}
[9.029733] (bringup) StdoutLine: {'line': b'writing bringup.egg-info/PKG-INFO\n'}
[9.031603] (bringup) StdoutLine: {'line': b'writing dependency_links to bringup.egg-info/dependency_links.txt\n'}
[9.032625] (bringup) StdoutLine: {'line': b'writing requirements to bringup.egg-info/requires.txt\n'}
[9.033796] (bringup) StdoutLine: {'line': b'writing top-level names to bringup.egg-info/top_level.txt\n'}
[9.034031] (-) TimerEvent: {}
[9.036899] (bringup) StdoutLine: {'line': b"writing manifest file 'bringup.egg-info/SOURCES.txt'\n"}
[9.098036] (canbus) StdoutLine: {'line': b'running egg_info\n'}
[9.124860] (canbus) StdoutLine: {'line': b'creating canbus.egg-info\n'}
[9.135333] (-) TimerEvent: {}
[9.183711] (bringup) StdoutLine: {'line': b"reading manifest file 'bringup.egg-info/SOURCES.txt'\n"}
[9.186925] (bringup) StdoutLine: {'line': b"writing manifest file 'bringup.egg-info/SOURCES.txt'\n"}
[9.216873] (canbus) StdoutLine: {'line': b'writing canbus.egg-info/PKG-INFO\n'}
[9.217504] (canbus) StdoutLine: {'line': b'writing dependency_links to canbus.egg-info/dependency_links.txt\n'}
[9.217693] (canbus) StdoutLine: {'line': b'writing entry points to canbus.egg-info/entry_points.txt\n'}
[9.217856] (canbus) StdoutLine: {'line': b'writing requirements to canbus.egg-info/requires.txt\n'}
[9.218011] (canbus) StdoutLine: {'line': b'writing top-level names to canbus.egg-info/top_level.txt\n'}
[9.218160] (canbus) StdoutLine: {'line': b"writing manifest file 'canbus.egg-info/SOURCES.txt'\n"}
[9.235552] (-) TimerEvent: {}
[9.255320] (bringup) StdoutLine: {'line': b'running build_ext\n'}
[9.256556] (bringup) StdoutLine: {'line': b'Creating /home/orsted/AGV_EEPIS/install/bringup/lib/python3.12/site-packages/bringup.egg-link (link to .)\n'}
[9.258972] (bringup) StdoutLine: {'line': b'\n'}
[9.259689] (bringup) StdoutLine: {'line': b'Installed /home/orsted/AGV_EEPIS/build/bringup\n'}
[9.259919] (bringup) StdoutLine: {'line': b'running symlink_data\n'}
[9.260907] (bringup) StdoutLine: {'line': b'creating /home/orsted/AGV_EEPIS/install/bringup/share/ament_index\n'}
[9.261150] (bringup) StdoutLine: {'line': b'creating /home/orsted/AGV_EEPIS/install/bringup/share/ament_index/resource_index\n'}
[9.262059] (bringup) StdoutLine: {'line': b'creating /home/orsted/AGV_EEPIS/install/bringup/share/ament_index/resource_index/packages\n'}
[9.262274] (bringup) StdoutLine: {'line': b'symbolically linking /home/orsted/AGV_EEPIS/build/bringup/resource/bringup -> /home/orsted/AGV_EEPIS/install/bringup/share/ament_index/resource_index/packages\n'}
[9.263007] (bringup) StdoutLine: {'line': b'symbolically linking /home/orsted/AGV_EEPIS/build/bringup/package.xml -> /home/orsted/AGV_EEPIS/install/bringup/share/bringup\n'}
[9.263394] (bringup) StdoutLine: {'line': b'creating /home/orsted/AGV_EEPIS/install/bringup/share/bringup/launch\n'}
[9.263812] (bringup) StdoutLine: {'line': b'symbolically linking /home/orsted/AGV_EEPIS/build/bringup/launch/robot.launch.py -> /home/orsted/AGV_EEPIS/install/bringup/share/bringup/launch\n'}
[9.264084] (bringup) StdoutLine: {'line': b'symbolically linking /home/orsted/AGV_EEPIS/build/bringup/launch/simulation.launch.py -> /home/orsted/AGV_EEPIS/install/bringup/share/bringup/launch\n'}
[9.264333] (bringup) StdoutLine: {'line': b'creating /home/orsted/AGV_EEPIS/install/bringup/share/bringup/rviz\n'}
[9.264498] (bringup) StdoutLine: {'line': b'symbolically linking /home/orsted/AGV_EEPIS/build/bringup/rviz/simulation.rviz -> /home/orsted/AGV_EEPIS/install/bringup/share/bringup/rviz\n'}
[9.330641] (ddmr_description) StdoutLine: {'line': b'running egg_info\n'}
[9.333183] (ddmr_description) StdoutLine: {'line': b'creating ddmr_description.egg-info\n'}
[9.335674] (-) TimerEvent: {}
[9.368642] (canbus) StdoutLine: {'line': b"reading manifest file 'canbus.egg-info/SOURCES.txt'\n"}
[9.371548] (canbus) StdoutLine: {'line': b"writing manifest file 'canbus.egg-info/SOURCES.txt'\n"}
[9.409928] (ddmr_description) StdoutLine: {'line': b'writing ddmr_description.egg-info/PKG-INFO\n'}
[9.412881] (ddmr_description) StdoutLine: {'line': b'writing dependency_links to ddmr_description.egg-info/dependency_links.txt\n'}
[9.413547] (ddmr_description) StdoutLine: {'line': b'writing requirements to ddmr_description.egg-info/requires.txt\n'}
[9.414110] (ddmr_description) StdoutLine: {'line': b'writing top-level names to ddmr_description.egg-info/top_level.txt\n'}
[9.414949] (ddmr_description) StdoutLine: {'line': b"writing manifest file 'ddmr_description.egg-info/SOURCES.txt'\n"}
[9.442767] (-) TimerEvent: {}
[9.443570] (canbus) StdoutLine: {'line': b'running build_ext\n'}
[9.444113] (canbus) StdoutLine: {'line': b'Creating /home/orsted/AGV_EEPIS/install/canbus/lib/python3.12/site-packages/canbus.egg-link (link to .)\n'}
[9.445945] (canbus) StdoutLine: {'line': b'Installing canbus_node script to /home/orsted/AGV_EEPIS/install/canbus/lib/canbus\n'}
[9.447600] (canbus) StdoutLine: {'line': b'\n'}
[9.448498] (canbus) StdoutLine: {'line': b'Installed /home/orsted/AGV_EEPIS/build/canbus\n'}
[9.449537] (canbus) StdoutLine: {'line': b'running symlink_data\n'}
[9.459508] (canbus) StdoutLine: {'line': b'creating /home/orsted/AGV_EEPIS/install/canbus/share/ament_index\n'}
[9.459799] (canbus) StdoutLine: {'line': b'creating /home/orsted/AGV_EEPIS/install/canbus/share/ament_index/resource_index\n'}
[9.459980] (canbus) StdoutLine: {'line': b'creating /home/orsted/AGV_EEPIS/install/canbus/share/ament_index/resource_index/packages\n'}
[9.460144] (canbus) StdoutLine: {'line': b'symbolically linking /home/orsted/AGV_EEPIS/build/canbus/resource/canbus -> /home/orsted/AGV_EEPIS/install/canbus/share/ament_index/resource_index/packages\n'}
[9.460308] (canbus) StdoutLine: {'line': b'symbolically linking /home/orsted/AGV_EEPIS/build/canbus/package.xml -> /home/orsted/AGV_EEPIS/install/canbus/share/canbus\n'}
[9.460458] (canbus) StdoutLine: {'line': b'creating /home/orsted/AGV_EEPIS/install/canbus/share/canbus/launch\n'}
[9.461638] (canbus) StdoutLine: {'line': b'symbolically linking /home/orsted/AGV_EEPIS/build/canbus/launch/canbus.launch.py -> /home/orsted/AGV_EEPIS/install/canbus/share/canbus/launch\n'}
[9.481292] (drive_controller) StdoutLine: {'line': b'running develop\n'}
[9.481979] (drive_controller) StdoutLine: {'line': b'running egg_info\n'}
[9.482180] (drive_controller) StdoutLine: {'line': b'creating drive_controller.egg-info\n'}
[9.482348] (drive_controller) StdoutLine: {'line': b'writing drive_controller.egg-info/PKG-INFO\n'}
[9.482505] (drive_controller) StdoutLine: {'line': b'writing dependency_links to drive_controller.egg-info/dependency_links.txt\n'}
[9.482665] (drive_controller) StdoutLine: {'line': b'writing entry points to drive_controller.egg-info/entry_points.txt\n'}
[9.482818] (drive_controller) StdoutLine: {'line': b'writing requirements to drive_controller.egg-info/requires.txt\n'}
[9.482986] (drive_controller) StdoutLine: {'line': b'writing top-level names to drive_controller.egg-info/top_level.txt\n'}
[9.483133] (drive_controller) StdoutLine: {'line': b"writing manifest file 'drive_controller.egg-info/SOURCES.txt'\n"}
[9.488862] (bringup) CommandEnded: {'returncode': 0}
[9.489620] (agv_description) StdoutLine: {'line': b'running egg_info\n'}
[9.489876] (agv_description) StdoutLine: {'line': b'creating agv_description.egg-info\n'}
[9.543883] (-) TimerEvent: {}
[9.558608] (agv_description) StdoutLine: {'line': b'writing agv_description.egg-info/PKG-INFO\n'}
[9.559467] (ddmr_description) StdoutLine: {'line': b"reading manifest file 'ddmr_description.egg-info/SOURCES.txt'\n"}
[9.559975] (agv_description) StdoutLine: {'line': b'writing dependency_links to agv_description.egg-info/dependency_links.txt\n'}
[9.561209] (ddmr_description) StdoutLine: {'line': b"writing manifest file 'ddmr_description.egg-info/SOURCES.txt'\n"}
[9.561573] (agv_description) StdoutLine: {'line': b'writing requirements to agv_description.egg-info/requires.txt\n'}
[9.562231] (agv_description) StdoutLine: {'line': b'writing top-level names to agv_description.egg-info/top_level.txt\n'}
[9.563006] (agv_description) StdoutLine: {'line': b"writing manifest file 'agv_description.egg-info/SOURCES.txt'\n"}
[9.563736] (drive_controller) StdoutLine: {'line': b"reading manifest file 'drive_controller.egg-info/SOURCES.txt'\n"}
[9.565670] (drive_controller) StdoutLine: {'line': b"writing manifest file 'drive_controller.egg-info/SOURCES.txt'\n"}
[9.630589] (ddmr_description) StdoutLine: {'line': b'running build_ext\n'}
[9.631273] (ddmr_description) StdoutLine: {'line': b'Creating /home/orsted/AGV_EEPIS/install/ddmr_description/lib/python3.12/site-packages/ddmr-description.egg-link (link to .)\n'}
[9.632750] (drive_controller) StdoutLine: {'line': b'running build_ext\n'}
[9.633370] (drive_controller) StdoutLine: {'line': b'Creating /home/orsted/AGV_EEPIS/install/drive_controller/lib/python3.12/site-packages/drive-controller.egg-link (link to .)\n'}
[9.635313] (ddmr_description) StdoutLine: {'line': b'\n'}
[9.637168] (ddmr_description) StdoutLine: {'line': b'Installed /home/orsted/AGV_EEPIS/build/ddmr_description\n'}
[9.637464] (drive_controller) StdoutLine: {'line': b'Installing ddmr_kinec_node script to /home/orsted/AGV_EEPIS/install/drive_controller/lib/drive_controller\n'}
[9.639003] (ddmr_description) StdoutLine: {'line': b'running symlink_data\n'}
[9.639240] (drive_controller) StdoutLine: {'line': b'Installing kinematics_node script to /home/orsted/AGV_EEPIS/install/drive_controller/lib/drive_controller\n'}
[9.639419] (ddmr_description) StdoutLine: {'line': b'creating /home/orsted/AGV_EEPIS/install/ddmr_description/share/ament_index\n'}
[9.639580] (drive_controller) StdoutLine: {'line': b'\n'}
[9.639733] (drive_controller) StdoutLine: {'line': b'Installed /home/orsted/AGV_EEPIS/build/drive_controller\n'}
[9.639884] (drive_controller) StdoutLine: {'line': b'running symlink_data\n'}
[9.640027] (ddmr_description) StdoutLine: {'line': b'creating /home/orsted/AGV_EEPIS/install/ddmr_description/share/ament_index/resource_index\n'}
[9.640173] (drive_controller) StdoutLine: {'line': b'creating /home/orsted/AGV_EEPIS/install/drive_controller/share/ament_index\n'}
[9.640311] (drive_controller) StdoutLine: {'line': b'creating /home/orsted/AGV_EEPIS/install/drive_controller/share/ament_index/resource_index\n'}
[9.640453] (drive_controller) StdoutLine: {'line': b'creating /home/orsted/AGV_EEPIS/install/drive_controller/share/ament_index/resource_index/packages\n'}
[9.640596] (drive_controller) StdoutLine: {'line': b'symbolically linking /home/orsted/AGV_EEPIS/build/drive_controller/resource/drive_controller -> /home/orsted/AGV_EEPIS/install/drive_controller/share/ament_index/resource_index/packages\n'}
[9.640807] (drive_controller) StdoutLine: {'line': b'symbolically linking /home/orsted/AGV_EEPIS/build/drive_controller/package.xml -> /home/orsted/AGV_EEPIS/install/drive_controller/share/drive_controller\n'}
[9.641036] (drive_controller) StdoutLine: {'line': b'creating /home/orsted/AGV_EEPIS/install/drive_controller/share/drive_controller/launch\n'}
[9.641184] (ddmr_description) StdoutLine: {'line': b'creating /home/orsted/AGV_EEPIS/install/ddmr_description/share/ament_index/resource_index/packages\n'}
[9.646153] (-) TimerEvent: {}
[9.647243] (ddmr_description) StdoutLine: {'line': b'symbolically linking /home/orsted/AGV_EEPIS/build/ddmr_description/resource/ddmr_description -> /home/orsted/AGV_EEPIS/install/ddmr_description/share/ament_index/resource_index/packages\n'}
[9.647592] (drive_controller) StdoutLine: {'line': b'symbolically linking /home/orsted/AGV_EEPIS/build/drive_controller/launch/bringup.launch.py -> /home/orsted/AGV_EEPIS/install/drive_controller/share/drive_controller/launch\n'}
[9.647850] (drive_controller) StdoutLine: {'line': b'creating /home/orsted/AGV_EEPIS/install/drive_controller/share/drive_controller/config\n'}
[9.648018] (ddmr_description) StdoutLine: {'line': b'symbolically linking /home/orsted/AGV_EEPIS/build/ddmr_description/package.xml -> /home/orsted/AGV_EEPIS/install/ddmr_description/share/ddmr_description\n'}
[9.648180] (ddmr_description) StdoutLine: {'line': b'creating /home/orsted/AGV_EEPIS/install/ddmr_description/share/ddmr_description/launch\n'}
[9.648329] (ddmr_description) StdoutLine: {'line': b'symbolically linking /home/orsted/AGV_EEPIS/build/ddmr_description/launch/display.launch.py -> /home/orsted/AGV_EEPIS/install/ddmr_description/share/ddmr_description/launch\n'}
[9.648476] (ddmr_description) StdoutLine: {'line': b'symbolically linking /home/orsted/AGV_EEPIS/build/ddmr_description/launch/gazebo.launch.py -> /home/orsted/AGV_EEPIS/install/ddmr_description/share/ddmr_description/launch\n'}
[9.648624] (ddmr_description) StdoutLine: {'line': b'creating /home/orsted/AGV_EEPIS/install/ddmr_description/share/ddmr_description/urdf\n'}
[9.650996] (ddmr_description) StdoutLine: {'line': b'symbolically linking /home/orsted/AGV_EEPIS/build/ddmr_description/urdf/ddmr.gazebo -> /home/orsted/AGV_EEPIS/install/ddmr_description/share/ddmr_description/urdf\n'}
[9.652256] (ddmr_description) StdoutLine: {'line': b'symbolically linking /home/orsted/AGV_EEPIS/build/ddmr_description/urdf/ddmr.xacro -> /home/orsted/AGV_EEPIS/install/ddmr_description/share/ddmr_description/urdf\n'}
[9.652547] (ddmr_description) StdoutLine: {'line': b'symbolically linking /home/orsted/AGV_EEPIS/build/ddmr_description/urdf/materials.xacro -> /home/orsted/AGV_EEPIS/install/ddmr_description/share/ddmr_description/urdf\n'}
[9.652771] (ddmr_description) StdoutLine: {'line': b'symbolically linking /home/orsted/AGV_EEPIS/build/ddmr_description/urdf/ddmr.ros2control -> /home/orsted/AGV_EEPIS/install/ddmr_description/share/ddmr_description/urdf\n'}
[9.652966] (ddmr_description) StdoutLine: {'line': b'creating /home/orsted/AGV_EEPIS/install/ddmr_description/share/ddmr_description/meshes\n'}
[9.653174] (ddmr_description) StdoutLine: {'line': b'symbolically linking /home/orsted/AGV_EEPIS/build/ddmr_description/meshes/rwheel.stl -> /home/orsted/AGV_EEPIS/install/ddmr_description/share/ddmr_description/meshes\n'}
[9.653568] (ddmr_description) StdoutLine: {'line': b'symbolically linking /home/orsted/AGV_EEPIS/build/ddmr_description/meshes/base_link.stl -> /home/orsted/AGV_EEPIS/install/ddmr_description/share/ddmr_description/meshes\n'}
[9.653730] (ddmr_description) StdoutLine: {'line': b'symbolically linking /home/orsted/AGV_EEPIS/build/ddmr_description/meshes/camera.stl -> /home/orsted/AGV_EEPIS/install/ddmr_description/share/ddmr_description/meshes\n'}
[9.653881] (ddmr_description) StdoutLine: {'line': b'symbolically linking /home/orsted/AGV_EEPIS/build/ddmr_description/meshes/lwheel.stl -> /home/orsted/AGV_EEPIS/install/ddmr_description/share/ddmr_description/meshes\n'}
[9.654070] (ddmr_description) StdoutLine: {'line': b'creating /home/orsted/AGV_EEPIS/install/ddmr_description/share/ddmr_description/config\n'}
[9.654225] (ddmr_description) StdoutLine: {'line': b'symbolically linking /home/orsted/AGV_EEPIS/build/ddmr_description/config/ros_gz_bridge_gazebo.yaml -> /home/orsted/AGV_EEPIS/install/ddmr_description/share/ddmr_description/config\n'}
[9.654395] (ddmr_description) StdoutLine: {'line': b'symbolically linking /home/orsted/AGV_EEPIS/build/ddmr_description/config/display.rviz -> /home/orsted/AGV_EEPIS/install/ddmr_description/share/ddmr_description/config\n'}
[9.654537] (ddmr_description) StdoutLine: {'line': b'symbolically linking /home/orsted/AGV_EEPIS/build/ddmr_description/config/gazebo.rviz -> /home/orsted/AGV_EEPIS/install/ddmr_description/share/ddmr_description/config\n'}
[9.687080] (agv_description) StdoutLine: {'line': b"reading manifest file 'agv_description.egg-info/SOURCES.txt'\n"}
[9.690033] (agv_description) StdoutLine: {'line': b"writing manifest file 'agv_description.egg-info/SOURCES.txt'\n"}
[9.746376] (-) TimerEvent: {}
[9.758791] (agv_description) StdoutLine: {'line': b'running build_ext\n'}
[9.759479] (agv_description) StdoutLine: {'line': b'Creating /home/orsted/AGV_EEPIS/install/agv_description/lib/python3.12/site-packages/agv-description.egg-link (link to .)\n'}
[9.846592] (-) TimerEvent: {}
[9.847481] (agv_description) StdoutLine: {'line': b'\n'}
[9.848133] (agv_description) StdoutLine: {'line': b'Installed /home/orsted/AGV_EEPIS/build/agv_description\n'}
[9.848340] (agv_description) StdoutLine: {'line': b'running symlink_data\n'}
[9.848505] (agv_description) StdoutLine: {'line': b'creating /home/orsted/AGV_EEPIS/install/agv_description/share/ament_index\n'}
[9.848663] (agv_description) StdoutLine: {'line': b'creating /home/orsted/AGV_EEPIS/install/agv_description/share/ament_index/resource_index\n'}
[9.849049] (agv_description) StdoutLine: {'line': b'creating /home/orsted/AGV_EEPIS/install/agv_description/share/ament_index/resource_index/packages\n'}
[9.849255] (agv_description) StdoutLine: {'line': b'symbolically linking /home/orsted/AGV_EEPIS/build/agv_description/resource/agv_description -> /home/orsted/AGV_EEPIS/install/agv_description/share/ament_index/resource_index/packages\n'}
[9.849456] (agv_description) StdoutLine: {'line': b'symbolically linking /home/orsted/AGV_EEPIS/build/agv_description/package.xml -> /home/orsted/AGV_EEPIS/install/agv_description/share/agv_description\n'}
[9.849769] (agv_description) StdoutLine: {'line': b'creating /home/orsted/AGV_EEPIS/install/agv_description/share/agv_description/launch\n'}
[9.850123] (agv_description) StdoutLine: {'line': b'symbolically linking /home/orsted/AGV_EEPIS/build/agv_description/launch/agv_spawn.launch.py -> /home/orsted/AGV_EEPIS/install/agv_description/share/agv_description/launch\n'}
[9.850292] (agv_description) StdoutLine: {'line': b'symbolically linking /home/orsted/AGV_EEPIS/build/agv_description/launch/agv_world.launch.py -> /home/orsted/AGV_EEPIS/install/agv_description/share/agv_description/launch\n'}
[9.850442] (agv_description) StdoutLine: {'line': b'symbolically linking /home/orsted/AGV_EEPIS/build/agv_description/launch/state_publisher.launch.py -> /home/orsted/AGV_EEPIS/install/agv_description/share/agv_description/launch\n'}
[9.850712] (agv_description) StdoutLine: {'line': b'creating /home/orsted/AGV_EEPIS/install/agv_description/share/agv_description/urdf\n'}
[9.850891] (agv_description) StdoutLine: {'line': b'symbolically linking /home/orsted/AGV_EEPIS/build/agv_description/urdf/materials.xacro -> /home/orsted/AGV_EEPIS/install/agv_description/share/agv_description/urdf\n'}
[9.851056] (agv_description) StdoutLine: {'line': b'symbolically linking /home/orsted/AGV_EEPIS/build/agv_description/urdf/model.gazebo -> /home/orsted/AGV_EEPIS/install/agv_description/share/agv_description/urdf\n'}
[9.851328] (agv_description) StdoutLine: {'line': b'symbolically linking /home/orsted/AGV_EEPIS/build/agv_description/urdf/model.xacro -> /home/orsted/AGV_EEPIS/install/agv_description/share/agv_description/urdf\n'}
[9.851505] (agv_description) StdoutLine: {'line': b'symbolically linking /home/orsted/AGV_EEPIS/build/agv_description/urdf/camera.xacro -> /home/orsted/AGV_EEPIS/install/agv_description/share/agv_description/urdf\n'}
[9.851743] (agv_description) StdoutLine: {'line': b'symbolically linking /home/orsted/AGV_EEPIS/build/agv_description/urdf/model.ros2control -> /home/orsted/AGV_EEPIS/install/agv_description/share/agv_description/urdf\n'}
[9.851983] (agv_description) StdoutLine: {'line': b'creating /home/orsted/AGV_EEPIS/install/agv_description/share/agv_description/meshes\n'}
[9.852226] (agv_description) StdoutLine: {'line': b'symbolically linking /home/orsted/AGV_EEPIS/build/agv_description/meshes/stacker_fork_1.stl -> /home/orsted/AGV_EEPIS/install/agv_description/share/agv_description/meshes\n'}
[9.852405] (agv_description) StdoutLine: {'line': b'symbolically linking /home/orsted/AGV_EEPIS/build/agv_description/meshes/l_caster_wheel_1.stl -> /home/orsted/AGV_EEPIS/install/agv_description/share/agv_description/meshes\n'}
[9.852650] (agv_description) StdoutLine: {'line': b'symbolically linking /home/orsted/AGV_EEPIS/build/agv_description/meshes/r_caster_1.stl -> /home/orsted/AGV_EEPIS/install/agv_description/share/agv_description/meshes\n'}
[9.853629] (agv_description) StdoutLine: {'line': b'symbolically linking /home/orsted/AGV_EEPIS/build/agv_description/meshes/l_wheel_1.stl -> /home/orsted/AGV_EEPIS/install/agv_description/share/agv_description/meshes\n'}
[9.853805] (agv_description) StdoutLine: {'line': b'symbolically linking /home/orsted/AGV_EEPIS/build/agv_description/meshes/base_link.stl -> /home/orsted/AGV_EEPIS/install/agv_description/share/agv_description/meshes\n'}
[9.853951] (agv_description) StdoutLine: {'line': b'symbolically linking /home/orsted/AGV_EEPIS/build/agv_description/meshes/steering_1.stl -> /home/orsted/AGV_EEPIS/install/agv_description/share/agv_description/meshes\n'}
[9.854092] (agv_description) StdoutLine: {'line': b'symbolically linking /home/orsted/AGV_EEPIS/build/agv_description/meshes/l_static_wheel_1.stl -> /home/orsted/AGV_EEPIS/install/agv_description/share/agv_description/meshes\n'}
[9.854240] (agv_description) StdoutLine: {'line': b'symbolically linking /home/orsted/AGV_EEPIS/build/agv_description/meshes/l_caster_1.stl -> /home/orsted/AGV_EEPIS/install/agv_description/share/agv_description/meshes\n'}
[9.854573] (agv_description) StdoutLine: {'line': b'symbolically linking /home/orsted/AGV_EEPIS/build/agv_description/meshes/r_wheel_1.stl -> /home/orsted/AGV_EEPIS/install/agv_description/share/agv_description/meshes\n'}
[9.854740] (agv_description) StdoutLine: {'line': b'symbolically linking /home/orsted/AGV_EEPIS/build/agv_description/meshes/steer_head_1.stl -> /home/orsted/AGV_EEPIS/install/agv_description/share/agv_description/meshes\n'}
[9.854885] (agv_description) StdoutLine: {'line': b'symbolically linking /home/orsted/AGV_EEPIS/build/agv_description/meshes/r_static_wheel_1.stl -> /home/orsted/AGV_EEPIS/install/agv_description/share/agv_description/meshes\n'}
[9.855030] (agv_description) StdoutLine: {'line': b'symbolically linking /home/orsted/AGV_EEPIS/build/agv_description/meshes/r_caster_wheel_1.stl -> /home/orsted/AGV_EEPIS/install/agv_description/share/agv_description/meshes\n'}
[9.855170] (agv_description) StdoutLine: {'line': b'symbolically linking /home/orsted/AGV_EEPIS/build/agv_description/meshes/stacker_slider_1.stl -> /home/orsted/AGV_EEPIS/install/agv_description/share/agv_description/meshes\n'}
[9.855454] (agv_description) StdoutLine: {'line': b'creating /home/orsted/AGV_EEPIS/install/agv_description/share/agv_description/config\n'}
[9.855617] (agv_description) StdoutLine: {'line': b'symbolically linking /home/orsted/AGV_EEPIS/build/agv_description/config/ros_gz_bridge_gazebo.yaml -> /home/orsted/AGV_EEPIS/install/agv_description/share/agv_description/config\n'}
[9.855766] (agv_description) StdoutLine: {'line': b'symbolically linking /home/orsted/AGV_EEPIS/build/agv_description/config/display.rviz -> /home/orsted/AGV_EEPIS/install/agv_description/share/agv_description/config\n'}
[9.855910] (agv_description) StdoutLine: {'line': b'symbolically linking /home/orsted/AGV_EEPIS/build/agv_description/config/gazebo.rviz -> /home/orsted/AGV_EEPIS/install/agv_description/share/agv_description/config\n'}
[9.857623] (agv_description) StdoutLine: {'line': b'creating /home/orsted/AGV_EEPIS/install/agv_description/share/agv_description/params\n'}
[9.857807] (agv_description) StdoutLine: {'line': b'symbolically linking /home/orsted/AGV_EEPIS/build/agv_description/params/agv_bridge.yaml -> /home/orsted/AGV_EEPIS/install/agv_description/share/agv_description/params\n'}
[9.858204] (agv_description) StdoutLine: {'line': b'creating /home/orsted/AGV_EEPIS/install/agv_description/share/agv_description/turtlebot3_world\n'}
[9.858373] (agv_description) StdoutLine: {'line': b'symbolically linking /home/orsted/AGV_EEPIS/build/agv_description/turtlebot3_world/model-1_4.sdf -> /home/orsted/AGV_EEPIS/install/agv_description/share/agv_description/turtlebot3_world\n'}
[9.858529] (agv_description) StdoutLine: {'line': b'symbolically linking /home/orsted/AGV_EEPIS/build/agv_description/turtlebot3_world/model.config -> /home/orsted/AGV_EEPIS/install/agv_description/share/agv_description/turtlebot3_world\n'}
[9.858673] (agv_description) StdoutLine: {'line': b'symbolically linking /home/orsted/AGV_EEPIS/build/agv_description/turtlebot3_world/model.sdf -> /home/orsted/AGV_EEPIS/install/agv_description/share/agv_description/turtlebot3_world\n'}
[9.858825] (agv_description) StdoutLine: {'line': b'symbolically linking /home/orsted/AGV_EEPIS/build/agv_description/turtlebot3_world/turtlebot3_world.world -> /home/orsted/AGV_EEPIS/install/agv_description/share/agv_description/turtlebot3_world\n'}
[9.858984] (agv_description) StdoutLine: {'line': b'creating /home/orsted/AGV_EEPIS/install/agv_description/share/agv_description/turtlebot3_world/meshes\n'}
[9.859141] (agv_description) StdoutLine: {'line': b'symbolically linking /home/orsted/AGV_EEPIS/build/agv_description/turtlebot3_world/meshes/wall.dae -> /home/orsted/AGV_EEPIS/install/agv_description/share/agv_description/turtlebot3_world/meshes\n'}
[9.859383] (agv_description) StdoutLine: {'line': b'symbolically linking /home/orsted/AGV_EEPIS/build/agv_description/turtlebot3_world/meshes/hexagon.dae -> /home/orsted/AGV_EEPIS/install/agv_description/share/agv_description/turtlebot3_world/meshes\n'}
[9.892207] (bringup) JobEnded: {'identifier': 'bringup', 'rc': 0}
[9.897203] (remote) JobStarted: {'identifier': 'remote'}
[9.914095] (canbus) CommandEnded: {'returncode': 0}
[9.937900] (canbus) JobEnded: {'identifier': 'canbus', 'rc': 0}
[9.940605] (ddmr_description) CommandEnded: {'returncode': 0}
[9.946767] (-) TimerEvent: {}
[9.968906] (ddmr_description) JobEnded: {'identifier': 'ddmr_description', 'rc': 0}
[9.970066] (drive_controller) CommandEnded: {'returncode': 0}
[9.988823] (drive_controller) JobEnded: {'identifier': 'drive_controller', 'rc': 0}
[9.991196] (slam) JobStarted: {'identifier': 'slam'}
[10.009034] (system) JobStarted: {'identifier': 'system'}
[10.025576] (ultrasonic) JobStarted: {'identifier': 'ultrasonic'}
[10.047121] (-) TimerEvent: {}
[10.148313] (-) TimerEvent: {}
[10.249528] (-) TimerEvent: {}
[10.350560] (-) TimerEvent: {}
[10.451574] (-) TimerEvent: {}
[10.552493] (-) TimerEvent: {}
[10.653619] (-) TimerEvent: {}
[10.754708] (-) TimerEvent: {}
[10.855636] (-) TimerEvent: {}
[10.956630] (-) TimerEvent: {}
[11.057527] (-) TimerEvent: {}
[11.158378] (-) TimerEvent: {}
[11.259212] (-) TimerEvent: {}
[11.360058] (-) TimerEvent: {}
[11.460900] (-) TimerEvent: {}
[11.561681] (-) TimerEvent: {}
[11.586924] (ascamera) StdoutLine: {'line': b"-- Checking for module 'libusb-1.0'\n"}
[11.626645] (ascamera) StdoutLine: {'line': b'--   Found libusb-1.0, version 1.0.27\n'}
[11.661915] (-) TimerEvent: {}
[11.716459] (ascamera) StdoutLine: {'line': b'-- Found libusb: /usr/lib/aarch64-linux-gnu/libusb-1.0.so  \n'}
[11.721666] (ascamera) StdoutLine: {'line': b'-- OpenNI found (version: 1.5.4.0, include: /usr/include/ni, lib: /usr/lib/libOpenNI.so;libusb::libusb)\n'}
[11.762118] (-) TimerEvent: {}
[11.863186] (-) TimerEvent: {}
[11.866916] (ascamera) StdoutLine: {'line': b'-- OpenNI2 found (version: 2.2.0.33, include: /usr/include/openni2, lib: /usr/lib/aarch64-linux-gnu/libOpenNI2.so;libusb::libusb)\n'}
[11.879636] (ascamera) StdoutLine: {'line': b'-- Found Pcap: /usr/lib/aarch64-linux-gnu/libpcap.so  \n'}
[11.914270] (ascamera) StdoutLine: {'line': b'-- Found ZLIB: /usr/lib/aarch64-linux-gnu/libz.so (found version "1.3")  \n'}
[11.951039] (ascamera) StdoutLine: {'line': b'-- Found PNG: /usr/lib/aarch64-linux-gnu/libpng.so (found version "1.6.43") \n'}
[11.963282] (-) TimerEvent: {}
[12.064367] (-) TimerEvent: {}
[12.165286] (-) TimerEvent: {}
[12.266106] (-) TimerEvent: {}
[12.367251] (-) TimerEvent: {}
[12.468240] (-) TimerEvent: {}
[12.569333] (-) TimerEvent: {}
[12.670264] (-) TimerEvent: {}
[12.771270] (-) TimerEvent: {}
[12.829242] (agv_description) CommandEnded: {'returncode': 0}
[12.858890] (agv_description) JobEnded: {'identifier': 'agv_description', 'rc': 0}
[12.872159] (-) TimerEvent: {}
[12.973034] (-) TimerEvent: {}
[13.049133] (ascamera) StdoutLine: {'line': b'-- OpenNI found (version: 1.5.4.0, include: /usr/include/ni, lib: /usr/lib/libOpenNI.so;libusb::libusb)\n'}
[13.064308] (ascamera) StdoutLine: {'line': b'-- OpenNI2 found (version: 2.2.0.33, include: /usr/include/openni2, lib: /usr/lib/aarch64-linux-gnu/libOpenNI2.so;libusb::libusb)\n'}
[13.073124] (-) TimerEvent: {}
[13.176933] (-) TimerEvent: {}
[13.277864] (-) TimerEvent: {}
[13.378782] (-) TimerEvent: {}
[13.479673] (-) TimerEvent: {}
[13.584959] (-) TimerEvent: {}
[13.685882] (-) TimerEvent: {}
[13.786791] (-) TimerEvent: {}
[13.887713] (-) TimerEvent: {}
[13.988687] (-) TimerEvent: {}
[14.093247] (-) TimerEvent: {}
[14.197408] (-) TimerEvent: {}
[14.253190] (ascamera) StdoutLine: {'line': b'-- Found Qhull version 8.0.2\n'}
[14.300948] (-) TimerEvent: {}
[14.401863] (-) TimerEvent: {}
[14.504844] (-) TimerEvent: {}
[14.606101] (-) TimerEvent: {}
[14.708491] (-) TimerEvent: {}
[14.814387] (-) TimerEvent: {}
[14.915485] (-) TimerEvent: {}
[15.019891] (-) TimerEvent: {}
[15.123117] (-) TimerEvent: {}
[15.224978] (-) TimerEvent: {}
[15.328155] (-) TimerEvent: {}
[15.429142] (-) TimerEvent: {}
[15.532325] (-) TimerEvent: {}
[15.577496] (ascamera) StdoutLine: {'line': b'-- OpenNI found (version: 1.5.4.0, include: /usr/include/ni, lib: /usr/lib/libOpenNI.so;libusb::libusb)\n'}
[15.632545] (-) TimerEvent: {}
[15.733484] (-) TimerEvent: {}
[15.836547] (-) TimerEvent: {}
[15.939002] (-) TimerEvent: {}
[16.037844] (system) Command: {'cmd': ['/usr/bin/python3', '-W', 'ignore:setup.py install is deprecated', '-W', 'ignore:easy_install command is deprecated', 'setup.py', 'develop', '--editable', '--build-directory', '/home/orsted/AGV_EEPIS/build/system/build', '--no-deps', 'symlink_data'], 'cwd': '/home/orsted/AGV_EEPIS/build/system', 'env': {'VNCDESKTOP': 'orsted:2 (orsted)', 'LESSOPEN': '| /usr/bin/lesspipe %s', 'GZ_SIM_RESOURCE_PATH': '/opt/ros/jazzy/share', 'USER': 'orsted', 'SSH_CLIENT': '192.168.137.1 53332 22', 'GZ_CONFIG_PATH': '/opt/ros/jazzy/opt/gz_sim_vendor/share/gz:/opt/ros/jazzy/opt/sdformat_vendor/share/gz:/opt/ros/jazzy/opt/gz_gui_vendor/share/gz:/opt/ros/jazzy/opt/gz_transport_vendor/share/gz:/opt/ros/jazzy/opt/gz_rendering_vendor/share/gz:/opt/ros/jazzy/opt/gz_plugin_vendor/share/gz:/opt/ros/jazzy/opt/gz_fuel_tools_vendor/share/gz:/opt/ros/jazzy/opt/gz_msgs_vendor/share/gz:/opt/ros/jazzy/opt/gz_common_vendor/share/gz', 'SSH_AGENT_PID': '10784', 'XDG_SESSION_TYPE': 'x11', 'GIT_ASKPASS': '/home/orsted/.vscode-server/cli/servers/Stable-7debcd0e2acdea1c52de81bf9ee1620444407dda/server/extensions/git/dist/askpass.sh', 'SHLVL': '1', 'LD_LIBRARY_PATH': '/usr/local/cuda-13.2/lib64:/usr/local/cuda-13.2/lib64:/opt/ros/jazzy/opt/gz_sim_vendor/lib:/opt/ros/jazzy/opt/gz_sensors_vendor/lib:/opt/ros/jazzy/opt/gz_physics_vendor/lib:/opt/ros/jazzy/opt/sdformat_vendor/lib:/opt/ros/jazzy/opt/rviz_ogre_vendor/lib:/opt/ros/jazzy/lib/aarch64-linux-gnu:/opt/ros/jazzy/opt/gz_gui_vendor/lib:/opt/ros/jazzy/opt/gz_transport_vendor/lib:/opt/ros/jazzy/opt/gz_rendering_vendor/lib:/opt/ros/jazzy/opt/gz_plugin_vendor/lib:/opt/ros/jazzy/opt/gz_fuel_tools_vendor/lib:/opt/ros/jazzy/opt/gz_msgs_vendor/lib:/opt/ros/jazzy/opt/gz_common_vendor/lib:/opt/ros/jazzy/opt/gz_math_vendor/lib:/opt/ros/jazzy/opt/gz_utils_vendor/lib:/opt/ros/jazzy/opt/gz_tools_vendor/lib:/opt/ros/jazzy/opt/gz_ogre_next_vendor/lib:/opt/ros/jazzy/opt/gz_dartsim_vendor/lib:/opt/ros/jazzy/opt/gz_cmake_vendor/lib:/opt/ros/jazzy/lib:/usr/local/cuda-13.2/lib64:', 'BROWSER': '/home/orsted/.vscode-server/cli/servers/Stable-7debcd0e2acdea1c52de81bf9ee1620444407dda/server/bin/helpers/browser.sh', 'HOME': '/home/orsted', 'OLDPWD': '/home/orsted/AGV_EEPIS/src', 'DESKTOP_SESSION': 'xfce', 'VSCODE_IPC_HOOK_CLI': '/run/user/1000/vscode-ipc-44767e89-1da2-4643-874b-5655943ea067.sock', 'PANEL_GDK_CORE_DEVICE_EVENTS': '0', 'ROS_PYTHON_VERSION': '3', 'VSCODE_GIT_ASKPASS_MAIN': '/home/orsted/.vscode-server/cli/servers/Stable-7debcd0e2acdea1c52de81bf9ee1620444407dda/server/extensions/git/dist/askpass-main.js', 'VSCODE_GIT_ASKPASS_NODE': '/home/orsted/.vscode-server/cli/servers/Stable-7debcd0e2acdea1c52de81bf9ee1620444407dda/server/node', 'VSCODE_PYTHON_AUTOACTIVATE_GUARD': '1', 'DBUS_SESSION_BUS_ADDRESS': 'unix:path=/tmp/dbus-aH40qulzBC,guid=8a9873ed7292459bb0f2d7806ab0a8ad', 'COLORTERM': 'truecolor', 'DEBUGINFOD_URLS': 'https://debuginfod.ubuntu.com', 'COLCON_PREFIX_PATH': '/home/orsted/AGV_EEPIS/install', 'ROS_DISTRO': 'jazzy', 'LOGNAME': 'orsted', '_': '/usr/bin/colcon', 'ROS_VERSION': '2', 'XDG_SESSION_CLASS': 'user', 'TERM': 'xterm-256color', 'XDG_SESSION_ID': '6', 'PATH': '/usr/local/cuda-13.2/bin:/usr/local/cuda-13.2/bin:/home/orsted/.vscode-server/cli/servers/Stable-7debcd0e2acdea1c52de81bf9ee1620444407dda/server/bin/remote-cli:/opt/ros/jazzy/opt/gz_msgs_vendor/bin:/opt/ros/jazzy/opt/gz_tools_vendor/bin:/opt/ros/jazzy/opt/gz_ogre_next_vendor/bin:/opt/ros/jazzy/bin:/usr/local/cuda-13.2/bin:/usr/local/sbin:/usr/local/bin:/usr/sbin:/usr/bin:/sbin:/bin:/usr/games:/usr/local/games:/snap/bin', 'SESSION_MANAGER': 'local/orsted:@/tmp/.ICE-unix/10707,unix/orsted:/tmp/.ICE-unix/10707', 'XDG_MENU_PREFIX': 'xfce-', 'GNOME_TERMINAL_SCREEN': '/org/gnome/Terminal/screen/ccfd79fd_eff2_4914_9038_d797c5196fe9', 'XDG_RUNTIME_DIR': '/run/user/1000', 'DISPLAY': ':2.0', 'LANG': 'en_US.UTF-8', 'XDG_CURRENT_DESKTOP': 'XFCE', 'LS_COLORS': 'rs=0:di=01;34:ln=01;36:mh=00:pi=40;33:so=01;35:do=01;35:bd=40;33;01:cd=40;33;01:or=40;31;01:mi=00:su=37;41:sg=30;43:ca=00:tw=30;42:ow=34;42:st=37;44:ex=01;32:*.tar=01;31:*.tgz=01;31:*.arc=01;31:*.arj=01;31:*.taz=01;31:*.lha=01;31:*.lz4=01;31:*.lzh=01;31:*.lzma=01;31:*.tlz=01;31:*.txz=01;31:*.tzo=01;31:*.t7z=01;31:*.zip=01;31:*.z=01;31:*.dz=01;31:*.gz=01;31:*.lrz=01;31:*.lz=01;31:*.lzo=01;31:*.xz=01;31:*.zst=01;31:*.tzst=01;31:*.bz2=01;31:*.bz=01;31:*.tbz=01;31:*.tbz2=01;31:*.tz=01;31:*.deb=01;31:*.rpm=01;31:*.jar=01;31:*.war=01;31:*.ear=01;31:*.sar=01;31:*.rar=01;31:*.alz=01;31:*.ace=01;31:*.zoo=01;31:*.cpio=01;31:*.7z=01;31:*.rz=01;31:*.cab=01;31:*.wim=01;31:*.swm=01;31:*.dwm=01;31:*.esd=01;31:*.avif=01;35:*.jpg=01;35:*.jpeg=01;35:*.mjpg=01;35:*.mjpeg=01;35:*.gif=01;35:*.bmp=01;35:*.pbm=01;35:*.pgm=01;35:*.ppm=01;35:*.tga=01;35:*.xbm=01;35:*.xpm=01;35:*.tif=01;35:*.tiff=01;35:*.png=01;35:*.svg=01;35:*.svgz=01;35:*.mng=01;35:*.pcx=01;35:*.mov=01;35:*.mpg=01;35:*.mpeg=01;35:*.m2v=01;35:*.mkv=01;35:*.webm=01;35:*.webp=01;35:*.ogm=01;35:*.mp4=01;35:*.m4v=01;35:*.mp4v=01;35:*.vob=01;35:*.qt=01;35:*.nuv=01;35:*.wmv=01;35:*.asf=01;35:*.rm=01;35:*.rmvb=01;35:*.flc=01;35:*.avi=01;35:*.fli=01;35:*.flv=01;35:*.gl=01;35:*.dl=01;35:*.xcf=01;35:*.xwd=01;35:*.yuv=01;35:*.cgm=01;35:*.emf=01;35:*.ogv=01;35:*.ogx=01;35:*.aac=00;36:*.au=00;36:*.flac=00;36:*.m4a=00;36:*.mid=00;36:*.midi=00;36:*.mka=00;36:*.mp3=00;36:*.mpc=00;36:*.ogg=00;36:*.ra=00;36:*.wav=00;36:*.oga=00;36:*.opus=00;36:*.spx=00;36:*.xspf=00;36:*~=00;90:*#=00;90:*.bak=00;90:*.crdownload=00;90:*.dpkg-dist=00;90:*.dpkg-new=00;90:*.dpkg-old=00;90:*.dpkg-tmp=00;90:*.old=00;90:*.orig=00;90:*.part=00;90:*.rej=00;90:*.rpmnew=00;90:*.rpmorig=00;90:*.rpmsave=00;90:*.swp=00;90:*.tmp=00;90:*.ucf-dist=00;90:*.ucf-new=00;90:*.ucf-old=00;90:', 'VSCODE_GIT_IPC_HANDLE': '/run/user/1000/vscode-git-f13100ddb5.sock', 'GNOME_TERMINAL_SERVICE': ':1.76', 'SSH_AUTH_SOCK': '/tmp/ssh-HN1t1rbN5aul/agent.10783', 'AMENT_PREFIX_PATH': '/home/orsted/AGV_EEPIS/install/ultrasonic:/home/orsted/AGV_EEPIS/install/system:/home/orsted/AGV_EEPIS/install/slam:/home/orsted/AGV_EEPIS/install/remote:/home/orsted/AGV_EEPIS/install/drive_controller:/home/orsted/AGV_EEPIS/install/ddmr_description:/home/orsted/AGV_EEPIS/install/canbus:/home/orsted/AGV_EEPIS/install/bringup:/home/orsted/AGV_EEPIS/install/ascamera:/home/orsted/AGV_EEPIS/install/agv_description:/opt/ros/jazzy', 'SHELL': '/bin/bash', 'LESSCLOSE': '/usr/bin/lesspipe %s %s', 'LC_ALLL': 'en_US.UTF-8', 'ROS_AUTOMATIC_DISCOVERY_RANGE': 'SUBNET', 'VSCODE_GIT_ASKPASS_EXTRA_ARGS': '', 'PWD': '/home/orsted/AGV_EEPIS/build/system', 'XDG_CONFIG_DIRS': '/etc/xdg/xdg-xfce:/etc/xdg', 'SSH_CONNECTION': '192.168.137.1 53332 192.168.137.60 22', 'XDG_DATA_DIRS': '/usr/share/xfce4:/usr/share:/usr/local/share:/usr/share', 'PYTHONPATH': '/home/orsted/AGV_EEPIS/build/system/prefix_override:/usr/lib/python3/dist-packages/colcon_core/task/python/colcon_distutils_commands:/home/orsted/AGV_EEPIS/install/system/lib/python3.12/site-packages:/home/orsted/AGV_EEPIS/build/ultrasonic:/home/orsted/AGV_EEPIS/install/ultrasonic/lib/python3.12/site-packages:/home/orsted/AGV_EEPIS/build/system:/home/orsted/AGV_EEPIS/install/system/lib/python3.12/site-packages:/home/orsted/AGV_EEPIS/build/slam:/home/orsted/AGV_EEPIS/install/slam/lib/python3.12/site-packages:/home/orsted/AGV_EEPIS/build/remote:/home/orsted/AGV_EEPIS/install/remote/lib/python3.12/site-packages:/home/orsted/AGV_EEPIS/build/drive_controller:/home/orsted/AGV_EEPIS/install/drive_controller/lib/python3.12/site-packages:/home/orsted/AGV_EEPIS/build/ddmr_description:/home/orsted/AGV_EEPIS/install/ddmr_description/lib/python3.12/site-packages:/home/orsted/AGV_EEPIS/build/canbus:/home/orsted/AGV_EEPIS/install/canbus/lib/python3.12/site-packages:/home/orsted/AGV_EEPIS/build/bringup:/home/orsted/AGV_EEPIS/install/bringup/lib/python3.12/site-packages:/home/orsted/AGV_EEPIS/build/agv_description:/home/orsted/AGV_EEPIS/install/agv_description/lib/python3.12/site-packages:/opt/ros/jazzy/lib/python3.12/site-packages', 'COLCON': '1', 'VTE_VERSION': '7600', 'CMAKE_PREFIX_PATH': '/home/orsted/AGV_EEPIS/install/ascamera:/opt/ros/jazzy/opt/gz_sim_vendor:/opt/ros/jazzy/opt/gz_sensors_vendor:/opt/ros/jazzy/opt/gz_physics_vendor:/opt/ros/jazzy/opt/sdformat_vendor:/opt/ros/jazzy/opt/gz_gui_vendor:/opt/ros/jazzy/opt/gz_transport_vendor:/opt/ros/jazzy/opt/gz_rendering_vendor:/opt/ros/jazzy/opt/gz_plugin_vendor:/opt/ros/jazzy/opt/gz_fuel_tools_vendor:/opt/ros/jazzy/opt/gz_msgs_vendor:/opt/ros/jazzy/opt/gz_common_vendor:/opt/ros/jazzy/opt/gz_math_vendor:/opt/ros/jazzy/opt/gz_utils_vendor:/opt/ros/jazzy/opt/gz_tools_vendor:/opt/ros/jazzy/opt/gz_ogre_next_vendor:/opt/ros/jazzy/opt/gz_dartsim_vendor:/opt/ros/jazzy/opt/gz_cmake_vendor'}, 'shell': False}
[16.043696] (-) TimerEvent: {}
[16.096292] (remote) Command: {'cmd': ['/usr/bin/python3', '-W', 'ignore:setup.py install is deprecated', '-W', 'ignore:easy_install command is deprecated', 'setup.py', 'develop', '--editable', '--build-directory', '/home/orsted/AGV_EEPIS/build/remote/build', '--no-deps', 'symlink_data'], 'cwd': '/home/orsted/AGV_EEPIS/build/remote', 'env': {'VNCDESKTOP': 'orsted:2 (orsted)', 'LESSOPEN': '| /usr/bin/lesspipe %s', 'GZ_SIM_RESOURCE_PATH': '/opt/ros/jazzy/share', 'USER': 'orsted', 'SSH_CLIENT': '192.168.137.1 53332 22', 'GZ_CONFIG_PATH': '/opt/ros/jazzy/opt/gz_sim_vendor/share/gz:/opt/ros/jazzy/opt/sdformat_vendor/share/gz:/opt/ros/jazzy/opt/gz_gui_vendor/share/gz:/opt/ros/jazzy/opt/gz_transport_vendor/share/gz:/opt/ros/jazzy/opt/gz_rendering_vendor/share/gz:/opt/ros/jazzy/opt/gz_plugin_vendor/share/gz:/opt/ros/jazzy/opt/gz_fuel_tools_vendor/share/gz:/opt/ros/jazzy/opt/gz_msgs_vendor/share/gz:/opt/ros/jazzy/opt/gz_common_vendor/share/gz', 'SSH_AGENT_PID': '10784', 'XDG_SESSION_TYPE': 'x11', 'GIT_ASKPASS': '/home/orsted/.vscode-server/cli/servers/Stable-7debcd0e2acdea1c52de81bf9ee1620444407dda/server/extensions/git/dist/askpass.sh', 'SHLVL': '1', 'LD_LIBRARY_PATH': '/usr/local/cuda-13.2/lib64:/usr/local/cuda-13.2/lib64:/opt/ros/jazzy/opt/gz_sim_vendor/lib:/opt/ros/jazzy/opt/gz_sensors_vendor/lib:/opt/ros/jazzy/opt/gz_physics_vendor/lib:/opt/ros/jazzy/opt/sdformat_vendor/lib:/opt/ros/jazzy/opt/rviz_ogre_vendor/lib:/opt/ros/jazzy/lib/aarch64-linux-gnu:/opt/ros/jazzy/opt/gz_gui_vendor/lib:/opt/ros/jazzy/opt/gz_transport_vendor/lib:/opt/ros/jazzy/opt/gz_rendering_vendor/lib:/opt/ros/jazzy/opt/gz_plugin_vendor/lib:/opt/ros/jazzy/opt/gz_fuel_tools_vendor/lib:/opt/ros/jazzy/opt/gz_msgs_vendor/lib:/opt/ros/jazzy/opt/gz_common_vendor/lib:/opt/ros/jazzy/opt/gz_math_vendor/lib:/opt/ros/jazzy/opt/gz_utils_vendor/lib:/opt/ros/jazzy/opt/gz_tools_vendor/lib:/opt/ros/jazzy/opt/gz_ogre_next_vendor/lib:/opt/ros/jazzy/opt/gz_dartsim_vendor/lib:/opt/ros/jazzy/opt/gz_cmake_vendor/lib:/opt/ros/jazzy/lib:/usr/local/cuda-13.2/lib64:', 'BROWSER': '/home/orsted/.vscode-server/cli/servers/Stable-7debcd0e2acdea1c52de81bf9ee1620444407dda/server/bin/helpers/browser.sh', 'HOME': '/home/orsted', 'OLDPWD': '/home/orsted/AGV_EEPIS/src', 'DESKTOP_SESSION': 'xfce', 'VSCODE_IPC_HOOK_CLI': '/run/user/1000/vscode-ipc-44767e89-1da2-4643-874b-5655943ea067.sock', 'PANEL_GDK_CORE_DEVICE_EVENTS': '0', 'ROS_PYTHON_VERSION': '3', 'VSCODE_GIT_ASKPASS_MAIN': '/home/orsted/.vscode-server/cli/servers/Stable-7debcd0e2acdea1c52de81bf9ee1620444407dda/server/extensions/git/dist/askpass-main.js', 'VSCODE_GIT_ASKPASS_NODE': '/home/orsted/.vscode-server/cli/servers/Stable-7debcd0e2acdea1c52de81bf9ee1620444407dda/server/node', 'VSCODE_PYTHON_AUTOACTIVATE_GUARD': '1', 'DBUS_SESSION_BUS_ADDRESS': 'unix:path=/tmp/dbus-aH40qulzBC,guid=8a9873ed7292459bb0f2d7806ab0a8ad', 'COLORTERM': 'truecolor', 'DEBUGINFOD_URLS': 'https://debuginfod.ubuntu.com', 'COLCON_PREFIX_PATH': '/home/orsted/AGV_EEPIS/install', 'ROS_DISTRO': 'jazzy', 'LOGNAME': 'orsted', '_': '/usr/bin/colcon', 'ROS_VERSION': '2', 'XDG_SESSION_CLASS': 'user', 'TERM': 'xterm-256color', 'XDG_SESSION_ID': '6', 'PATH': '/usr/local/cuda-13.2/bin:/usr/local/cuda-13.2/bin:/home/orsted/.vscode-server/cli/servers/Stable-7debcd0e2acdea1c52de81bf9ee1620444407dda/server/bin/remote-cli:/opt/ros/jazzy/opt/gz_msgs_vendor/bin:/opt/ros/jazzy/opt/gz_tools_vendor/bin:/opt/ros/jazzy/opt/gz_ogre_next_vendor/bin:/opt/ros/jazzy/bin:/usr/local/cuda-13.2/bin:/usr/local/sbin:/usr/local/bin:/usr/sbin:/usr/bin:/sbin:/bin:/usr/games:/usr/local/games:/snap/bin', 'SESSION_MANAGER': 'local/orsted:@/tmp/.ICE-unix/10707,unix/orsted:/tmp/.ICE-unix/10707', 'XDG_MENU_PREFIX': 'xfce-', 'GNOME_TERMINAL_SCREEN': '/org/gnome/Terminal/screen/ccfd79fd_eff2_4914_9038_d797c5196fe9', 'XDG_RUNTIME_DIR': '/run/user/1000', 'DISPLAY': ':2.0', 'LANG': 'en_US.UTF-8', 'XDG_CURRENT_DESKTOP': 'XFCE', 'LS_COLORS': 'rs=0:di=01;34:ln=01;36:mh=00:pi=40;33:so=01;35:do=01;35:bd=40;33;01:cd=40;33;01:or=40;31;01:mi=00:su=37;41:sg=30;43:ca=00:tw=30;42:ow=34;42:st=37;44:ex=01;32:*.tar=01;31:*.tgz=01;31:*.arc=01;31:*.arj=01;31:*.taz=01;31:*.lha=01;31:*.lz4=01;31:*.lzh=01;31:*.lzma=01;31:*.tlz=01;31:*.txz=01;31:*.tzo=01;31:*.t7z=01;31:*.zip=01;31:*.z=01;31:*.dz=01;31:*.gz=01;31:*.lrz=01;31:*.lz=01;31:*.lzo=01;31:*.xz=01;31:*.zst=01;31:*.tzst=01;31:*.bz2=01;31:*.bz=01;31:*.tbz=01;31:*.tbz2=01;31:*.tz=01;31:*.deb=01;31:*.rpm=01;31:*.jar=01;31:*.war=01;31:*.ear=01;31:*.sar=01;31:*.rar=01;31:*.alz=01;31:*.ace=01;31:*.zoo=01;31:*.cpio=01;31:*.7z=01;31:*.rz=01;31:*.cab=01;31:*.wim=01;31:*.swm=01;31:*.dwm=01;31:*.esd=01;31:*.avif=01;35:*.jpg=01;35:*.jpeg=01;35:*.mjpg=01;35:*.mjpeg=01;35:*.gif=01;35:*.bmp=01;35:*.pbm=01;35:*.pgm=01;35:*.ppm=01;35:*.tga=01;35:*.xbm=01;35:*.xpm=01;35:*.tif=01;35:*.tiff=01;35:*.png=01;35:*.svg=01;35:*.svgz=01;35:*.mng=01;35:*.pcx=01;35:*.mov=01;35:*.mpg=01;35:*.mpeg=01;35:*.m2v=01;35:*.mkv=01;35:*.webm=01;35:*.webp=01;35:*.ogm=01;35:*.mp4=01;35:*.m4v=01;35:*.mp4v=01;35:*.vob=01;35:*.qt=01;35:*.nuv=01;35:*.wmv=01;35:*.asf=01;35:*.rm=01;35:*.rmvb=01;35:*.flc=01;35:*.avi=01;35:*.fli=01;35:*.flv=01;35:*.gl=01;35:*.dl=01;35:*.xcf=01;35:*.xwd=01;35:*.yuv=01;35:*.cgm=01;35:*.emf=01;35:*.ogv=01;35:*.ogx=01;35:*.aac=00;36:*.au=00;36:*.flac=00;36:*.m4a=00;36:*.mid=00;36:*.midi=00;36:*.mka=00;36:*.mp3=00;36:*.mpc=00;36:*.ogg=00;36:*.ra=00;36:*.wav=00;36:*.oga=00;36:*.opus=00;36:*.spx=00;36:*.xspf=00;36:*~=00;90:*#=00;90:*.bak=00;90:*.crdownload=00;90:*.dpkg-dist=00;90:*.dpkg-new=00;90:*.dpkg-old=00;90:*.dpkg-tmp=00;90:*.old=00;90:*.orig=00;90:*.part=00;90:*.rej=00;90:*.rpmnew=00;90:*.rpmorig=00;90:*.rpmsave=00;90:*.swp=00;90:*.tmp=00;90:*.ucf-dist=00;90:*.ucf-new=00;90:*.ucf-old=00;90:', 'VSCODE_GIT_IPC_HANDLE': '/run/user/1000/vscode-git-f13100ddb5.sock', 'GNOME_TERMINAL_SERVICE': ':1.76', 'SSH_AUTH_SOCK': '/tmp/ssh-HN1t1rbN5aul/agent.10783', 'AMENT_PREFIX_PATH': '/home/orsted/AGV_EEPIS/install/ultrasonic:/home/orsted/AGV_EEPIS/install/system:/home/orsted/AGV_EEPIS/install/slam:/home/orsted/AGV_EEPIS/install/remote:/home/orsted/AGV_EEPIS/install/drive_controller:/home/orsted/AGV_EEPIS/install/ddmr_description:/home/orsted/AGV_EEPIS/install/canbus:/home/orsted/AGV_EEPIS/install/bringup:/home/orsted/AGV_EEPIS/install/ascamera:/home/orsted/AGV_EEPIS/install/agv_description:/opt/ros/jazzy', 'SHELL': '/bin/bash', 'LESSCLOSE': '/usr/bin/lesspipe %s %s', 'LC_ALLL': 'en_US.UTF-8', 'ROS_AUTOMATIC_DISCOVERY_RANGE': 'SUBNET', 'VSCODE_GIT_ASKPASS_EXTRA_ARGS': '', 'PWD': '/home/orsted/AGV_EEPIS/build/remote', 'XDG_CONFIG_DIRS': '/etc/xdg/xdg-xfce:/etc/xdg', 'SSH_CONNECTION': '192.168.137.1 53332 192.168.137.60 22', 'XDG_DATA_DIRS': '/usr/share/xfce4:/usr/share:/usr/local/share:/usr/share', 'PYTHONPATH': '/home/orsted/AGV_EEPIS/build/remote/prefix_override:/usr/lib/python3/dist-packages/colcon_core/task/python/colcon_distutils_commands:/home/orsted/AGV_EEPIS/install/remote/lib/python3.12/site-packages:/home/orsted/AGV_EEPIS/build/ultrasonic:/home/orsted/AGV_EEPIS/install/ultrasonic/lib/python3.12/site-packages:/home/orsted/AGV_EEPIS/build/system:/home/orsted/AGV_EEPIS/install/system/lib/python3.12/site-packages:/home/orsted/AGV_EEPIS/build/slam:/home/orsted/AGV_EEPIS/install/slam/lib/python3.12/site-packages:/home/orsted/AGV_EEPIS/build/remote:/home/orsted/AGV_EEPIS/install/remote/lib/python3.12/site-packages:/home/orsted/AGV_EEPIS/build/drive_controller:/home/orsted/AGV_EEPIS/install/drive_controller/lib/python3.12/site-packages:/home/orsted/AGV_EEPIS/build/ddmr_description:/home/orsted/AGV_EEPIS/install/ddmr_description/lib/python3.12/site-packages:/home/orsted/AGV_EEPIS/build/canbus:/home/orsted/AGV_EEPIS/install/canbus/lib/python3.12/site-packages:/home/orsted/AGV_EEPIS/build/bringup:/home/orsted/AGV_EEPIS/install/bringup/lib/python3.12/site-packages:/home/orsted/AGV_EEPIS/build/agv_description:/home/orsted/AGV_EEPIS/install/agv_description/lib/python3.12/site-packages:/opt/ros/jazzy/lib/python3.12/site-packages', 'COLCON': '1', 'VTE_VERSION': '7600', 'CMAKE_PREFIX_PATH': '/home/orsted/AGV_EEPIS/install/ascamera:/opt/ros/jazzy/opt/gz_sim_vendor:/opt/ros/jazzy/opt/gz_sensors_vendor:/opt/ros/jazzy/opt/gz_physics_vendor:/opt/ros/jazzy/opt/sdformat_vendor:/opt/ros/jazzy/opt/gz_gui_vendor:/opt/ros/jazzy/opt/gz_transport_vendor:/opt/ros/jazzy/opt/gz_rendering_vendor:/opt/ros/jazzy/opt/gz_plugin_vendor:/opt/ros/jazzy/opt/gz_fuel_tools_vendor:/opt/ros/jazzy/opt/gz_msgs_vendor:/opt/ros/jazzy/opt/gz_common_vendor:/opt/ros/jazzy/opt/gz_math_vendor:/opt/ros/jazzy/opt/gz_utils_vendor:/opt/ros/jazzy/opt/gz_tools_vendor:/opt/ros/jazzy/opt/gz_ogre_next_vendor:/opt/ros/jazzy/opt/gz_dartsim_vendor:/opt/ros/jazzy/opt/gz_cmake_vendor'}, 'shell': False}
[16.106501] (ultrasonic) Command: {'cmd': ['/usr/bin/python3', '-W', 'ignore:setup.py install is deprecated', '-W', 'ignore:easy_install command is deprecated', 'setup.py', 'develop', '--editable', '--build-directory', '/home/orsted/AGV_EEPIS/build/ultrasonic/build', '--no-deps', 'symlink_data'], 'cwd': '/home/orsted/AGV_EEPIS/build/ultrasonic', 'env': {'VNCDESKTOP': 'orsted:2 (orsted)', 'LESSOPEN': '| /usr/bin/lesspipe %s', 'GZ_SIM_RESOURCE_PATH': '/opt/ros/jazzy/share', 'USER': 'orsted', 'SSH_CLIENT': '192.168.137.1 53332 22', 'GZ_CONFIG_PATH': '/opt/ros/jazzy/opt/gz_sim_vendor/share/gz:/opt/ros/jazzy/opt/sdformat_vendor/share/gz:/opt/ros/jazzy/opt/gz_gui_vendor/share/gz:/opt/ros/jazzy/opt/gz_transport_vendor/share/gz:/opt/ros/jazzy/opt/gz_rendering_vendor/share/gz:/opt/ros/jazzy/opt/gz_plugin_vendor/share/gz:/opt/ros/jazzy/opt/gz_fuel_tools_vendor/share/gz:/opt/ros/jazzy/opt/gz_msgs_vendor/share/gz:/opt/ros/jazzy/opt/gz_common_vendor/share/gz', 'SSH_AGENT_PID': '10784', 'XDG_SESSION_TYPE': 'x11', 'GIT_ASKPASS': '/home/orsted/.vscode-server/cli/servers/Stable-7debcd0e2acdea1c52de81bf9ee1620444407dda/server/extensions/git/dist/askpass.sh', 'SHLVL': '1', 'LD_LIBRARY_PATH': '/usr/local/cuda-13.2/lib64:/usr/local/cuda-13.2/lib64:/opt/ros/jazzy/opt/gz_sim_vendor/lib:/opt/ros/jazzy/opt/gz_sensors_vendor/lib:/opt/ros/jazzy/opt/gz_physics_vendor/lib:/opt/ros/jazzy/opt/sdformat_vendor/lib:/opt/ros/jazzy/opt/rviz_ogre_vendor/lib:/opt/ros/jazzy/lib/aarch64-linux-gnu:/opt/ros/jazzy/opt/gz_gui_vendor/lib:/opt/ros/jazzy/opt/gz_transport_vendor/lib:/opt/ros/jazzy/opt/gz_rendering_vendor/lib:/opt/ros/jazzy/opt/gz_plugin_vendor/lib:/opt/ros/jazzy/opt/gz_fuel_tools_vendor/lib:/opt/ros/jazzy/opt/gz_msgs_vendor/lib:/opt/ros/jazzy/opt/gz_common_vendor/lib:/opt/ros/jazzy/opt/gz_math_vendor/lib:/opt/ros/jazzy/opt/gz_utils_vendor/lib:/opt/ros/jazzy/opt/gz_tools_vendor/lib:/opt/ros/jazzy/opt/gz_ogre_next_vendor/lib:/opt/ros/jazzy/opt/gz_dartsim_vendor/lib:/opt/ros/jazzy/opt/gz_cmake_vendor/lib:/opt/ros/jazzy/lib:/usr/local/cuda-13.2/lib64:', 'BROWSER': '/home/orsted/.vscode-server/cli/servers/Stable-7debcd0e2acdea1c52de81bf9ee1620444407dda/server/bin/helpers/browser.sh', 'HOME': '/home/orsted', 'OLDPWD': '/home/orsted/AGV_EEPIS/src', 'DESKTOP_SESSION': 'xfce', 'VSCODE_IPC_HOOK_CLI': '/run/user/1000/vscode-ipc-44767e89-1da2-4643-874b-5655943ea067.sock', 'PANEL_GDK_CORE_DEVICE_EVENTS': '0', 'ROS_PYTHON_VERSION': '3', 'VSCODE_GIT_ASKPASS_MAIN': '/home/orsted/.vscode-server/cli/servers/Stable-7debcd0e2acdea1c52de81bf9ee1620444407dda/server/extensions/git/dist/askpass-main.js', 'VSCODE_GIT_ASKPASS_NODE': '/home/orsted/.vscode-server/cli/servers/Stable-7debcd0e2acdea1c52de81bf9ee1620444407dda/server/node', 'VSCODE_PYTHON_AUTOACTIVATE_GUARD': '1', 'DBUS_SESSION_BUS_ADDRESS': 'unix:path=/tmp/dbus-aH40qulzBC,guid=8a9873ed7292459bb0f2d7806ab0a8ad', 'COLORTERM': 'truecolor', 'DEBUGINFOD_URLS': 'https://debuginfod.ubuntu.com', 'COLCON_PREFIX_PATH': '/home/orsted/AGV_EEPIS/install', 'ROS_DISTRO': 'jazzy', 'LOGNAME': 'orsted', '_': '/usr/bin/colcon', 'ROS_VERSION': '2', 'XDG_SESSION_CLASS': 'user', 'TERM': 'xterm-256color', 'XDG_SESSION_ID': '6', 'PATH': '/usr/local/cuda-13.2/bin:/usr/local/cuda-13.2/bin:/home/orsted/.vscode-server/cli/servers/Stable-7debcd0e2acdea1c52de81bf9ee1620444407dda/server/bin/remote-cli:/opt/ros/jazzy/opt/gz_msgs_vendor/bin:/opt/ros/jazzy/opt/gz_tools_vendor/bin:/opt/ros/jazzy/opt/gz_ogre_next_vendor/bin:/opt/ros/jazzy/bin:/usr/local/cuda-13.2/bin:/usr/local/sbin:/usr/local/bin:/usr/sbin:/usr/bin:/sbin:/bin:/usr/games:/usr/local/games:/snap/bin', 'SESSION_MANAGER': 'local/orsted:@/tmp/.ICE-unix/10707,unix/orsted:/tmp/.ICE-unix/10707', 'XDG_MENU_PREFIX': 'xfce-', 'GNOME_TERMINAL_SCREEN': '/org/gnome/Terminal/screen/ccfd79fd_eff2_4914_9038_d797c5196fe9', 'XDG_RUNTIME_DIR': '/run/user/1000', 'DISPLAY': ':2.0', 'LANG': 'en_US.UTF-8', 'XDG_CURRENT_DESKTOP': 'XFCE', 'LS_COLORS': 'rs=0:di=01;34:ln=01;36:mh=00:pi=40;33:so=01;35:do=01;35:bd=40;33;01:cd=40;33;01:or=40;31;01:mi=00:su=37;41:sg=30;43:ca=00:tw=30;42:ow=34;42:st=37;44:ex=01;32:*.tar=01;31:*.tgz=01;31:*.arc=01;31:*.arj=01;31:*.taz=01;31:*.lha=01;31:*.lz4=01;31:*.lzh=01;31:*.lzma=01;31:*.tlz=01;31:*.txz=01;31:*.tzo=01;31:*.t7z=01;31:*.zip=01;31:*.z=01;31:*.dz=01;31:*.gz=01;31:*.lrz=01;31:*.lz=01;31:*.lzo=01;31:*.xz=01;31:*.zst=01;31:*.tzst=01;31:*.bz2=01;31:*.bz=01;31:*.tbz=01;31:*.tbz2=01;31:*.tz=01;31:*.deb=01;31:*.rpm=01;31:*.jar=01;31:*.war=01;31:*.ear=01;31:*.sar=01;31:*.rar=01;31:*.alz=01;31:*.ace=01;31:*.zoo=01;31:*.cpio=01;31:*.7z=01;31:*.rz=01;31:*.cab=01;31:*.wim=01;31:*.swm=01;31:*.dwm=01;31:*.esd=01;31:*.avif=01;35:*.jpg=01;35:*.jpeg=01;35:*.mjpg=01;35:*.mjpeg=01;35:*.gif=01;35:*.bmp=01;35:*.pbm=01;35:*.pgm=01;35:*.ppm=01;35:*.tga=01;35:*.xbm=01;35:*.xpm=01;35:*.tif=01;35:*.tiff=01;35:*.png=01;35:*.svg=01;35:*.svgz=01;35:*.mng=01;35:*.pcx=01;35:*.mov=01;35:*.mpg=01;35:*.mpeg=01;35:*.m2v=01;35:*.mkv=01;35:*.webm=01;35:*.webp=01;35:*.ogm=01;35:*.mp4=01;35:*.m4v=01;35:*.mp4v=01;35:*.vob=01;35:*.qt=01;35:*.nuv=01;35:*.wmv=01;35:*.asf=01;35:*.rm=01;35:*.rmvb=01;35:*.flc=01;35:*.avi=01;35:*.fli=01;35:*.flv=01;35:*.gl=01;35:*.dl=01;35:*.xcf=01;35:*.xwd=01;35:*.yuv=01;35:*.cgm=01;35:*.emf=01;35:*.ogv=01;35:*.ogx=01;35:*.aac=00;36:*.au=00;36:*.flac=00;36:*.m4a=00;36:*.mid=00;36:*.midi=00;36:*.mka=00;36:*.mp3=00;36:*.mpc=00;36:*.ogg=00;36:*.ra=00;36:*.wav=00;36:*.oga=00;36:*.opus=00;36:*.spx=00;36:*.xspf=00;36:*~=00;90:*#=00;90:*.bak=00;90:*.crdownload=00;90:*.dpkg-dist=00;90:*.dpkg-new=00;90:*.dpkg-old=00;90:*.dpkg-tmp=00;90:*.old=00;90:*.orig=00;90:*.part=00;90:*.rej=00;90:*.rpmnew=00;90:*.rpmorig=00;90:*.rpmsave=00;90:*.swp=00;90:*.tmp=00;90:*.ucf-dist=00;90:*.ucf-new=00;90:*.ucf-old=00;90:', 'VSCODE_GIT_IPC_HANDLE': '/run/user/1000/vscode-git-f13100ddb5.sock', 'GNOME_TERMINAL_SERVICE': ':1.76', 'SSH_AUTH_SOCK': '/tmp/ssh-HN1t1rbN5aul/agent.10783', 'AMENT_PREFIX_PATH': '/home/orsted/AGV_EEPIS/install/ultrasonic:/home/orsted/AGV_EEPIS/install/system:/home/orsted/AGV_EEPIS/install/slam:/home/orsted/AGV_EEPIS/install/remote:/home/orsted/AGV_EEPIS/install/drive_controller:/home/orsted/AGV_EEPIS/install/ddmr_description:/home/orsted/AGV_EEPIS/install/canbus:/home/orsted/AGV_EEPIS/install/bringup:/home/orsted/AGV_EEPIS/install/ascamera:/home/orsted/AGV_EEPIS/install/agv_description:/opt/ros/jazzy', 'SHELL': '/bin/bash', 'LESSCLOSE': '/usr/bin/lesspipe %s %s', 'LC_ALLL': 'en_US.UTF-8', 'ROS_AUTOMATIC_DISCOVERY_RANGE': 'SUBNET', 'VSCODE_GIT_ASKPASS_EXTRA_ARGS': '', 'PWD': '/home/orsted/AGV_EEPIS/build/ultrasonic', 'XDG_CONFIG_DIRS': '/etc/xdg/xdg-xfce:/etc/xdg', 'SSH_CONNECTION': '192.168.137.1 53332 192.168.137.60 22', 'XDG_DATA_DIRS': '/usr/share/xfce4:/usr/share:/usr/local/share:/usr/share', 'PYTHONPATH': '/home/orsted/AGV_EEPIS/build/ultrasonic/prefix_override:/usr/lib/python3/dist-packages/colcon_core/task/python/colcon_distutils_commands:/home/orsted/AGV_EEPIS/install/ultrasonic/lib/python3.12/site-packages:/home/orsted/AGV_EEPIS/build/ultrasonic:/home/orsted/AGV_EEPIS/install/ultrasonic/lib/python3.12/site-packages:/home/orsted/AGV_EEPIS/build/system:/home/orsted/AGV_EEPIS/install/system/lib/python3.12/site-packages:/home/orsted/AGV_EEPIS/build/slam:/home/orsted/AGV_EEPIS/install/slam/lib/python3.12/site-packages:/home/orsted/AGV_EEPIS/build/remote:/home/orsted/AGV_EEPIS/install/remote/lib/python3.12/site-packages:/home/orsted/AGV_EEPIS/build/drive_controller:/home/orsted/AGV_EEPIS/install/drive_controller/lib/python3.12/site-packages:/home/orsted/AGV_EEPIS/build/ddmr_description:/home/orsted/AGV_EEPIS/install/ddmr_description/lib/python3.12/site-packages:/home/orsted/AGV_EEPIS/build/canbus:/home/orsted/AGV_EEPIS/install/canbus/lib/python3.12/site-packages:/home/orsted/AGV_EEPIS/build/bringup:/home/orsted/AGV_EEPIS/install/bringup/lib/python3.12/site-packages:/home/orsted/AGV_EEPIS/build/agv_description:/home/orsted/AGV_EEPIS/install/agv_description/lib/python3.12/site-packages:/opt/ros/jazzy/lib/python3.12/site-packages', 'COLCON': '1', 'VTE_VERSION': '7600', 'CMAKE_PREFIX_PATH': '/home/orsted/AGV_EEPIS/install/ascamera:/opt/ros/jazzy/opt/gz_sim_vendor:/opt/ros/jazzy/opt/gz_sensors_vendor:/opt/ros/jazzy/opt/gz_physics_vendor:/opt/ros/jazzy/opt/sdformat_vendor:/opt/ros/jazzy/opt/gz_gui_vendor:/opt/ros/jazzy/opt/gz_transport_vendor:/opt/ros/jazzy/opt/gz_rendering_vendor:/opt/ros/jazzy/opt/gz_plugin_vendor:/opt/ros/jazzy/opt/gz_fuel_tools_vendor:/opt/ros/jazzy/opt/gz_msgs_vendor:/opt/ros/jazzy/opt/gz_common_vendor:/opt/ros/jazzy/opt/gz_math_vendor:/opt/ros/jazzy/opt/gz_utils_vendor:/opt/ros/jazzy/opt/gz_tools_vendor:/opt/ros/jazzy/opt/gz_ogre_next_vendor:/opt/ros/jazzy/opt/gz_dartsim_vendor:/opt/ros/jazzy/opt/gz_cmake_vendor'}, 'shell': False}
[16.143950] (-) TimerEvent: {}
[16.169778] (slam) Command: {'cmd': ['/usr/bin/python3', '-W', 'ignore:setup.py install is deprecated', '-W', 'ignore:easy_install command is deprecated', 'setup.py', 'develop', '--editable', '--build-directory', '/home/orsted/AGV_EEPIS/build/slam/build', '--no-deps', 'symlink_data'], 'cwd': '/home/orsted/AGV_EEPIS/build/slam', 'env': {'VNCDESKTOP': 'orsted:2 (orsted)', 'LESSOPEN': '| /usr/bin/lesspipe %s', 'GZ_SIM_RESOURCE_PATH': '/opt/ros/jazzy/share', 'USER': 'orsted', 'SSH_CLIENT': '192.168.137.1 53332 22', 'GZ_CONFIG_PATH': '/opt/ros/jazzy/opt/gz_sim_vendor/share/gz:/opt/ros/jazzy/opt/sdformat_vendor/share/gz:/opt/ros/jazzy/opt/gz_gui_vendor/share/gz:/opt/ros/jazzy/opt/gz_transport_vendor/share/gz:/opt/ros/jazzy/opt/gz_rendering_vendor/share/gz:/opt/ros/jazzy/opt/gz_plugin_vendor/share/gz:/opt/ros/jazzy/opt/gz_fuel_tools_vendor/share/gz:/opt/ros/jazzy/opt/gz_msgs_vendor/share/gz:/opt/ros/jazzy/opt/gz_common_vendor/share/gz', 'SSH_AGENT_PID': '10784', 'XDG_SESSION_TYPE': 'x11', 'GIT_ASKPASS': '/home/orsted/.vscode-server/cli/servers/Stable-7debcd0e2acdea1c52de81bf9ee1620444407dda/server/extensions/git/dist/askpass.sh', 'SHLVL': '1', 'LD_LIBRARY_PATH': '/usr/local/cuda-13.2/lib64:/usr/local/cuda-13.2/lib64:/opt/ros/jazzy/opt/gz_sim_vendor/lib:/opt/ros/jazzy/opt/gz_sensors_vendor/lib:/opt/ros/jazzy/opt/gz_physics_vendor/lib:/opt/ros/jazzy/opt/sdformat_vendor/lib:/opt/ros/jazzy/opt/rviz_ogre_vendor/lib:/opt/ros/jazzy/lib/aarch64-linux-gnu:/opt/ros/jazzy/opt/gz_gui_vendor/lib:/opt/ros/jazzy/opt/gz_transport_vendor/lib:/opt/ros/jazzy/opt/gz_rendering_vendor/lib:/opt/ros/jazzy/opt/gz_plugin_vendor/lib:/opt/ros/jazzy/opt/gz_fuel_tools_vendor/lib:/opt/ros/jazzy/opt/gz_msgs_vendor/lib:/opt/ros/jazzy/opt/gz_common_vendor/lib:/opt/ros/jazzy/opt/gz_math_vendor/lib:/opt/ros/jazzy/opt/gz_utils_vendor/lib:/opt/ros/jazzy/opt/gz_tools_vendor/lib:/opt/ros/jazzy/opt/gz_ogre_next_vendor/lib:/opt/ros/jazzy/opt/gz_dartsim_vendor/lib:/opt/ros/jazzy/opt/gz_cmake_vendor/lib:/opt/ros/jazzy/lib:/usr/local/cuda-13.2/lib64:', 'BROWSER': '/home/orsted/.vscode-server/cli/servers/Stable-7debcd0e2acdea1c52de81bf9ee1620444407dda/server/bin/helpers/browser.sh', 'HOME': '/home/orsted', 'OLDPWD': '/home/orsted/AGV_EEPIS/src', 'DESKTOP_SESSION': 'xfce', 'VSCODE_IPC_HOOK_CLI': '/run/user/1000/vscode-ipc-44767e89-1da2-4643-874b-5655943ea067.sock', 'PANEL_GDK_CORE_DEVICE_EVENTS': '0', 'ROS_PYTHON_VERSION': '3', 'VSCODE_GIT_ASKPASS_MAIN': '/home/orsted/.vscode-server/cli/servers/Stable-7debcd0e2acdea1c52de81bf9ee1620444407dda/server/extensions/git/dist/askpass-main.js', 'VSCODE_GIT_ASKPASS_NODE': '/home/orsted/.vscode-server/cli/servers/Stable-7debcd0e2acdea1c52de81bf9ee1620444407dda/server/node', 'VSCODE_PYTHON_AUTOACTIVATE_GUARD': '1', 'DBUS_SESSION_BUS_ADDRESS': 'unix:path=/tmp/dbus-aH40qulzBC,guid=8a9873ed7292459bb0f2d7806ab0a8ad', 'COLORTERM': 'truecolor', 'DEBUGINFOD_URLS': 'https://debuginfod.ubuntu.com', 'COLCON_PREFIX_PATH': '/home/orsted/AGV_EEPIS/install', 'ROS_DISTRO': 'jazzy', 'LOGNAME': 'orsted', '_': '/usr/bin/colcon', 'ROS_VERSION': '2', 'XDG_SESSION_CLASS': 'user', 'TERM': 'xterm-256color', 'XDG_SESSION_ID': '6', 'PATH': '/usr/local/cuda-13.2/bin:/usr/local/cuda-13.2/bin:/home/orsted/.vscode-server/cli/servers/Stable-7debcd0e2acdea1c52de81bf9ee1620444407dda/server/bin/remote-cli:/opt/ros/jazzy/opt/gz_msgs_vendor/bin:/opt/ros/jazzy/opt/gz_tools_vendor/bin:/opt/ros/jazzy/opt/gz_ogre_next_vendor/bin:/opt/ros/jazzy/bin:/usr/local/cuda-13.2/bin:/usr/local/sbin:/usr/local/bin:/usr/sbin:/usr/bin:/sbin:/bin:/usr/games:/usr/local/games:/snap/bin', 'SESSION_MANAGER': 'local/orsted:@/tmp/.ICE-unix/10707,unix/orsted:/tmp/.ICE-unix/10707', 'XDG_MENU_PREFIX': 'xfce-', 'GNOME_TERMINAL_SCREEN': '/org/gnome/Terminal/screen/ccfd79fd_eff2_4914_9038_d797c5196fe9', 'XDG_RUNTIME_DIR': '/run/user/1000', 'DISPLAY': ':2.0', 'LANG': 'en_US.UTF-8', 'XDG_CURRENT_DESKTOP': 'XFCE', 'LS_COLORS': 'rs=0:di=01;34:ln=01;36:mh=00:pi=40;33:so=01;35:do=01;35:bd=40;33;01:cd=40;33;01:or=40;31;01:mi=00:su=37;41:sg=30;43:ca=00:tw=30;42:ow=34;42:st=37;44:ex=01;32:*.tar=01;31:*.tgz=01;31:*.arc=01;31:*.arj=01;31:*.taz=01;31:*.lha=01;31:*.lz4=01;31:*.lzh=01;31:*.lzma=01;31:*.tlz=01;31:*.txz=01;31:*.tzo=01;31:*.t7z=01;31:*.zip=01;31:*.z=01;31:*.dz=01;31:*.gz=01;31:*.lrz=01;31:*.lz=01;31:*.lzo=01;31:*.xz=01;31:*.zst=01;31:*.tzst=01;31:*.bz2=01;31:*.bz=01;31:*.tbz=01;31:*.tbz2=01;31:*.tz=01;31:*.deb=01;31:*.rpm=01;31:*.jar=01;31:*.war=01;31:*.ear=01;31:*.sar=01;31:*.rar=01;31:*.alz=01;31:*.ace=01;31:*.zoo=01;31:*.cpio=01;31:*.7z=01;31:*.rz=01;31:*.cab=01;31:*.wim=01;31:*.swm=01;31:*.dwm=01;31:*.esd=01;31:*.avif=01;35:*.jpg=01;35:*.jpeg=01;35:*.mjpg=01;35:*.mjpeg=01;35:*.gif=01;35:*.bmp=01;35:*.pbm=01;35:*.pgm=01;35:*.ppm=01;35:*.tga=01;35:*.xbm=01;35:*.xpm=01;35:*.tif=01;35:*.tiff=01;35:*.png=01;35:*.svg=01;35:*.svgz=01;35:*.mng=01;35:*.pcx=01;35:*.mov=01;35:*.mpg=01;35:*.mpeg=01;35:*.m2v=01;35:*.mkv=01;35:*.webm=01;35:*.webp=01;35:*.ogm=01;35:*.mp4=01;35:*.m4v=01;35:*.mp4v=01;35:*.vob=01;35:*.qt=01;35:*.nuv=01;35:*.wmv=01;35:*.asf=01;35:*.rm=01;35:*.rmvb=01;35:*.flc=01;35:*.avi=01;35:*.fli=01;35:*.flv=01;35:*.gl=01;35:*.dl=01;35:*.xcf=01;35:*.xwd=01;35:*.yuv=01;35:*.cgm=01;35:*.emf=01;35:*.ogv=01;35:*.ogx=01;35:*.aac=00;36:*.au=00;36:*.flac=00;36:*.m4a=00;36:*.mid=00;36:*.midi=00;36:*.mka=00;36:*.mp3=00;36:*.mpc=00;36:*.ogg=00;36:*.ra=00;36:*.wav=00;36:*.oga=00;36:*.opus=00;36:*.spx=00;36:*.xspf=00;36:*~=00;90:*#=00;90:*.bak=00;90:*.crdownload=00;90:*.dpkg-dist=00;90:*.dpkg-new=00;90:*.dpkg-old=00;90:*.dpkg-tmp=00;90:*.old=00;90:*.orig=00;90:*.part=00;90:*.rej=00;90:*.rpmnew=00;90:*.rpmorig=00;90:*.rpmsave=00;90:*.swp=00;90:*.tmp=00;90:*.ucf-dist=00;90:*.ucf-new=00;90:*.ucf-old=00;90:', 'VSCODE_GIT_IPC_HANDLE': '/run/user/1000/vscode-git-f13100ddb5.sock', 'GNOME_TERMINAL_SERVICE': ':1.76', 'SSH_AUTH_SOCK': '/tmp/ssh-HN1t1rbN5aul/agent.10783', 'AMENT_PREFIX_PATH': '/home/orsted/AGV_EEPIS/install/ultrasonic:/home/orsted/AGV_EEPIS/install/system:/home/orsted/AGV_EEPIS/install/slam:/home/orsted/AGV_EEPIS/install/remote:/home/orsted/AGV_EEPIS/install/drive_controller:/home/orsted/AGV_EEPIS/install/ddmr_description:/home/orsted/AGV_EEPIS/install/canbus:/home/orsted/AGV_EEPIS/install/bringup:/home/orsted/AGV_EEPIS/install/ascamera:/home/orsted/AGV_EEPIS/install/agv_description:/opt/ros/jazzy', 'SHELL': '/bin/bash', 'LESSCLOSE': '/usr/bin/lesspipe %s %s', 'LC_ALLL': 'en_US.UTF-8', 'ROS_AUTOMATIC_DISCOVERY_RANGE': 'SUBNET', 'VSCODE_GIT_ASKPASS_EXTRA_ARGS': '', 'PWD': '/home/orsted/AGV_EEPIS/build/slam', 'XDG_CONFIG_DIRS': '/etc/xdg/xdg-xfce:/etc/xdg', 'SSH_CONNECTION': '192.168.137.1 53332 192.168.137.60 22', 'XDG_DATA_DIRS': '/usr/share/xfce4:/usr/share:/usr/local/share:/usr/share', 'PYTHONPATH': '/home/orsted/AGV_EEPIS/build/slam/prefix_override:/usr/lib/python3/dist-packages/colcon_core/task/python/colcon_distutils_commands:/home/orsted/AGV_EEPIS/install/slam/lib/python3.12/site-packages:/home/orsted/AGV_EEPIS/build/ultrasonic:/home/orsted/AGV_EEPIS/install/ultrasonic/lib/python3.12/site-packages:/home/orsted/AGV_EEPIS/build/system:/home/orsted/AGV_EEPIS/install/system/lib/python3.12/site-packages:/home/orsted/AGV_EEPIS/build/slam:/home/orsted/AGV_EEPIS/install/slam/lib/python3.12/site-packages:/home/orsted/AGV_EEPIS/build/remote:/home/orsted/AGV_EEPIS/install/remote/lib/python3.12/site-packages:/home/orsted/AGV_EEPIS/build/drive_controller:/home/orsted/AGV_EEPIS/install/drive_controller/lib/python3.12/site-packages:/home/orsted/AGV_EEPIS/build/ddmr_description:/home/orsted/AGV_EEPIS/install/ddmr_description/lib/python3.12/site-packages:/home/orsted/AGV_EEPIS/build/canbus:/home/orsted/AGV_EEPIS/install/canbus/lib/python3.12/site-packages:/home/orsted/AGV_EEPIS/build/bringup:/home/orsted/AGV_EEPIS/install/bringup/lib/python3.12/site-packages:/home/orsted/AGV_EEPIS/build/agv_description:/home/orsted/AGV_EEPIS/install/agv_description/lib/python3.12/site-packages:/opt/ros/jazzy/lib/python3.12/site-packages', 'COLCON': '1', 'VTE_VERSION': '7600', 'CMAKE_PREFIX_PATH': '/home/orsted/AGV_EEPIS/install/ascamera:/opt/ros/jazzy/opt/gz_sim_vendor:/opt/ros/jazzy/opt/gz_sensors_vendor:/opt/ros/jazzy/opt/gz_physics_vendor:/opt/ros/jazzy/opt/sdformat_vendor:/opt/ros/jazzy/opt/gz_gui_vendor:/opt/ros/jazzy/opt/gz_transport_vendor:/opt/ros/jazzy/opt/gz_rendering_vendor:/opt/ros/jazzy/opt/gz_plugin_vendor:/opt/ros/jazzy/opt/gz_fuel_tools_vendor:/opt/ros/jazzy/opt/gz_msgs_vendor:/opt/ros/jazzy/opt/gz_common_vendor:/opt/ros/jazzy/opt/gz_math_vendor:/opt/ros/jazzy/opt/gz_utils_vendor:/opt/ros/jazzy/opt/gz_tools_vendor:/opt/ros/jazzy/opt/gz_ogre_next_vendor:/opt/ros/jazzy/opt/gz_dartsim_vendor:/opt/ros/jazzy/opt/gz_cmake_vendor'}, 'shell': False}
[16.248996] (-) TimerEvent: {}
[16.350017] (-) TimerEvent: {}
[16.451340] (-) TimerEvent: {}
[16.554796] (-) TimerEvent: {}
[16.655883] (-) TimerEvent: {}
[16.756877] (-) TimerEvent: {}
[16.801932] (ascamera) StdoutLine: {'line': b'-- Found PCL_COMMON: /usr/lib/aarch64-linux-gnu/libpcl_common.so  \n'}
[16.808954] (ascamera) StdoutLine: {'line': b'-- Found PCL_KDTREE: /usr/lib/aarch64-linux-gnu/libpcl_kdtree.so  \n'}
[16.809655] (ascamera) StdoutLine: {'line': b'-- Found PCL_OCTREE: /usr/lib/aarch64-linux-gnu/libpcl_octree.so  \n'}
[16.812201] (ascamera) StdoutLine: {'line': b'-- Found PCL_SEARCH: /usr/lib/aarch64-linux-gnu/libpcl_search.so  \n'}
[16.815606] (ascamera) StdoutLine: {'line': b'-- Found PCL_SAMPLE_CONSENSUS: /usr/lib/aarch64-linux-gnu/libpcl_sample_consensus.so  \n'}
[16.818875] (ascamera) StdoutLine: {'line': b'-- Found PCL_FILTERS: /usr/lib/aarch64-linux-gnu/libpcl_filters.so  \n'}
[16.820293] (ascamera) StdoutLine: {'line': b'-- Found PCL_2D: /usr/include/pcl-1.14  \n'}
[16.821530] (ascamera) StdoutLine: {'line': b'-- Found PCL_GEOMETRY: /usr/include/pcl-1.14  \n'}
[16.824260] (ascamera) StdoutLine: {'line': b'-- Found PCL_IO: /usr/lib/aarch64-linux-gnu/libpcl_io.so  \n'}
[16.827193] (ascamera) StdoutLine: {'line': b'-- Found PCL_FEATURES: /usr/lib/aarch64-linux-gnu/libpcl_features.so  \n'}
[16.830080] (ascamera) StdoutLine: {'line': b'-- Found PCL_ML: /usr/lib/aarch64-linux-gnu/libpcl_ml.so  \n'}
[16.832614] (ascamera) StdoutLine: {'line': b'-- Found PCL_SEGMENTATION: /usr/lib/aarch64-linux-gnu/libpcl_segmentation.so  \n'}
[16.835816] (ascamera) StdoutLine: {'line': b'-- Found PCL_VISUALIZATION: /usr/lib/aarch64-linux-gnu/libpcl_visualization.so  \n'}
[16.839197] (ascamera) StdoutLine: {'line': b'-- Found PCL_SURFACE: /usr/lib/aarch64-linux-gnu/libpcl_surface.so  \n'}
[16.842236] (ascamera) StdoutLine: {'line': b'-- Found PCL_REGISTRATION: /usr/lib/aarch64-linux-gnu/libpcl_registration.so  \n'}
[16.845227] (ascamera) StdoutLine: {'line': b'-- Found PCL_KEYPOINTS: /usr/lib/aarch64-linux-gnu/libpcl_keypoints.so  \n'}
[16.848218] (ascamera) StdoutLine: {'line': b'-- Found PCL_TRACKING: /usr/lib/aarch64-linux-gnu/libpcl_tracking.so  \n'}
[16.851183] (ascamera) StdoutLine: {'line': b'-- Found PCL_RECOGNITION: /usr/lib/aarch64-linux-gnu/libpcl_recognition.so  \n'}
[16.854488] (ascamera) StdoutLine: {'line': b'-- Found PCL_STEREO: /usr/lib/aarch64-linux-gnu/libpcl_stereo.so  \n'}
[16.856998] (-) TimerEvent: {}
[16.861097] (ascamera) StdoutLine: {'line': b'-- Found PCL_APPS: /usr/lib/aarch64-linux-gnu/libpcl_apps.so  \n'}
[16.861856] (ascamera) StdoutLine: {'line': b'-- Found PCL_IN_HAND_SCANNER: /usr/include/pcl-1.14  \n'}
[16.862334] (ascamera) StdoutLine: {'line': b'-- Found PCL_MODELER: /usr/include/pcl-1.14  \n'}
[16.865213] (ascamera) StdoutLine: {'line': b'-- Found PCL_POINT_CLOUD_EDITOR: /usr/include/pcl-1.14  \n'}
[16.869679] (ascamera) StdoutLine: {'line': b'-- Found PCL_OUTOFCORE: /usr/lib/aarch64-linux-gnu/libpcl_outofcore.so  \n'}
[16.872201] (ascamera) StdoutLine: {'line': b'-- Found PCL_PEOPLE: /usr/lib/aarch64-linux-gnu/libpcl_people.so  \n'}
[16.878415] (ascamera) StderrLine: {'line': b'\x1b[33mCMake Warning (dev) at CMakeLists.txt:40 (find_package):\n'}
[16.878817] (ascamera) StderrLine: {'line': b'  Policy CMP0074 is not set: find_package uses <PackageName>_ROOT variables.\n'}
[16.879083] (ascamera) StderrLine: {'line': b'  Run "cmake --help-policy CMP0074" for policy details.  Use the cmake_policy\n'}
[16.879331] (ascamera) StderrLine: {'line': b'  command to set the policy and suppress this warning.\n'}
[16.879561] (ascamera) StderrLine: {'line': b'\n'}
[16.879733] (ascamera) StderrLine: {'line': b'  CMake variable PCL_ROOT is set to:\n'}
[16.879941] (ascamera) StderrLine: {'line': b'\n'}
[16.880091] (ascamera) StderrLine: {'line': b'    /usr\n'}
[16.880239] (ascamera) StderrLine: {'line': b'\n'}
[16.880387] (ascamera) StderrLine: {'line': b'  For compatibility, CMake is ignoring the variable.\n'}
[16.880537] (ascamera) StderrLine: {'line': b'This warning is for project developers.  Use -Wno-dev to suppress it.\n'}
[16.880688] (ascamera) StderrLine: {'line': b'\x1b[0m\n'}
[16.918224] (ascamera) StdoutLine: {'line': b'-- Found tf2: 0.36.21 (/opt/ros/jazzy/share/tf2/cmake)\n'}
[16.940321] (ascamera) StdoutLine: {'line': b'-- Found tf2_ros: 0.36.21 (/opt/ros/jazzy/share/tf2_ros/cmake)\n'}
[16.957185] (-) TimerEvent: {}
[17.027844] (system) StdoutLine: {'line': b'running develop\n'}
[17.057372] (-) TimerEvent: {}
[17.126073] (remote) StdoutLine: {'line': b'running develop\n'}
[17.126882] (ultrasonic) StdoutLine: {'line': b'running develop\n'}
[17.157574] (-) TimerEvent: {}
[17.202688] (slam) StdoutLine: {'line': b'running develop\n'}
[17.260926] (-) TimerEvent: {}
[17.361759] (-) TimerEvent: {}
[17.391491] (ascamera) StdoutLine: {'line': b'-- Found ament_lint_auto: 0.17.5 (/opt/ros/jazzy/share/ament_lint_auto/cmake)\n'}
[17.461971] (-) TimerEvent: {}
[17.567747] (-) TimerEvent: {}
[17.623432] (system) StdoutLine: {'line': b'running egg_info\n'}
[17.624240] (system) StdoutLine: {'line': b'creating system.egg-info\n'}
[17.667958] (-) TimerEvent: {}
[17.683686] (system) StdoutLine: {'line': b'writing system.egg-info/PKG-INFO\n'}
[17.684933] (system) StdoutLine: {'line': b'writing dependency_links to system.egg-info/dependency_links.txt\n'}
[17.685743] (system) StdoutLine: {'line': b'writing requirements to system.egg-info/requires.txt\n'}
[17.688187] (system) StdoutLine: {'line': b'writing top-level names to system.egg-info/top_level.txt\n'}
[17.688663] (system) StdoutLine: {'line': b"writing manifest file 'system.egg-info/SOURCES.txt'\n"}
[17.713691] (remote) StdoutLine: {'line': b'running egg_info\n'}
[17.714949] (remote) StdoutLine: {'line': b'creating remote.egg-info\n'}
[17.719607] (ultrasonic) StdoutLine: {'line': b'running egg_info\n'}
[17.727033] (ultrasonic) StdoutLine: {'line': b'creating ultrasonic.egg-info\n'}
[17.768189] (-) TimerEvent: {}
[17.773768] (remote) StdoutLine: {'line': b'writing remote.egg-info/PKG-INFO\n'}
[17.781105] (remote) StdoutLine: {'line': b'writing dependency_links to remote.egg-info/dependency_links.txt\n'}
[17.781748] (remote) StdoutLine: {'line': b'writing entry points to remote.egg-info/entry_points.txt\n'}
[17.781946] (remote) StdoutLine: {'line': b'writing requirements to remote.egg-info/requires.txt\n'}
[17.782121] (remote) StdoutLine: {'line': b'writing top-level names to remote.egg-info/top_level.txt\n'}
[17.782328] (remote) StdoutLine: {'line': b"writing manifest file 'remote.egg-info/SOURCES.txt'\n"}
[17.782824] (ultrasonic) StdoutLine: {'line': b'writing ultrasonic.egg-info/PKG-INFO\n'}
[17.783604] (ultrasonic) StdoutLine: {'line': b'writing dependency_links to ultrasonic.egg-info/dependency_links.txt\n'}
[17.784088] (ultrasonic) StdoutLine: {'line': b'writing requirements to ultrasonic.egg-info/requires.txt\n'}
[17.784566] (ultrasonic) StdoutLine: {'line': b'writing top-level names to ultrasonic.egg-info/top_level.txt\n'}
[17.785228] (ultrasonic) StdoutLine: {'line': b"writing manifest file 'ultrasonic.egg-info/SOURCES.txt'\n"}
[17.807683] (system) StdoutLine: {'line': b"reading manifest file 'system.egg-info/SOURCES.txt'\n"}
[17.808353] (system) StdoutLine: {'line': b"writing manifest file 'system.egg-info/SOURCES.txt'\n"}
[17.808556] (slam) StdoutLine: {'line': b'running egg_info\n'}
[17.808825] (slam) StdoutLine: {'line': b'creating slam.egg-info\n'}
[17.868080] (slam) StdoutLine: {'line': b'writing slam.egg-info/PKG-INFO\n'}
[17.868752] (-) TimerEvent: {}
[17.871553] (slam) StdoutLine: {'line': b'writing dependency_links to slam.egg-info/dependency_links.txt\n'}
[17.872136] (slam) StdoutLine: {'line': b'writing requirements to slam.egg-info/requires.txt\n'}
[17.872374] (slam) StdoutLine: {'line': b'writing top-level names to slam.egg-info/top_level.txt\n'}
[17.872541] (slam) StdoutLine: {'line': b"writing manifest file 'slam.egg-info/SOURCES.txt'\n"}
[17.872699] (system) StdoutLine: {'line': b'running build_ext\n'}
[17.874894] (system) StdoutLine: {'line': b'Creating /home/orsted/AGV_EEPIS/install/system/lib/python3.12/site-packages/system.egg-link (link to .)\n'}
[17.875140] (system) StdoutLine: {'line': b'\n'}
[17.875307] (system) StdoutLine: {'line': b'Installed /home/orsted/AGV_EEPIS/build/system\n'}
[17.875460] (system) StdoutLine: {'line': b'running symlink_data\n'}
[17.875607] (system) StdoutLine: {'line': b'creating /home/orsted/AGV_EEPIS/install/system/share/ament_index\n'}
[17.875756] (system) StdoutLine: {'line': b'creating /home/orsted/AGV_EEPIS/install/system/share/ament_index/resource_index\n'}
[17.875903] (system) StdoutLine: {'line': b'creating /home/orsted/AGV_EEPIS/install/system/share/ament_index/resource_index/packages\n'}
[17.876047] (system) StdoutLine: {'line': b'symbolically linking /home/orsted/AGV_EEPIS/build/system/resource/system -> /home/orsted/AGV_EEPIS/install/system/share/ament_index/resource_index/packages\n'}
[17.876196] (system) StdoutLine: {'line': b'symbolically linking /home/orsted/AGV_EEPIS/build/system/package.xml -> /home/orsted/AGV_EEPIS/install/system/share/system\n'}
[17.899107] (remote) StdoutLine: {'line': b"reading manifest file 'remote.egg-info/SOURCES.txt'\n"}
[17.899901] (remote) StdoutLine: {'line': b"writing manifest file 'remote.egg-info/SOURCES.txt'\n"}
[17.906532] (ultrasonic) StdoutLine: {'line': b"reading manifest file 'ultrasonic.egg-info/SOURCES.txt'\n"}
[17.909016] (ultrasonic) StdoutLine: {'line': b"writing manifest file 'ultrasonic.egg-info/SOURCES.txt'\n"}
[17.922588] (ascamera) StdoutLine: {'line': b"-- Added test 'copyright' to check source files copyright and LICENSE\n"}
[17.933561] (ascamera) StdoutLine: {'line': b"-- Added test 'cppcheck' to perform static code analysis on C / C++ code\n"}
[17.934174] (ascamera) StdoutLine: {'line': b'-- Configured cppcheck include dirs: /home/orsted/AGV_EEPIS/src/ascamera/include;/home/orsted/AGV_EEPIS/src/ascamera/libs/include;$<BUILD_INTERFACE:/home/orsted/AGV_EEPIS/src/ascamera/include>\n'}
[17.934424] (ascamera) StdoutLine: {'line': b'-- Configured cppcheck exclude dirs and/or files: \n'}
[17.941780] (ascamera) StdoutLine: {'line': b"-- Added test 'cpplint' to check C / C++ code against the Google style\n"}
[17.942348] (ascamera) StdoutLine: {'line': b'-- Configured cpplint exclude dirs and/or files: \n'}
[17.950620] (ascamera) StdoutLine: {'line': b"-- Added test 'flake8' to check Python code syntax and style conventions\n"}
[17.951216] (ascamera) StdoutLine: {'line': b"-- Configured 'flake8' exclude dirs and/or files: \n"}
[17.955652] (ascamera) StdoutLine: {'line': b"-- Added test 'lint_cmake' to check CMake code style\n"}
[17.959653] (ascamera) StdoutLine: {'line': b"-- Added test 'pep257' to check Python code against some of the docstring style conventions in PEP 257\n"}
[17.964142] (remote) StdoutLine: {'line': b'running build_ext\n'}
[17.964798] (remote) StdoutLine: {'line': b'Creating /home/orsted/AGV_EEPIS/install/remote/lib/python3.12/site-packages/remote.egg-link (link to .)\n'}
[17.966782] (remote) StdoutLine: {'line': b'Installing radio_node script to /home/orsted/AGV_EEPIS/install/remote/lib/remote\n'}
[17.967701] (remote) StdoutLine: {'line': b'\n'}
[17.967932] (remote) StdoutLine: {'line': b'Installed /home/orsted/AGV_EEPIS/build/remote\n'}
[17.968208] (remote) StdoutLine: {'line': b'running symlink_data\n'}
[17.968617] (remote) StdoutLine: {'line': b'creating /home/orsted/AGV_EEPIS/install/remote/share/ament_index\n'}
[17.968920] (-) TimerEvent: {}
[17.969274] (ascamera) StdoutLine: {'line': b"-- Added test 'uncrustify' to check C / C++ code style\n"}
[17.969515] (ascamera) StdoutLine: {'line': b'-- Configured uncrustify additional arguments: \n'}
[17.969703] (remote) StdoutLine: {'line': b'creating /home/orsted/AGV_EEPIS/install/remote/share/ament_index/resource_index\n'}
[17.972326] (remote) StdoutLine: {'line': b'creating /home/orsted/AGV_EEPIS/install/remote/share/ament_index/resource_index/packages\n'}
[17.972517] (remote) StdoutLine: {'line': b'symbolically linking /home/orsted/AGV_EEPIS/build/remote/resource/remote -> /home/orsted/AGV_EEPIS/install/remote/share/ament_index/resource_index/packages\n'}
[17.972684] (remote) StdoutLine: {'line': b'symbolically linking /home/orsted/AGV_EEPIS/build/remote/package.xml -> /home/orsted/AGV_EEPIS/install/remote/share/remote\n'}
[17.975448] (remote) StdoutLine: {'line': b'creating /home/orsted/AGV_EEPIS/install/remote/share/remote/launch\n'}
[17.976757] (remote) StdoutLine: {'line': b'symbolically linking /home/orsted/AGV_EEPIS/build/remote/launch/ps4_remote.launch.py -> /home/orsted/AGV_EEPIS/install/remote/share/remote/launch\n'}
[17.977010] (remote) StdoutLine: {'line': b'symbolically linking /home/orsted/AGV_EEPIS/build/remote/launch/radiomaster_ER6.launch.py -> /home/orsted/AGV_EEPIS/install/remote/share/remote/launch\n'}
[17.977180] (remote) StdoutLine: {'line': b'creating /home/orsted/AGV_EEPIS/install/remote/share/remote/params\n'}
[17.977341] (remote) StdoutLine: {'line': b'symbolically linking /home/orsted/AGV_EEPIS/build/remote/params/ps4_teleop.yaml -> /home/orsted/AGV_EEPIS/install/remote/share/remote/params\n'}
[17.978231] (ultrasonic) StdoutLine: {'line': b'running build_ext\n'}
[17.978666] (ultrasonic) StdoutLine: {'line': b'Creating /home/orsted/AGV_EEPIS/install/ultrasonic/lib/python3.12/site-packages/ultrasonic.egg-link (link to .)\n'}
[17.978849] (ascamera) StdoutLine: {'line': b"-- Added test 'xmllint' to check XML markup files\n"}
[17.979742] (ultrasonic) StdoutLine: {'line': b'\n'}
[17.982408] (ultrasonic) StdoutLine: {'line': b'Installed /home/orsted/AGV_EEPIS/build/ultrasonic\n'}
[17.983138] (ultrasonic) StdoutLine: {'line': b'running symlink_data\n'}
[17.983329] (ultrasonic) StdoutLine: {'line': b'creating /home/orsted/AGV_EEPIS/install/ultrasonic/share/ament_index\n'}
[17.983491] (ultrasonic) StdoutLine: {'line': b'creating /home/orsted/AGV_EEPIS/install/ultrasonic/share/ament_index/resource_index\n'}
[17.983650] (ultrasonic) StdoutLine: {'line': b'creating /home/orsted/AGV_EEPIS/install/ultrasonic/share/ament_index/resource_index/packages\n'}
[17.983800] (ultrasonic) StdoutLine: {'line': b'symbolically linking /home/orsted/AGV_EEPIS/build/ultrasonic/resource/ultrasonic -> /home/orsted/AGV_EEPIS/install/ultrasonic/share/ament_index/resource_index/packages\n'}
[17.983958] (ultrasonic) StdoutLine: {'line': b'symbolically linking /home/orsted/AGV_EEPIS/build/ultrasonic/package.xml -> /home/orsted/AGV_EEPIS/install/ultrasonic/share/ultrasonic\n'}
[17.984108] (ascamera) StdoutLine: {'line': b'-- Configuring done (16.9s)\n'}
[17.995590] (slam) StdoutLine: {'line': b"reading manifest file 'slam.egg-info/SOURCES.txt'\n"}
[17.997480] (slam) StdoutLine: {'line': b"writing manifest file 'slam.egg-info/SOURCES.txt'\n"}
[18.066971] (slam) StdoutLine: {'line': b'running build_ext\n'}
[18.067931] (slam) StdoutLine: {'line': b'Creating /home/orsted/AGV_EEPIS/install/slam/lib/python3.12/site-packages/slam.egg-link (link to .)\n'}
[18.069062] (-) TimerEvent: {}
[18.069913] (slam) StdoutLine: {'line': b'\n'}
[18.070716] (slam) StdoutLine: {'line': b'Installed /home/orsted/AGV_EEPIS/build/slam\n'}
[18.071290] (slam) StdoutLine: {'line': b'running symlink_data\n'}
[18.072110] (slam) StdoutLine: {'line': b'creating /home/orsted/AGV_EEPIS/install/slam/share/ament_index\n'}
[18.072295] (slam) StdoutLine: {'line': b'creating /home/orsted/AGV_EEPIS/install/slam/share/ament_index/resource_index\n'}
[18.072463] (slam) StdoutLine: {'line': b'creating /home/orsted/AGV_EEPIS/install/slam/share/ament_index/resource_index/packages\n'}
[18.072618] (slam) StdoutLine: {'line': b'symbolically linking /home/orsted/AGV_EEPIS/build/slam/resource/slam -> /home/orsted/AGV_EEPIS/install/slam/share/ament_index/resource_index/packages\n'}
[18.074586] (slam) StdoutLine: {'line': b'symbolically linking /home/orsted/AGV_EEPIS/build/slam/package.xml -> /home/orsted/AGV_EEPIS/install/slam/share/slam\n'}
[18.074888] (slam) StdoutLine: {'line': b'creating /home/orsted/AGV_EEPIS/install/slam/share/slam/launch\n'}
[18.075057] (slam) StdoutLine: {'line': b'symbolically linking /home/orsted/AGV_EEPIS/build/slam/launch/slam.launch.py -> /home/orsted/AGV_EEPIS/install/slam/share/slam/launch\n'}
[18.075216] (slam) StdoutLine: {'line': b'creating /home/orsted/AGV_EEPIS/install/slam/share/slam/config\n'}
[18.075364] (slam) StdoutLine: {'line': b'symbolically linking /home/orsted/AGV_EEPIS/build/slam/config/display.rviz -> /home/orsted/AGV_EEPIS/install/slam/share/slam/config\n'}
[18.075512] (slam) StdoutLine: {'line': b'symbolically linking /home/orsted/AGV_EEPIS/build/slam/config/rtabmap_param.yaml -> /home/orsted/AGV_EEPIS/install/slam/share/slam/config\n'}
[18.085163] (system) CommandEnded: {'returncode': 0}
[18.107628] (system) JobEnded: {'identifier': 'system', 'rc': 0}
[18.169429] (-) TimerEvent: {}
[18.187257] (remote) CommandEnded: {'returncode': 0}
[18.217428] (remote) JobEnded: {'identifier': 'remote', 'rc': 0}
[18.226102] (ultrasonic) CommandEnded: {'returncode': 0}
[18.235035] (ascamera) StdoutLine: {'line': b'-- Generating done (0.2s)\n'}
[18.253990] (ultrasonic) JobEnded: {'identifier': 'ultrasonic', 'rc': 0}
[18.257405] (ascamera) StdoutLine: {'line': b'-- Build files have been written to: /home/orsted/AGV_EEPIS/build/ascamera\n'}
[18.269678] (-) TimerEvent: {}
[18.324891] (slam) CommandEnded: {'returncode': 0}
[18.355091] (slam) JobEnded: {'identifier': 'slam', 'rc': 0}
[18.369776] (-) TimerEvent: {}
[18.381253] (ascamera) CommandEnded: {'returncode': 0}
[18.384250] (ascamera) JobProgress: {'identifier': 'ascamera', 'progress': 'build'}
[18.387481] (ascamera) Command: {'cmd': ['/usr/bin/cmake', '--build', '/home/orsted/AGV_EEPIS/build/ascamera', '--', '-j6', '-l6'], 'cwd': '/home/orsted/AGV_EEPIS/build/ascamera', 'env': OrderedDict({'VNCDESKTOP': 'orsted:2 (orsted)', 'LESSOPEN': '| /usr/bin/lesspipe %s', 'GZ_SIM_RESOURCE_PATH': '/opt/ros/jazzy/share', 'USER': 'orsted', 'SSH_CLIENT': '192.168.137.1 53332 22', 'GZ_CONFIG_PATH': '/opt/ros/jazzy/opt/gz_sim_vendor/share/gz:/opt/ros/jazzy/opt/sdformat_vendor/share/gz:/opt/ros/jazzy/opt/gz_gui_vendor/share/gz:/opt/ros/jazzy/opt/gz_transport_vendor/share/gz:/opt/ros/jazzy/opt/gz_rendering_vendor/share/gz:/opt/ros/jazzy/opt/gz_plugin_vendor/share/gz:/opt/ros/jazzy/opt/gz_fuel_tools_vendor/share/gz:/opt/ros/jazzy/opt/gz_msgs_vendor/share/gz:/opt/ros/jazzy/opt/gz_common_vendor/share/gz', 'SSH_AGENT_PID': '10784', 'XDG_SESSION_TYPE': 'x11', 'GIT_ASKPASS': '/home/orsted/.vscode-server/cli/servers/Stable-7debcd0e2acdea1c52de81bf9ee1620444407dda/server/extensions/git/dist/askpass.sh', 'SHLVL': '1', 'LD_LIBRARY_PATH': '/usr/local/cuda-13.2/lib64:/usr/local/cuda-13.2/lib64:/opt/ros/jazzy/opt/gz_sim_vendor/lib:/opt/ros/jazzy/opt/gz_sensors_vendor/lib:/opt/ros/jazzy/opt/gz_physics_vendor/lib:/opt/ros/jazzy/opt/sdformat_vendor/lib:/opt/ros/jazzy/opt/rviz_ogre_vendor/lib:/opt/ros/jazzy/lib/aarch64-linux-gnu:/opt/ros/jazzy/opt/gz_gui_vendor/lib:/opt/ros/jazzy/opt/gz_transport_vendor/lib:/opt/ros/jazzy/opt/gz_rendering_vendor/lib:/opt/ros/jazzy/opt/gz_plugin_vendor/lib:/opt/ros/jazzy/opt/gz_fuel_tools_vendor/lib:/opt/ros/jazzy/opt/gz_msgs_vendor/lib:/opt/ros/jazzy/opt/gz_common_vendor/lib:/opt/ros/jazzy/opt/gz_math_vendor/lib:/opt/ros/jazzy/opt/gz_utils_vendor/lib:/opt/ros/jazzy/opt/gz_tools_vendor/lib:/opt/ros/jazzy/opt/gz_ogre_next_vendor/lib:/opt/ros/jazzy/opt/gz_dartsim_vendor/lib:/opt/ros/jazzy/opt/gz_cmake_vendor/lib:/opt/ros/jazzy/lib:/usr/local/cuda-13.2/lib64:', 'BROWSER': '/home/orsted/.vscode-server/cli/servers/Stable-7debcd0e2acdea1c52de81bf9ee1620444407dda/server/bin/helpers/browser.sh', 'HOME': '/home/orsted', 'OLDPWD': '/home/orsted/AGV_EEPIS/src', 'DESKTOP_SESSION': 'xfce', 'VSCODE_IPC_HOOK_CLI': '/run/user/1000/vscode-ipc-44767e89-1da2-4643-874b-5655943ea067.sock', 'PANEL_GDK_CORE_DEVICE_EVENTS': '0', 'ROS_PYTHON_VERSION': '3', 'VSCODE_GIT_ASKPASS_MAIN': '/home/orsted/.vscode-server/cli/servers/Stable-7debcd0e2acdea1c52de81bf9ee1620444407dda/server/extensions/git/dist/askpass-main.js', 'VSCODE_GIT_ASKPASS_NODE': '/home/orsted/.vscode-server/cli/servers/Stable-7debcd0e2acdea1c52de81bf9ee1620444407dda/server/node', 'VSCODE_PYTHON_AUTOACTIVATE_GUARD': '1', 'DBUS_SESSION_BUS_ADDRESS': 'unix:path=/tmp/dbus-aH40qulzBC,guid=8a9873ed7292459bb0f2d7806ab0a8ad', 'COLORTERM': 'truecolor', 'DEBUGINFOD_URLS': 'https://debuginfod.ubuntu.com', 'COLCON_PREFIX_PATH': '/home/orsted/AGV_EEPIS/install', 'ROS_DISTRO': 'jazzy', 'LOGNAME': 'orsted', '_': '/usr/bin/colcon', 'ROS_VERSION': '2', 'XDG_SESSION_CLASS': 'user', 'TERM': 'xterm-256color', 'XDG_SESSION_ID': '6', 'PATH': '/usr/local/cuda-13.2/bin:/usr/local/cuda-13.2/bin:/home/orsted/.vscode-server/cli/servers/Stable-7debcd0e2acdea1c52de81bf9ee1620444407dda/server/bin/remote-cli:/opt/ros/jazzy/opt/gz_msgs_vendor/bin:/opt/ros/jazzy/opt/gz_tools_vendor/bin:/opt/ros/jazzy/opt/gz_ogre_next_vendor/bin:/opt/ros/jazzy/bin:/usr/local/cuda-13.2/bin:/usr/local/sbin:/usr/local/bin:/usr/sbin:/usr/bin:/sbin:/bin:/usr/games:/usr/local/games:/snap/bin', 'SESSION_MANAGER': 'local/orsted:@/tmp/.ICE-unix/10707,unix/orsted:/tmp/.ICE-unix/10707', 'XDG_MENU_PREFIX': 'xfce-', 'GNOME_TERMINAL_SCREEN': '/org/gnome/Terminal/screen/ccfd79fd_eff2_4914_9038_d797c5196fe9', 'XDG_RUNTIME_DIR': '/run/user/1000', 'DISPLAY': ':2.0', 'LANG': 'en_US.UTF-8', 'XDG_CURRENT_DESKTOP': 'XFCE', 'LS_COLORS': 'rs=0:di=01;34:ln=01;36:mh=00:pi=40;33:so=01;35:do=01;35:bd=40;33;01:cd=40;33;01:or=40;31;01:mi=00:su=37;41:sg=30;43:ca=00:tw=30;42:ow=34;42:st=37;44:ex=01;32:*.tar=01;31:*.tgz=01;31:*.arc=01;31:*.arj=01;31:*.taz=01;31:*.lha=01;31:*.lz4=01;31:*.lzh=01;31:*.lzma=01;31:*.tlz=01;31:*.txz=01;31:*.tzo=01;31:*.t7z=01;31:*.zip=01;31:*.z=01;31:*.dz=01;31:*.gz=01;31:*.lrz=01;31:*.lz=01;31:*.lzo=01;31:*.xz=01;31:*.zst=01;31:*.tzst=01;31:*.bz2=01;31:*.bz=01;31:*.tbz=01;31:*.tbz2=01;31:*.tz=01;31:*.deb=01;31:*.rpm=01;31:*.jar=01;31:*.war=01;31:*.ear=01;31:*.sar=01;31:*.rar=01;31:*.alz=01;31:*.ace=01;31:*.zoo=01;31:*.cpio=01;31:*.7z=01;31:*.rz=01;31:*.cab=01;31:*.wim=01;31:*.swm=01;31:*.dwm=01;31:*.esd=01;31:*.avif=01;35:*.jpg=01;35:*.jpeg=01;35:*.mjpg=01;35:*.mjpeg=01;35:*.gif=01;35:*.bmp=01;35:*.pbm=01;35:*.pgm=01;35:*.ppm=01;35:*.tga=01;35:*.xbm=01;35:*.xpm=01;35:*.tif=01;35:*.tiff=01;35:*.png=01;35:*.svg=01;35:*.svgz=01;35:*.mng=01;35:*.pcx=01;35:*.mov=01;35:*.mpg=01;35:*.mpeg=01;35:*.m2v=01;35:*.mkv=01;35:*.webm=01;35:*.webp=01;35:*.ogm=01;35:*.mp4=01;35:*.m4v=01;35:*.mp4v=01;35:*.vob=01;35:*.qt=01;35:*.nuv=01;35:*.wmv=01;35:*.asf=01;35:*.rm=01;35:*.rmvb=01;35:*.flc=01;35:*.avi=01;35:*.fli=01;35:*.flv=01;35:*.gl=01;35:*.dl=01;35:*.xcf=01;35:*.xwd=01;35:*.yuv=01;35:*.cgm=01;35:*.emf=01;35:*.ogv=01;35:*.ogx=01;35:*.aac=00;36:*.au=00;36:*.flac=00;36:*.m4a=00;36:*.mid=00;36:*.midi=00;36:*.mka=00;36:*.mp3=00;36:*.mpc=00;36:*.ogg=00;36:*.ra=00;36:*.wav=00;36:*.oga=00;36:*.opus=00;36:*.spx=00;36:*.xspf=00;36:*~=00;90:*#=00;90:*.bak=00;90:*.crdownload=00;90:*.dpkg-dist=00;90:*.dpkg-new=00;90:*.dpkg-old=00;90:*.dpkg-tmp=00;90:*.old=00;90:*.orig=00;90:*.part=00;90:*.rej=00;90:*.rpmnew=00;90:*.rpmorig=00;90:*.rpmsave=00;90:*.swp=00;90:*.tmp=00;90:*.ucf-dist=00;90:*.ucf-new=00;90:*.ucf-old=00;90:', 'VSCODE_GIT_IPC_HANDLE': '/run/user/1000/vscode-git-f13100ddb5.sock', 'GNOME_TERMINAL_SERVICE': ':1.76', 'SSH_AUTH_SOCK': '/tmp/ssh-HN1t1rbN5aul/agent.10783', 'AMENT_PREFIX_PATH': '/home/orsted/AGV_EEPIS/install/ultrasonic:/home/orsted/AGV_EEPIS/install/system:/home/orsted/AGV_EEPIS/install/slam:/home/orsted/AGV_EEPIS/install/remote:/home/orsted/AGV_EEPIS/install/drive_controller:/home/orsted/AGV_EEPIS/install/ddmr_description:/home/orsted/AGV_EEPIS/install/canbus:/home/orsted/AGV_EEPIS/install/bringup:/home/orsted/AGV_EEPIS/install/ascamera:/home/orsted/AGV_EEPIS/install/agv_description:/opt/ros/jazzy', 'SHELL': '/bin/bash', 'LESSCLOSE': '/usr/bin/lesspipe %s %s', 'LC_ALLL': 'en_US.UTF-8', 'ROS_AUTOMATIC_DISCOVERY_RANGE': 'SUBNET', 'VSCODE_GIT_ASKPASS_EXTRA_ARGS': '', 'PWD': '/home/orsted/AGV_EEPIS/build/ascamera', 'XDG_CONFIG_DIRS': '/etc/xdg/xdg-xfce:/etc/xdg', 'SSH_CONNECTION': '192.168.137.1 53332 192.168.137.60 22', 'XDG_DATA_DIRS': '/usr/share/xfce4:/usr/share:/usr/local/share:/usr/share', 'PYTHONPATH': '/home/orsted/AGV_EEPIS/build/ultrasonic:/home/orsted/AGV_EEPIS/install/ultrasonic/lib/python3.12/site-packages:/home/orsted/AGV_EEPIS/build/system:/home/orsted/AGV_EEPIS/install/system/lib/python3.12/site-packages:/home/orsted/AGV_EEPIS/build/slam:/home/orsted/AGV_EEPIS/install/slam/lib/python3.12/site-packages:/home/orsted/AGV_EEPIS/build/remote:/home/orsted/AGV_EEPIS/install/remote/lib/python3.12/site-packages:/home/orsted/AGV_EEPIS/build/drive_controller:/home/orsted/AGV_EEPIS/install/drive_controller/lib/python3.12/site-packages:/home/orsted/AGV_EEPIS/build/ddmr_description:/home/orsted/AGV_EEPIS/install/ddmr_description/lib/python3.12/site-packages:/home/orsted/AGV_EEPIS/build/canbus:/home/orsted/AGV_EEPIS/install/canbus/lib/python3.12/site-packages:/home/orsted/AGV_EEPIS/build/bringup:/home/orsted/AGV_EEPIS/install/bringup/lib/python3.12/site-packages:/home/orsted/AGV_EEPIS/build/agv_description:/home/orsted/AGV_EEPIS/install/agv_description/lib/python3.12/site-packages:/opt/ros/jazzy/lib/python3.12/site-packages', 'COLCON': '1', 'VTE_VERSION': '7600', 'CMAKE_PREFIX_PATH': '/home/orsted/AGV_EEPIS/install/ascamera:/opt/ros/jazzy/opt/gz_sim_vendor:/opt/ros/jazzy/opt/gz_sensors_vendor:/opt/ros/jazzy/opt/gz_physics_vendor:/opt/ros/jazzy/opt/sdformat_vendor:/opt/ros/jazzy/opt/gz_gui_vendor:/opt/ros/jazzy/opt/gz_transport_vendor:/opt/ros/jazzy/opt/gz_rendering_vendor:/opt/ros/jazzy/opt/gz_plugin_vendor:/opt/ros/jazzy/opt/gz_fuel_tools_vendor:/opt/ros/jazzy/opt/gz_msgs_vendor:/opt/ros/jazzy/opt/gz_common_vendor:/opt/ros/jazzy/opt/gz_math_vendor:/opt/ros/jazzy/opt/gz_utils_vendor:/opt/ros/jazzy/opt/gz_tools_vendor:/opt/ros/jazzy/opt/gz_ogre_next_vendor:/opt/ros/jazzy/opt/gz_dartsim_vendor:/opt/ros/jazzy/opt/gz_cmake_vendor:/home/orsted/AGV_EEPIS/install/ultrasonic:/home/orsted/AGV_EEPIS/install/system:/home/orsted/AGV_EEPIS/install/slam:/home/orsted/AGV_EEPIS/install/remote:/home/orsted/AGV_EEPIS/install/drive_controller:/home/orsted/AGV_EEPIS/install/ddmr_description:/home/orsted/AGV_EEPIS/install/canbus:/home/orsted/AGV_EEPIS/install/bringup:/home/orsted/AGV_EEPIS/install/agv_description:/opt/ros/jazzy'}), 'shell': False}
[18.470093] (-) TimerEvent: {}
[18.560927] (ascamera) StdoutLine: {'line': b'[ 83%] \x1b[32mBuilding CXX object CMakeFiles/ascamera_node.dir/src/CameraSrv.cpp.o\x1b[0m\n'}
[18.561874] (ascamera) StdoutLine: {'line': b'[ 83%] \x1b[32mBuilding CXX object CMakeFiles/ascamera_node.dir/src/ascamera_node.cpp.o\x1b[0m\n'}
[18.562119] (ascamera) StdoutLine: {'line': b'[ 83%] \x1b[32mBuilding CXX object CMakeFiles/ascamera_node.dir/src/Camera.cpp.o\x1b[0m\n'}
[18.562379] (ascamera) StdoutLine: {'line': b'[ 83%] \x1b[32mBuilding CXX object CMakeFiles/ascamera_node.dir/src/CameraPublisher.cpp.o\x1b[0m\n'}
[18.562636] (ascamera) StdoutLine: {'line': b'[ 83%] \x1b[32mBuilding CXX object CMakeFiles/ascamera_node.dir/src/TfTreeFrameIdInfo.cpp.o\x1b[0m\n'}
[18.571499] (-) TimerEvent: {}
[18.672454] (-) TimerEvent: {}
[18.773477] (-) TimerEvent: {}
[18.874424] (-) TimerEvent: {}
[18.975415] (-) TimerEvent: {}
[19.076394] (-) TimerEvent: {}
[19.179515] (-) TimerEvent: {}
[19.280487] (-) TimerEvent: {}
[19.381501] (-) TimerEvent: {}
[19.482468] (-) TimerEvent: {}
[19.583834] (-) TimerEvent: {}
[19.684955] (-) TimerEvent: {}
[19.787234] (-) TimerEvent: {}
[19.888372] (-) TimerEvent: {}
[19.989646] (-) TimerEvent: {}
[20.093033] (-) TimerEvent: {}
[20.193980] (-) TimerEvent: {}
[20.295324] (-) TimerEvent: {}
[20.397504] (-) TimerEvent: {}
[20.499771] (-) TimerEvent: {}
[20.601053] (-) TimerEvent: {}
[20.702037] (-) TimerEvent: {}
[20.804192] (-) TimerEvent: {}
[20.909035] (-) TimerEvent: {}
[21.010200] (-) TimerEvent: {}
[21.111520] (-) TimerEvent: {}
[21.212634] (-) TimerEvent: {}
[21.313704] (-) TimerEvent: {}
[21.417007] (-) TimerEvent: {}
[21.523271] (-) TimerEvent: {}
[21.624298] (-) TimerEvent: {}
[21.725423] (-) TimerEvent: {}
[21.829556] (-) TimerEvent: {}
[21.930645] (-) TimerEvent: {}
[22.033254] (-) TimerEvent: {}
[22.135276] (-) TimerEvent: {}
[22.236242] (-) TimerEvent: {}
[22.340092] (-) TimerEvent: {}
[22.450231] (-) TimerEvent: {}
[22.551430] (-) TimerEvent: {}
[22.654810] (-) TimerEvent: {}
[22.758355] (-) TimerEvent: {}
[22.862624] (-) TimerEvent: {}
[22.968836] (-) TimerEvent: {}
[23.072398] (-) TimerEvent: {}
[23.173515] (-) TimerEvent: {}
[23.274548] (-) TimerEvent: {}
[23.378092] (-) TimerEvent: {}
[23.481897] (-) TimerEvent: {}
[23.583015] (-) TimerEvent: {}
[23.684299] (-) TimerEvent: {}
[23.789018] (-) TimerEvent: {}
[23.891398] (-) TimerEvent: {}
[23.992518] (-) TimerEvent: {}
[24.096352] (-) TimerEvent: {}
[24.199896] (-) TimerEvent: {}
[24.303920] (-) TimerEvent: {}
[24.405355] (-) TimerEvent: {}
[24.509196] (-) TimerEvent: {}
[24.613176] (-) TimerEvent: {}
[24.714415] (-) TimerEvent: {}
[24.818686] (-) TimerEvent: {}
[24.921505] (-) TimerEvent: {}
[25.029055] (-) TimerEvent: {}
[25.130459] (-) TimerEvent: {}
[25.231607] (-) TimerEvent: {}
[25.333901] (-) TimerEvent: {}
[25.435237] (-) TimerEvent: {}
[25.537585] (-) TimerEvent: {}
[25.639925] (-) TimerEvent: {}
[25.741136] (-) TimerEvent: {}
[25.845027] (-) TimerEvent: {}
[25.946350] (-) TimerEvent: {}
[26.049487] (-) TimerEvent: {}
[26.153145] (-) TimerEvent: {}
[26.254312] (-) TimerEvent: {}
[26.357414] (-) TimerEvent: {}
[26.458851] (-) TimerEvent: {}
[26.565916] (-) TimerEvent: {}
[26.669020] (-) TimerEvent: {}
[26.770253] (-) TimerEvent: {}
[26.873397] (-) TimerEvent: {}
[26.976877] (-) TimerEvent: {}
[27.080401] (-) TimerEvent: {}
[27.205060] (-) TimerEvent: {}
[27.306069] (-) TimerEvent: {}
[27.409638] (-) TimerEvent: {}
[27.513052] (-) TimerEvent: {}
[27.617036] (-) TimerEvent: {}
[27.718122] (-) TimerEvent: {}
[27.819207] (-) TimerEvent: {}
[27.925021] (-) TimerEvent: {}
[28.026089] (-) TimerEvent: {}
[28.127111] (-) TimerEvent: {}
[28.228200] (-) TimerEvent: {}
[28.329331] (-) TimerEvent: {}
[28.434092] (-) TimerEvent: {}
[28.535112] (-) TimerEvent: {}
[28.636156] (-) TimerEvent: {}
[28.741544] (-) TimerEvent: {}
[28.842650] (-) TimerEvent: {}
[28.943791] (-) TimerEvent: {}
[29.044906] (-) TimerEvent: {}
[29.149349] (-) TimerEvent: {}
[29.255737] (-) TimerEvent: {}
[29.356931] (-) TimerEvent: {}
[29.461396] (-) TimerEvent: {}
[29.565012] (-) TimerEvent: {}
[29.666093] (-) TimerEvent: {}
[29.769599] (-) TimerEvent: {}
[29.872837] (-) TimerEvent: {}
[29.976107] (-) TimerEvent: {}
[30.079626] (-) TimerEvent: {}
[30.181585] (-) TimerEvent: {}
[30.282785] (-) TimerEvent: {}
[30.384013] (-) TimerEvent: {}
[30.485325] (-) TimerEvent: {}
[30.586461] (-) TimerEvent: {}
[30.687626] (-) TimerEvent: {}
[30.788904] (-) TimerEvent: {}
[30.890085] (-) TimerEvent: {}
[30.991248] (-) TimerEvent: {}
[31.092454] (-) TimerEvent: {}
[31.193654] (-) TimerEvent: {}
[31.295078] (-) TimerEvent: {}
[31.396149] (-) TimerEvent: {}
[31.497351] (-) TimerEvent: {}
[31.598415] (-) TimerEvent: {}
[31.699570] (-) TimerEvent: {}
[31.800616] (-) TimerEvent: {}
[31.901805] (-) TimerEvent: {}
[32.002915] (-) TimerEvent: {}
[32.104188] (-) TimerEvent: {}
[32.205366] (-) TimerEvent: {}
[32.306581] (-) TimerEvent: {}
[32.407678] (-) TimerEvent: {}
[32.508926] (-) TimerEvent: {}
[32.610139] (-) TimerEvent: {}
[32.711292] (-) TimerEvent: {}
[32.812463] (-) TimerEvent: {}
[32.913693] (-) TimerEvent: {}
[33.014786] (-) TimerEvent: {}
[33.116054] (-) TimerEvent: {}
[33.217206] (-) TimerEvent: {}
[33.318356] (-) TimerEvent: {}
[33.419411] (-) TimerEvent: {}
[33.520532] (-) TimerEvent: {}
[33.621647] (-) TimerEvent: {}
[33.722880] (-) TimerEvent: {}
[33.824599] (-) TimerEvent: {}
[33.925972] (-) TimerEvent: {}
[34.029007] (-) TimerEvent: {}
[34.130037] (-) TimerEvent: {}
[34.231339] (-) TimerEvent: {}
[34.332488] (-) TimerEvent: {}
[34.433995] (-) TimerEvent: {}
[34.535128] (-) TimerEvent: {}
[34.636248] (-) TimerEvent: {}
[34.737440] (-) TimerEvent: {}
[34.838586] (-) TimerEvent: {}
[34.939673] (-) TimerEvent: {}
[35.040884] (-) TimerEvent: {}
[35.141922] (-) TimerEvent: {}
[35.242927] (-) TimerEvent: {}
[35.344182] (-) TimerEvent: {}
[35.445453] (-) TimerEvent: {}
[35.546612] (-) TimerEvent: {}
[35.647906] (-) TimerEvent: {}
[35.749149] (-) TimerEvent: {}
[35.850274] (-) TimerEvent: {}
[35.951484] (-) TimerEvent: {}
[36.052620] (-) TimerEvent: {}
[36.153896] (-) TimerEvent: {}
[36.167121] (ascamera) StderrLine: {'line': b'\x1b[01m\x1b[K/home/orsted/AGV_EEPIS/src/ascamera/src/CameraSrv.cpp:\x1b[m\x1b[K In member function \xe2\x80\x98\x1b[01m\x1b[Kint CameraSrv::\x1b[01;32m\x1b[KgetConfigFile\x1b[m\x1b[K(AS_CAM_PTR, std::string&, AS_SDK_CAM_MODEL_E)\x1b[m\x1b[K\xe2\x80\x99:\n'}
[36.167952] (ascamera) StderrLine: {'line': b'\x1b[01m\x1b[K/home/orsted/AGV_EEPIS/src/ascamera/src/CameraSrv.cpp:296:41:\x1b[m\x1b[K \x1b[01;35m\x1b[Kwarning: \x1b[m\x1b[Kunused parameter \xe2\x80\x98\x1b[01m\x1b[KpCamera\x1b[m\x1b[K\xe2\x80\x99 [\x1b[01;35m\x1b[K\x1b]8;;https://gcc.gnu.org/onlinedocs/gcc/Warning-Options.html#index-Wunused-parameter\x07-Wunused-parameter\x1b]8;;\x07\x1b[m\x1b[K]\n'}
[36.168241] (ascamera) StderrLine: {'line': b'  296 | int CameraSrv::getConfigFile(\x1b[01;35m\x1b[KAS_CAM_PTR pCamera\x1b[m\x1b[K, std::string &configfile, AS_SDK_CAM_MODEL_E cam_type)\n'}
[36.168428] (ascamera) StderrLine: {'line': b'      |                              \x1b[01;35m\x1b[K~~~~~~~~~~~^~~~~~~\x1b[m\x1b[K\n'}
[36.254142] (-) TimerEvent: {}
[36.355167] (-) TimerEvent: {}
[36.456172] (-) TimerEvent: {}
[36.541663] (ascamera) StderrLine: {'line': b'\x1b[01m\x1b[K/home/orsted/AGV_EEPIS/src/ascamera/src/CameraPublisher.cpp:\x1b[m\x1b[K In member function \xe2\x80\x98\x1b[01m\x1b[Kvoid CameraPublisher::\x1b[01;32m\x1b[KirInfoPublisher\x1b[m\x1b[K(AS_CAM_PTR, const AS_SDK_Data_s*, AS_CAM_Parameter_s&, builtin_interfaces::msg::Time)\x1b[m\x1b[K\xe2\x80\x99:\n'}
[36.542558] (ascamera) StderrLine: {'line': b'\x1b[01m\x1b[K/home/orsted/AGV_EEPIS/src/ascamera/src/CameraPublisher.cpp:1000:102:\x1b[m\x1b[K \x1b[01;35m\x1b[Kwarning: \x1b[m\x1b[Kunused parameter \xe2\x80\x98\x1b[01m\x1b[Ktime\x1b[m\x1b[K\xe2\x80\x99 [\x1b[01;35m\x1b[K\x1b]8;;https://gcc.gnu.org/onlinedocs/gcc/Warning-Options.html#index-Wunused-parameter\x07-Wunused-parameter\x1b]8;;\x07\x1b[m\x1b[K]\n'}
[36.542903] (ascamera) StderrLine: {'line': b' 1000 |                                       AS_CAM_Parameter_s &stParameter, \x1b[01;35m\x1b[Kbuiltin_interfaces::msg::Time time\x1b[m\x1b[K)\n'}
[36.543183] (ascamera) StderrLine: {'line': b'      |                                                                        \x1b[01;35m\x1b[K~~~~~~~~~~~~~~~~~~~~~~~~~~~~~~^~~~\x1b[m\x1b[K\n'}
[36.547637] (ascamera) StderrLine: {'line': b'\x1b[01m\x1b[K/home/orsted/AGV_EEPIS/src/ascamera/src/CameraPublisher.cpp:\x1b[m\x1b[K In member function \xe2\x80\x98\x1b[01m\x1b[Kvoid CameraPublisher::\x1b[01;32m\x1b[KpeakInfoPublisher\x1b[m\x1b[K(AS_CAM_PTR, const AS_SDK_Data_s*, AS_CAM_Parameter_s&, builtin_interfaces::msg::Time)\x1b[m\x1b[K\xe2\x80\x99:\n'}
[36.548107] (ascamera) StderrLine: {'line': b'\x1b[01m\x1b[K/home/orsted/AGV_EEPIS/src/ascamera/src/CameraPublisher.cpp:1033:104:\x1b[m\x1b[K \x1b[01;35m\x1b[Kwarning: \x1b[m\x1b[Kunused parameter \xe2\x80\x98\x1b[01m\x1b[Ktime\x1b[m\x1b[K\xe2\x80\x99 [\x1b[01;35m\x1b[K\x1b]8;;https://gcc.gnu.org/onlinedocs/gcc/Warning-Options.html#index-Wunused-parameter\x07-Wunused-parameter\x1b]8;;\x07\x1b[m\x1b[K]\n'}
[36.548334] (ascamera) StderrLine: {'line': b' 1033 |                                         AS_CAM_Parameter_s &stParameter, \x1b[01;35m\x1b[Kbuiltin_interfaces::msg::Time time\x1b[m\x1b[K)\n'}
[36.548506] (ascamera) StderrLine: {'line': b'      |                                                                          \x1b[01;35m\x1b[K~~~~~~~~~~~~~~~~~~~~~~~~~~~~~~^~~~\x1b[m\x1b[K\n'}
[36.551559] (ascamera) StderrLine: {'line': b'\x1b[01m\x1b[K/home/orsted/AGV_EEPIS/src/ascamera/src/CameraPublisher.cpp:\x1b[m\x1b[K In member function \xe2\x80\x98\x1b[01m\x1b[Kvoid CameraPublisher::\x1b[01;32m\x1b[KdepthMergeInfoPublisher\x1b[m\x1b[K(AS_CAM_PTR, const AS_SDK_MERGE_s*, AS_CAM_Parameter_s&, builtin_interfaces::msg::Time)\x1b[m\x1b[K\xe2\x80\x99:\n'}
[36.552018] (ascamera) StderrLine: {'line': b'\x1b[01m\x1b[K/home/orsted/AGV_EEPIS/src/ascamera/src/CameraPublisher.cpp:1081:29:\x1b[m\x1b[K \x1b[01;35m\x1b[Kwarning: \x1b[m\x1b[Kunused parameter \xe2\x80\x98\x1b[01m\x1b[KstParameter\x1b[m\x1b[K\xe2\x80\x99 [\x1b[01;35m\x1b[K\x1b]8;;https://gcc.gnu.org/onlinedocs/gcc/Warning-Options.html#index-Wunused-parameter\x07-Wunused-parameter\x1b]8;;\x07\x1b[m\x1b[K]\n'}
[36.552242] (ascamera) StderrLine: {'line': b' 1081 |         \x1b[01;35m\x1b[KAS_CAM_Parameter_s &stParameter\x1b[m\x1b[K, builtin_interfaces::msg::Time time)\n'}
[36.552405] (ascamera) StderrLine: {'line': b'      |         \x1b[01;35m\x1b[K~~~~~~~~~~~~~~~~~~~~^~~~~~~~~~~\x1b[m\x1b[K\n'}
[36.556300] (-) TimerEvent: {}
[36.557175] (ascamera) StderrLine: {'line': b'\x1b[01m\x1b[K/home/orsted/AGV_EEPIS/src/ascamera/src/CameraPublisher.cpp:\x1b[m\x1b[K In member function \xe2\x80\x98\x1b[01m\x1b[Kvoid CameraPublisher::\x1b[01;32m\x1b[KpointcloudMergePublisher\x1b[m\x1b[K(AS_CAM_PTR, const AS_SDK_MERGE_s*, AS_CAM_Parameter_s&)\x1b[m\x1b[K\xe2\x80\x99:\n'}
[36.557576] (ascamera) StderrLine: {'line': b'\x1b[01m\x1b[K/home/orsted/AGV_EEPIS/src/ascamera/src/CameraPublisher.cpp:1119:29:\x1b[m\x1b[K \x1b[01;35m\x1b[Kwarning: \x1b[m\x1b[Kunused parameter \xe2\x80\x98\x1b[01m\x1b[KstParameter\x1b[m\x1b[K\xe2\x80\x99 [\x1b[01;35m\x1b[K\x1b]8;;https://gcc.gnu.org/onlinedocs/gcc/Warning-Options.html#index-Wunused-parameter\x07-Wunused-parameter\x1b]8;;\x07\x1b[m\x1b[K]\n'}
[36.557792] (ascamera) StderrLine: {'line': b' 1119 |         \x1b[01;35m\x1b[KAS_CAM_Parameter_s &stParameter\x1b[m\x1b[K)\n'}
[36.558036] (ascamera) StderrLine: {'line': b'      |         \x1b[01;35m\x1b[K~~~~~~~~~~~~~~~~~~~~^~~~~~~~~~~\x1b[m\x1b[K\n'}
[36.656618] (-) TimerEvent: {}
[36.757986] (-) TimerEvent: {}
[36.859016] (-) TimerEvent: {}
[36.960193] (-) TimerEvent: {}
[37.061996] (-) TimerEvent: {}
[37.163218] (-) TimerEvent: {}
[37.264341] (-) TimerEvent: {}
[37.365577] (-) TimerEvent: {}
[37.466549] (-) TimerEvent: {}
[37.567545] (-) TimerEvent: {}
[37.668481] (-) TimerEvent: {}
[37.769528] (-) TimerEvent: {}
[37.870484] (-) TimerEvent: {}
[37.971482] (-) TimerEvent: {}
[38.072478] (-) TimerEvent: {}
[38.173536] (-) TimerEvent: {}
[38.274534] (-) TimerEvent: {}
[38.375530] (-) TimerEvent: {}
[38.476530] (-) TimerEvent: {}
[38.577696] (-) TimerEvent: {}
[38.679123] (-) TimerEvent: {}
[38.780202] (-) TimerEvent: {}
[38.881299] (-) TimerEvent: {}
[38.982449] (-) TimerEvent: {}
[39.083477] (-) TimerEvent: {}
[39.185014] (-) TimerEvent: {}
[39.285985] (-) TimerEvent: {}
[39.389178] (-) TimerEvent: {}
[39.492325] (-) TimerEvent: {}
[39.593367] (-) TimerEvent: {}
[39.696362] (-) TimerEvent: {}
[39.799502] (-) TimerEvent: {}
[39.901243] (-) TimerEvent: {}
[40.002257] (-) TimerEvent: {}
[40.103271] (-) TimerEvent: {}
[40.204269] (-) TimerEvent: {}
[40.305347] (-) TimerEvent: {}
[40.406399] (-) TimerEvent: {}
[40.507386] (-) TimerEvent: {}
[40.608423] (-) TimerEvent: {}
[40.709488] (-) TimerEvent: {}
[40.810488] (-) TimerEvent: {}
[40.911453] (-) TimerEvent: {}
[41.012817] (-) TimerEvent: {}
[41.114176] (-) TimerEvent: {}
[41.215332] (-) TimerEvent: {}
[41.316367] (-) TimerEvent: {}
[41.417587] (-) TimerEvent: {}
[41.518612] (-) TimerEvent: {}
[41.619739] (-) TimerEvent: {}
[41.721019] (-) TimerEvent: {}
[41.822151] (-) TimerEvent: {}
[41.923168] (-) TimerEvent: {}
[42.024299] (-) TimerEvent: {}
[42.125410] (-) TimerEvent: {}
[42.226523] (-) TimerEvent: {}
[42.327629] (-) TimerEvent: {}
[42.428774] (-) TimerEvent: {}
[42.529871] (-) TimerEvent: {}
[42.630979] (-) TimerEvent: {}
[42.732146] (-) TimerEvent: {}
[42.833307] (-) TimerEvent: {}
[42.934407] (-) TimerEvent: {}
[43.035490] (-) TimerEvent: {}
[43.136658] (-) TimerEvent: {}
[43.237793] (-) TimerEvent: {}
[43.338906] (-) TimerEvent: {}
[43.439893] (-) TimerEvent: {}
[43.540934] (-) TimerEvent: {}
[43.641946] (-) TimerEvent: {}
[43.742925] (-) TimerEvent: {}
[43.843938] (-) TimerEvent: {}
[43.944975] (-) TimerEvent: {}
[44.045963] (-) TimerEvent: {}
[44.146983] (-) TimerEvent: {}
[44.247972] (-) TimerEvent: {}
[44.348991] (-) TimerEvent: {}
[44.450017] (-) TimerEvent: {}
[44.550976] (-) TimerEvent: {}
[44.651947] (-) TimerEvent: {}
[44.753041] (-) TimerEvent: {}
[44.854043] (-) TimerEvent: {}
[44.955110] (-) TimerEvent: {}
[45.056344] (-) TimerEvent: {}
[45.157389] (-) TimerEvent: {}
[45.258550] (-) TimerEvent: {}
[45.359484] (-) TimerEvent: {}
[45.460589] (-) TimerEvent: {}
[45.561605] (-) TimerEvent: {}
[45.662630] (-) TimerEvent: {}
[45.763623] (-) TimerEvent: {}
[45.864691] (-) TimerEvent: {}
[45.965710] (-) TimerEvent: {}
[46.066788] (-) TimerEvent: {}
[46.167879] (-) TimerEvent: {}
[46.269090] (-) TimerEvent: {}
[46.370153] (-) TimerEvent: {}
[46.471299] (-) TimerEvent: {}
[46.572378] (-) TimerEvent: {}
[46.673578] (-) TimerEvent: {}
[46.774721] (-) TimerEvent: {}
[46.875902] (-) TimerEvent: {}
[46.977002] (-) TimerEvent: {}
[47.078120] (-) TimerEvent: {}
[47.179221] (-) TimerEvent: {}
[47.280288] (-) TimerEvent: {}
[47.381684] (-) TimerEvent: {}
[47.482797] (-) TimerEvent: {}
[47.583842] (-) TimerEvent: {}
[47.684982] (-) TimerEvent: {}
[47.786127] (-) TimerEvent: {}
[47.887221] (-) TimerEvent: {}
[47.988331] (-) TimerEvent: {}
[48.089443] (-) TimerEvent: {}
[48.190581] (-) TimerEvent: {}
[48.291628] (-) TimerEvent: {}
[48.392794] (-) TimerEvent: {}
[48.493754] (-) TimerEvent: {}
[48.594726] (-) TimerEvent: {}
[48.695669] (-) TimerEvent: {}
[48.796644] (-) TimerEvent: {}
[48.897651] (-) TimerEvent: {}
[48.998602] (-) TimerEvent: {}
[49.099637] (-) TimerEvent: {}
[49.200764] (-) TimerEvent: {}
[49.301807] (-) TimerEvent: {}
[49.402869] (-) TimerEvent: {}
[49.503876] (-) TimerEvent: {}
[49.604930] (-) TimerEvent: {}
[49.706058] (-) TimerEvent: {}
[49.807143] (-) TimerEvent: {}
[49.908209] (-) TimerEvent: {}
[50.009339] (-) TimerEvent: {}
[50.110267] (-) TimerEvent: {}
[50.211231] (-) TimerEvent: {}
[50.312195] (-) TimerEvent: {}
[50.413178] (-) TimerEvent: {}
[50.514123] (-) TimerEvent: {}
[50.615120] (-) TimerEvent: {}
[50.716078] (-) TimerEvent: {}
[50.817455] (-) TimerEvent: {}
[50.919253] (-) TimerEvent: {}
[51.020287] (-) TimerEvent: {}
[51.121267] (-) TimerEvent: {}
[51.222206] (-) TimerEvent: {}
[51.323122] (-) TimerEvent: {}
[51.424083] (-) TimerEvent: {}
[51.525152] (-) TimerEvent: {}
[51.626121] (-) TimerEvent: {}
[51.727042] (-) TimerEvent: {}
[51.828384] (-) TimerEvent: {}
[51.930196] (-) TimerEvent: {}
[52.031149] (-) TimerEvent: {}
[52.132085] (-) TimerEvent: {}
[52.233133] (-) TimerEvent: {}
[52.334212] (-) TimerEvent: {}
[52.435229] (-) TimerEvent: {}
[52.536300] (-) TimerEvent: {}
[52.637344] (-) TimerEvent: {}
[52.738294] (-) TimerEvent: {}
[52.839331] (-) TimerEvent: {}
[52.940291] (-) TimerEvent: {}
[53.041367] (-) TimerEvent: {}
[53.142309] (-) TimerEvent: {}
[53.243298] (-) TimerEvent: {}
[53.344278] (-) TimerEvent: {}
[53.445374] (-) TimerEvent: {}
[53.546382] (-) TimerEvent: {}
[53.647416] (-) TimerEvent: {}
[53.748403] (-) TimerEvent: {}
[53.849408] (-) TimerEvent: {}
[53.950338] (-) TimerEvent: {}
[54.051248] (-) TimerEvent: {}
[54.152213] (-) TimerEvent: {}
[54.253230] (-) TimerEvent: {}
[54.354149] (-) TimerEvent: {}
[54.455000] (-) TimerEvent: {}
[54.555845] (-) TimerEvent: {}
[54.656805] (-) TimerEvent: {}
[54.757738] (-) TimerEvent: {}
[54.858658] (-) TimerEvent: {}
[54.959581] (-) TimerEvent: {}
[55.060631] (-) TimerEvent: {}
[55.161688] (-) TimerEvent: {}
[55.262631] (-) TimerEvent: {}
[55.363582] (-) TimerEvent: {}
[55.464948] (-) TimerEvent: {}
[55.566820] (-) TimerEvent: {}
[55.667863] (-) TimerEvent: {}
[55.768809] (-) TimerEvent: {}
[55.869758] (-) TimerEvent: {}
[55.970670] (-) TimerEvent: {}
[56.071514] (-) TimerEvent: {}
[56.172418] (-) TimerEvent: {}
[56.273398] (-) TimerEvent: {}
[56.374337] (-) TimerEvent: {}
[56.475295] (-) TimerEvent: {}
[56.576222] (-) TimerEvent: {}
[56.677213] (-) TimerEvent: {}
[56.778119] (-) TimerEvent: {}
[56.879048] (-) TimerEvent: {}
[56.979965] (-) TimerEvent: {}
[57.080892] (-) TimerEvent: {}
[57.181774] (-) TimerEvent: {}
[57.282687] (-) TimerEvent: {}
[57.383600] (-) TimerEvent: {}
[57.484566] (-) TimerEvent: {}
[57.585549] (-) TimerEvent: {}
[57.686506] (-) TimerEvent: {}
[57.787483] (-) TimerEvent: {}
[57.888397] (-) TimerEvent: {}
[57.989352] (-) TimerEvent: {}
[58.090246] (-) TimerEvent: {}
[58.191170] (-) TimerEvent: {}
[58.292076] (-) TimerEvent: {}
[58.392980] (-) TimerEvent: {}
[58.493965] (-) TimerEvent: {}
[58.594938] (-) TimerEvent: {}
[58.697366] (-) TimerEvent: {}
[58.798470] (-) TimerEvent: {}
[58.899547] (-) TimerEvent: {}
[59.000541] (-) TimerEvent: {}
[59.101635] (-) TimerEvent: {}
[59.202877] (-) TimerEvent: {}
[59.303950] (-) TimerEvent: {}
[59.405018] (-) TimerEvent: {}
[59.506114] (-) TimerEvent: {}
[59.607183] (-) TimerEvent: {}
[59.708246] (-) TimerEvent: {}
[59.809375] (-) TimerEvent: {}
[59.910441] (-) TimerEvent: {}
[60.011489] (-) TimerEvent: {}
[60.112557] (-) TimerEvent: {}
[60.213704] (-) TimerEvent: {}
[60.314752] (-) TimerEvent: {}
[60.415836] (-) TimerEvent: {}
[60.516957] (-) TimerEvent: {}
[60.618014] (-) TimerEvent: {}
[60.719032] (-) TimerEvent: {}
[60.820069] (-) TimerEvent: {}
[60.921175] (-) TimerEvent: {}
[61.022229] (-) TimerEvent: {}
[61.123296] (-) TimerEvent: {}
[61.224360] (-) TimerEvent: {}
[61.325469] (-) TimerEvent: {}
[61.426555] (-) TimerEvent: {}
[61.527581] (-) TimerEvent: {}
[61.628624] (-) TimerEvent: {}
[61.729722] (-) TimerEvent: {}
[61.830776] (-) TimerEvent: {}
[61.931814] (-) TimerEvent: {}
[62.032912] (-) TimerEvent: {}
[62.133956] (-) TimerEvent: {}
[62.235005] (-) TimerEvent: {}
[62.336045] (-) TimerEvent: {}
[62.437181] (-) TimerEvent: {}
[62.538256] (-) TimerEvent: {}
[62.639313] (-) TimerEvent: {}
[62.740362] (-) TimerEvent: {}
[62.841495] (-) TimerEvent: {}
[62.942569] (-) TimerEvent: {}
[63.043640] (-) TimerEvent: {}
[63.144503] (-) TimerEvent: {}
[63.244980] (-) TimerEvent: {}
[63.345347] (-) TimerEvent: {}
[63.445718] (-) TimerEvent: {}
[63.546075] (-) TimerEvent: {}
[63.646442] (-) TimerEvent: {}
[63.746790] (-) TimerEvent: {}
[63.847179] (-) TimerEvent: {}
[63.947541] (-) TimerEvent: {}
[64.047924] (-) TimerEvent: {}
[64.148286] (-) TimerEvent: {}
[64.248600] (-) TimerEvent: {}
[64.348942] (-) TimerEvent: {}
[64.449433] (-) TimerEvent: {}
[64.550200] (-) TimerEvent: {}
[64.650656] (-) TimerEvent: {}
[64.751247] (-) TimerEvent: {}
[64.852087] (-) TimerEvent: {}
[64.952531] (-) TimerEvent: {}
[65.053191] (-) TimerEvent: {}
[65.154219] (-) TimerEvent: {}
[65.255231] (-) TimerEvent: {}
[65.356274] (-) TimerEvent: {}
[65.457379] (-) TimerEvent: {}
[65.558426] (-) TimerEvent: {}
[65.659475] (-) TimerEvent: {}
[65.760512] (-) TimerEvent: {}
[65.861622] (-) TimerEvent: {}
[65.962634] (-) TimerEvent: {}
[66.063647] (-) TimerEvent: {}
[66.164758] (-) TimerEvent: {}
[66.265835] (-) TimerEvent: {}
[66.366935] (-) TimerEvent: {}
[66.467980] (-) TimerEvent: {}
[66.568966] (-) TimerEvent: {}
[66.670055] (-) TimerEvent: {}
[66.771125] (-) TimerEvent: {}
[66.872200] (-) TimerEvent: {}
[66.973205] (-) TimerEvent: {}
[67.074278] (-) TimerEvent: {}
[67.175323] (-) TimerEvent: {}
[67.276408] (-) TimerEvent: {}
[67.377522] (-) TimerEvent: {}
[67.478565] (-) TimerEvent: {}
[67.579612] (-) TimerEvent: {}
[67.680691] (-) TimerEvent: {}
[67.781808] (-) TimerEvent: {}
[67.882887] (-) TimerEvent: {}
[67.984288] (-) TimerEvent: {}
[68.085429] (-) TimerEvent: {}
[68.186514] (-) TimerEvent: {}
[68.287893] (-) TimerEvent: {}
[68.389314] (-) TimerEvent: {}
[68.490403] (-) TimerEvent: {}
[68.591801] (-) TimerEvent: {}
[68.692974] (-) TimerEvent: {}
[68.794235] (-) TimerEvent: {}
[68.894957] (-) TimerEvent: {}
[68.996148] (-) TimerEvent: {}
[69.096817] (-) TimerEvent: {}
[69.197668] (-) TimerEvent: {}
[69.298484] (-) TimerEvent: {}
[69.399020] (-) TimerEvent: {}
[69.499577] (-) TimerEvent: {}
[69.600092] (-) TimerEvent: {}
[69.700478] (-) TimerEvent: {}
[69.800854] (-) TimerEvent: {}
[69.901216] (-) TimerEvent: {}
[70.001599] (-) TimerEvent: {}
[70.101966] (-) TimerEvent: {}
[70.202296] (-) TimerEvent: {}
[70.302960] (-) TimerEvent: {}
[70.403768] (-) TimerEvent: {}
[70.504635] (-) TimerEvent: {}
[70.605371] (-) TimerEvent: {}
[70.706531] (-) TimerEvent: {}
[70.807996] (-) TimerEvent: {}
[70.909198] (-) TimerEvent: {}
[71.010312] (-) TimerEvent: {}
[71.111778] (-) TimerEvent: {}
[71.213242] (-) TimerEvent: {}
[71.314339] (-) TimerEvent: {}
[71.415817] (-) TimerEvent: {}
[71.516970] (-) TimerEvent: {}
[71.617972] (-) TimerEvent: {}
[71.719017] (-) TimerEvent: {}
[71.820014] (-) TimerEvent: {}
[71.920847] (-) TimerEvent: {}
[72.021777] (-) TimerEvent: {}
[72.122891] (-) TimerEvent: {}
[72.223814] (-) TimerEvent: {}
[72.324705] (-) TimerEvent: {}
[72.425596] (-) TimerEvent: {}
[72.526445] (-) TimerEvent: {}
[72.627040] (-) TimerEvent: {}
[72.727867] (-) TimerEvent: {}
[72.828685] (-) TimerEvent: {}
[72.929557] (-) TimerEvent: {}
[73.030373] (-) TimerEvent: {}
[73.131188] (-) TimerEvent: {}
[73.231727] (-) TimerEvent: {}
[73.332499] (-) TimerEvent: {}
[73.433348] (-) TimerEvent: {}
[73.534217] (-) TimerEvent: {}
[73.634901] (-) TimerEvent: {}
[73.735711] (-) TimerEvent: {}
[73.836839] (-) TimerEvent: {}
[73.937955] (-) TimerEvent: {}
[74.039086] (-) TimerEvent: {}
[74.140201] (-) TimerEvent: {}
[74.241325] (-) TimerEvent: {}
[74.342447] (-) TimerEvent: {}
[74.443559] (-) TimerEvent: {}
[74.544624] (-) TimerEvent: {}
[74.645760] (-) TimerEvent: {}
[74.746858] (-) TimerEvent: {}
[74.847947] (-) TimerEvent: {}
[74.949112] (-) TimerEvent: {}
[75.050248] (-) TimerEvent: {}
[75.151314] (-) TimerEvent: {}
[75.252382] (-) TimerEvent: {}
[75.353533] (-) TimerEvent: {}
[75.454640] (-) TimerEvent: {}
[75.555749] (-) TimerEvent: {}
[75.656861] (-) TimerEvent: {}
[75.758278] (-) TimerEvent: {}
[75.859399] (-) TimerEvent: {}
[75.960506] (-) TimerEvent: {}
[76.061634] (-) TimerEvent: {}
[76.162733] (-) TimerEvent: {}
[76.263814] (-) TimerEvent: {}
[76.365226] (-) TimerEvent: {}
[76.466359] (-) TimerEvent: {}
[76.567469] (-) TimerEvent: {}
[76.668540] (-) TimerEvent: {}
[76.769655] (-) TimerEvent: {}
[76.870735] (-) TimerEvent: {}
[76.971783] (-) TimerEvent: {}
[77.072872] (-) TimerEvent: {}
[77.173973] (-) TimerEvent: {}
[77.275536] (-) TimerEvent: {}
[77.377800] (-) TimerEvent: {}
[77.434807] (ascamera) StdoutLine: {'line': b'[100%] \x1b[32m\x1b[1mLinking CXX executable ascamera_node\x1b[0m\n'}
[77.477809] (-) TimerEvent: {}
[77.578960] (-) TimerEvent: {}
[77.680079] (-) TimerEvent: {}
[77.781219] (-) TimerEvent: {}
[77.882318] (-) TimerEvent: {}
[77.983657] (-) TimerEvent: {}
[78.085980] (-) TimerEvent: {}
[78.188284] (-) TimerEvent: {}
[78.290624] (-) TimerEvent: {}
[78.392664] (-) TimerEvent: {}
[78.494086] (-) TimerEvent: {}
[78.596080] (-) TimerEvent: {}
[78.698912] (-) TimerEvent: {}
[78.801282] (-) TimerEvent: {}
[78.903547] (-) TimerEvent: {}
[79.005850] (-) TimerEvent: {}
[79.108147] (-) TimerEvent: {}
[79.210459] (-) TimerEvent: {}
[79.312775] (-) TimerEvent: {}
[79.415136] (-) TimerEvent: {}
[79.517365] (-) TimerEvent: {}
[79.619200] (-) TimerEvent: {}
[79.720659] (-) TimerEvent: {}
[79.821706] (-) TimerEvent: {}
[79.922610] (-) TimerEvent: {}
[80.023270] (-) TimerEvent: {}
[80.123961] (-) TimerEvent: {}
[80.224631] (-) TimerEvent: {}
[80.232214] (ascamera) StdoutLine: {'line': b'[100%] Built target ascamera_node\n'}
[80.274962] (ascamera) CommandEnded: {'returncode': 0}
[80.277499] (ascamera) JobProgress: {'identifier': 'ascamera', 'progress': 'install'}
[80.311833] (ascamera) Command: {'cmd': ['/usr/bin/cmake', '--install', '/home/orsted/AGV_EEPIS/build/ascamera'], 'cwd': '/home/orsted/AGV_EEPIS/build/ascamera', 'env': OrderedDict({'VNCDESKTOP': 'orsted:2 (orsted)', 'LESSOPEN': '| /usr/bin/lesspipe %s', 'GZ_SIM_RESOURCE_PATH': '/opt/ros/jazzy/share', 'USER': 'orsted', 'SSH_CLIENT': '192.168.137.1 53332 22', 'GZ_CONFIG_PATH': '/opt/ros/jazzy/opt/gz_sim_vendor/share/gz:/opt/ros/jazzy/opt/sdformat_vendor/share/gz:/opt/ros/jazzy/opt/gz_gui_vendor/share/gz:/opt/ros/jazzy/opt/gz_transport_vendor/share/gz:/opt/ros/jazzy/opt/gz_rendering_vendor/share/gz:/opt/ros/jazzy/opt/gz_plugin_vendor/share/gz:/opt/ros/jazzy/opt/gz_fuel_tools_vendor/share/gz:/opt/ros/jazzy/opt/gz_msgs_vendor/share/gz:/opt/ros/jazzy/opt/gz_common_vendor/share/gz', 'SSH_AGENT_PID': '10784', 'XDG_SESSION_TYPE': 'x11', 'GIT_ASKPASS': '/home/orsted/.vscode-server/cli/servers/Stable-7debcd0e2acdea1c52de81bf9ee1620444407dda/server/extensions/git/dist/askpass.sh', 'SHLVL': '1', 'LD_LIBRARY_PATH': '/usr/local/cuda-13.2/lib64:/usr/local/cuda-13.2/lib64:/opt/ros/jazzy/opt/gz_sim_vendor/lib:/opt/ros/jazzy/opt/gz_sensors_vendor/lib:/opt/ros/jazzy/opt/gz_physics_vendor/lib:/opt/ros/jazzy/opt/sdformat_vendor/lib:/opt/ros/jazzy/opt/rviz_ogre_vendor/lib:/opt/ros/jazzy/lib/aarch64-linux-gnu:/opt/ros/jazzy/opt/gz_gui_vendor/lib:/opt/ros/jazzy/opt/gz_transport_vendor/lib:/opt/ros/jazzy/opt/gz_rendering_vendor/lib:/opt/ros/jazzy/opt/gz_plugin_vendor/lib:/opt/ros/jazzy/opt/gz_fuel_tools_vendor/lib:/opt/ros/jazzy/opt/gz_msgs_vendor/lib:/opt/ros/jazzy/opt/gz_common_vendor/lib:/opt/ros/jazzy/opt/gz_math_vendor/lib:/opt/ros/jazzy/opt/gz_utils_vendor/lib:/opt/ros/jazzy/opt/gz_tools_vendor/lib:/opt/ros/jazzy/opt/gz_ogre_next_vendor/lib:/opt/ros/jazzy/opt/gz_dartsim_vendor/lib:/opt/ros/jazzy/opt/gz_cmake_vendor/lib:/opt/ros/jazzy/lib:/usr/local/cuda-13.2/lib64:', 'BROWSER': '/home/orsted/.vscode-server/cli/servers/Stable-7debcd0e2acdea1c52de81bf9ee1620444407dda/server/bin/helpers/browser.sh', 'HOME': '/home/orsted', 'OLDPWD': '/home/orsted/AGV_EEPIS/src', 'DESKTOP_SESSION': 'xfce', 'VSCODE_IPC_HOOK_CLI': '/run/user/1000/vscode-ipc-44767e89-1da2-4643-874b-5655943ea067.sock', 'PANEL_GDK_CORE_DEVICE_EVENTS': '0', 'ROS_PYTHON_VERSION': '3', 'VSCODE_GIT_ASKPASS_MAIN': '/home/orsted/.vscode-server/cli/servers/Stable-7debcd0e2acdea1c52de81bf9ee1620444407dda/server/extensions/git/dist/askpass-main.js', 'VSCODE_GIT_ASKPASS_NODE': '/home/orsted/.vscode-server/cli/servers/Stable-7debcd0e2acdea1c52de81bf9ee1620444407dda/server/node', 'VSCODE_PYTHON_AUTOACTIVATE_GUARD': '1', 'DBUS_SESSION_BUS_ADDRESS': 'unix:path=/tmp/dbus-aH40qulzBC,guid=8a9873ed7292459bb0f2d7806ab0a8ad', 'COLORTERM': 'truecolor', 'DEBUGINFOD_URLS': 'https://debuginfod.ubuntu.com', 'COLCON_PREFIX_PATH': '/home/orsted/AGV_EEPIS/install', 'ROS_DISTRO': 'jazzy', 'LOGNAME': 'orsted', '_': '/usr/bin/colcon', 'ROS_VERSION': '2', 'XDG_SESSION_CLASS': 'user', 'TERM': 'xterm-256color', 'XDG_SESSION_ID': '6', 'PATH': '/usr/local/cuda-13.2/bin:/usr/local/cuda-13.2/bin:/home/orsted/.vscode-server/cli/servers/Stable-7debcd0e2acdea1c52de81bf9ee1620444407dda/server/bin/remote-cli:/opt/ros/jazzy/opt/gz_msgs_vendor/bin:/opt/ros/jazzy/opt/gz_tools_vendor/bin:/opt/ros/jazzy/opt/gz_ogre_next_vendor/bin:/opt/ros/jazzy/bin:/usr/local/cuda-13.2/bin:/usr/local/sbin:/usr/local/bin:/usr/sbin:/usr/bin:/sbin:/bin:/usr/games:/usr/local/games:/snap/bin', 'SESSION_MANAGER': 'local/orsted:@/tmp/.ICE-unix/10707,unix/orsted:/tmp/.ICE-unix/10707', 'XDG_MENU_PREFIX': 'xfce-', 'GNOME_TERMINAL_SCREEN': '/org/gnome/Terminal/screen/ccfd79fd_eff2_4914_9038_d797c5196fe9', 'XDG_RUNTIME_DIR': '/run/user/1000', 'DISPLAY': ':2.0', 'LANG': 'en_US.UTF-8', 'XDG_CURRENT_DESKTOP': 'XFCE', 'LS_COLORS': 'rs=0:di=01;34:ln=01;36:mh=00:pi=40;33:so=01;35:do=01;35:bd=40;33;01:cd=40;33;01:or=40;31;01:mi=00:su=37;41:sg=30;43:ca=00:tw=30;42:ow=34;42:st=37;44:ex=01;32:*.tar=01;31:*.tgz=01;31:*.arc=01;31:*.arj=01;31:*.taz=01;31:*.lha=01;31:*.lz4=01;31:*.lzh=01;31:*.lzma=01;31:*.tlz=01;31:*.txz=01;31:*.tzo=01;31:*.t7z=01;31:*.zip=01;31:*.z=01;31:*.dz=01;31:*.gz=01;31:*.lrz=01;31:*.lz=01;31:*.lzo=01;31:*.xz=01;31:*.zst=01;31:*.tzst=01;31:*.bz2=01;31:*.bz=01;31:*.tbz=01;31:*.tbz2=01;31:*.tz=01;31:*.deb=01;31:*.rpm=01;31:*.jar=01;31:*.war=01;31:*.ear=01;31:*.sar=01;31:*.rar=01;31:*.alz=01;31:*.ace=01;31:*.zoo=01;31:*.cpio=01;31:*.7z=01;31:*.rz=01;31:*.cab=01;31:*.wim=01;31:*.swm=01;31:*.dwm=01;31:*.esd=01;31:*.avif=01;35:*.jpg=01;35:*.jpeg=01;35:*.mjpg=01;35:*.mjpeg=01;35:*.gif=01;35:*.bmp=01;35:*.pbm=01;35:*.pgm=01;35:*.ppm=01;35:*.tga=01;35:*.xbm=01;35:*.xpm=01;35:*.tif=01;35:*.tiff=01;35:*.png=01;35:*.svg=01;35:*.svgz=01;35:*.mng=01;35:*.pcx=01;35:*.mov=01;35:*.mpg=01;35:*.mpeg=01;35:*.m2v=01;35:*.mkv=01;35:*.webm=01;35:*.webp=01;35:*.ogm=01;35:*.mp4=01;35:*.m4v=01;35:*.mp4v=01;35:*.vob=01;35:*.qt=01;35:*.nuv=01;35:*.wmv=01;35:*.asf=01;35:*.rm=01;35:*.rmvb=01;35:*.flc=01;35:*.avi=01;35:*.fli=01;35:*.flv=01;35:*.gl=01;35:*.dl=01;35:*.xcf=01;35:*.xwd=01;35:*.yuv=01;35:*.cgm=01;35:*.emf=01;35:*.ogv=01;35:*.ogx=01;35:*.aac=00;36:*.au=00;36:*.flac=00;36:*.m4a=00;36:*.mid=00;36:*.midi=00;36:*.mka=00;36:*.mp3=00;36:*.mpc=00;36:*.ogg=00;36:*.ra=00;36:*.wav=00;36:*.oga=00;36:*.opus=00;36:*.spx=00;36:*.xspf=00;36:*~=00;90:*#=00;90:*.bak=00;90:*.crdownload=00;90:*.dpkg-dist=00;90:*.dpkg-new=00;90:*.dpkg-old=00;90:*.dpkg-tmp=00;90:*.old=00;90:*.orig=00;90:*.part=00;90:*.rej=00;90:*.rpmnew=00;90:*.rpmorig=00;90:*.rpmsave=00;90:*.swp=00;90:*.tmp=00;90:*.ucf-dist=00;90:*.ucf-new=00;90:*.ucf-old=00;90:', 'VSCODE_GIT_IPC_HANDLE': '/run/user/1000/vscode-git-f13100ddb5.sock', 'GNOME_TERMINAL_SERVICE': ':1.76', 'SSH_AUTH_SOCK': '/tmp/ssh-HN1t1rbN5aul/agent.10783', 'AMENT_PREFIX_PATH': '/home/orsted/AGV_EEPIS/install/ultrasonic:/home/orsted/AGV_EEPIS/install/system:/home/orsted/AGV_EEPIS/install/slam:/home/orsted/AGV_EEPIS/install/remote:/home/orsted/AGV_EEPIS/install/drive_controller:/home/orsted/AGV_EEPIS/install/ddmr_description:/home/orsted/AGV_EEPIS/install/canbus:/home/orsted/AGV_EEPIS/install/bringup:/home/orsted/AGV_EEPIS/install/ascamera:/home/orsted/AGV_EEPIS/install/agv_description:/opt/ros/jazzy', 'SHELL': '/bin/bash', 'LESSCLOSE': '/usr/bin/lesspipe %s %s', 'LC_ALLL': 'en_US.UTF-8', 'ROS_AUTOMATIC_DISCOVERY_RANGE': 'SUBNET', 'VSCODE_GIT_ASKPASS_EXTRA_ARGS': '', 'PWD': '/home/orsted/AGV_EEPIS/build/ascamera', 'XDG_CONFIG_DIRS': '/etc/xdg/xdg-xfce:/etc/xdg', 'SSH_CONNECTION': '192.168.137.1 53332 192.168.137.60 22', 'XDG_DATA_DIRS': '/usr/share/xfce4:/usr/share:/usr/local/share:/usr/share', 'PYTHONPATH': '/home/orsted/AGV_EEPIS/build/ultrasonic:/home/orsted/AGV_EEPIS/install/ultrasonic/lib/python3.12/site-packages:/home/orsted/AGV_EEPIS/build/system:/home/orsted/AGV_EEPIS/install/system/lib/python3.12/site-packages:/home/orsted/AGV_EEPIS/build/slam:/home/orsted/AGV_EEPIS/install/slam/lib/python3.12/site-packages:/home/orsted/AGV_EEPIS/build/remote:/home/orsted/AGV_EEPIS/install/remote/lib/python3.12/site-packages:/home/orsted/AGV_EEPIS/build/drive_controller:/home/orsted/AGV_EEPIS/install/drive_controller/lib/python3.12/site-packages:/home/orsted/AGV_EEPIS/build/ddmr_description:/home/orsted/AGV_EEPIS/install/ddmr_description/lib/python3.12/site-packages:/home/orsted/AGV_EEPIS/build/canbus:/home/orsted/AGV_EEPIS/install/canbus/lib/python3.12/site-packages:/home/orsted/AGV_EEPIS/build/bringup:/home/orsted/AGV_EEPIS/install/bringup/lib/python3.12/site-packages:/home/orsted/AGV_EEPIS/build/agv_description:/home/orsted/AGV_EEPIS/install/agv_description/lib/python3.12/site-packages:/opt/ros/jazzy/lib/python3.12/site-packages', 'COLCON': '1', 'VTE_VERSION': '7600', 'CMAKE_PREFIX_PATH': '/home/orsted/AGV_EEPIS/install/ascamera:/opt/ros/jazzy/opt/gz_sim_vendor:/opt/ros/jazzy/opt/gz_sensors_vendor:/opt/ros/jazzy/opt/gz_physics_vendor:/opt/ros/jazzy/opt/sdformat_vendor:/opt/ros/jazzy/opt/gz_gui_vendor:/opt/ros/jazzy/opt/gz_transport_vendor:/opt/ros/jazzy/opt/gz_rendering_vendor:/opt/ros/jazzy/opt/gz_plugin_vendor:/opt/ros/jazzy/opt/gz_fuel_tools_vendor:/opt/ros/jazzy/opt/gz_msgs_vendor:/opt/ros/jazzy/opt/gz_common_vendor:/opt/ros/jazzy/opt/gz_math_vendor:/opt/ros/jazzy/opt/gz_utils_vendor:/opt/ros/jazzy/opt/gz_tools_vendor:/opt/ros/jazzy/opt/gz_ogre_next_vendor:/opt/ros/jazzy/opt/gz_dartsim_vendor:/opt/ros/jazzy/opt/gz_cmake_vendor:/home/orsted/AGV_EEPIS/install/ultrasonic:/home/orsted/AGV_EEPIS/install/system:/home/orsted/AGV_EEPIS/install/slam:/home/orsted/AGV_EEPIS/install/remote:/home/orsted/AGV_EEPIS/install/drive_controller:/home/orsted/AGV_EEPIS/install/ddmr_description:/home/orsted/AGV_EEPIS/install/canbus:/home/orsted/AGV_EEPIS/install/bringup:/home/orsted/AGV_EEPIS/install/agv_description:/opt/ros/jazzy'}), 'shell': False}
[80.324749] (-) TimerEvent: {}
[80.339242] (ascamera) StdoutLine: {'line': b'-- Install configuration: ""\n'}
[80.340288] (ascamera) StdoutLine: {'line': b'-- Execute custom install script\n'}
[80.341331] (ascamera) StdoutLine: {'line': b'-- Symlinking: /home/orsted/AGV_EEPIS/install/ascamera/lib/ascamera/ascamera_node\n'}
[80.370413] (ascamera) StdoutLine: {'line': b'-- Symlinking: /home/orsted/AGV_EEPIS/install/ascamera/share/ascamera/launch/ascamera.launch.py\n'}
[80.397961] (ascamera) StdoutLine: {'line': b'-- Symlinking: /home/orsted/AGV_EEPIS/install/ascamera/share/ascamera/launch/changA.launch.py\n'}
[80.424764] (ascamera) StdoutLine: {'line': b'-- Symlinking: /home/orsted/AGV_EEPIS/install/ascamera/share/ascamera/launch/hp60c.launch.py\n'}
[80.425136] (-) TimerEvent: {}
[80.460273] (ascamera) StdoutLine: {'line': b'-- Symlinking: /home/orsted/AGV_EEPIS/install/ascamera/share/ascamera/launch/hp60cn.launch.py\n'}
[80.493756] (ascamera) StdoutLine: {'line': b'-- Symlinking: /home/orsted/AGV_EEPIS/install/ascamera/share/ascamera/launch/kondyor.launch.py\n'}
[80.524948] (ascamera) StdoutLine: {'line': b'-- Symlinking: /home/orsted/AGV_EEPIS/install/ascamera/share/ascamera/launch/kunlun_a.launch.py\n'}
[80.525450] (-) TimerEvent: {}
[80.557061] (ascamera) StdoutLine: {'line': b'-- Symlinking: /home/orsted/AGV_EEPIS/install/ascamera/share/ascamera/launch/kunlun_c.launch.py\n'}
[80.591020] (ascamera) StdoutLine: {'line': b'-- Symlinking: /home/orsted/AGV_EEPIS/install/ascamera/share/ascamera/launch/nuwa.launch.py\n'}
[80.625035] (ascamera) StdoutLine: {'line': b'-- Symlinking: /home/orsted/AGV_EEPIS/install/ascamera/share/ascamera/launch/runCamera.launch.py\n'}
[80.625459] (-) TimerEvent: {}
[80.664022] (ascamera) StdoutLine: {'line': b'-- Symlinking: /home/orsted/AGV_EEPIS/install/ascamera/share/ament_index/resource_index/package_run_dependencies/ascamera\n'}
[80.700627] (ascamera) StdoutLine: {'line': b'-- Symlinking: /home/orsted/AGV_EEPIS/install/ascamera/share/ament_index/resource_index/parent_prefix_path/ascamera\n'}
[80.725573] (-) TimerEvent: {}
[80.736512] (ascamera) StdoutLine: {'line': b'-- Symlinking: /home/orsted/AGV_EEPIS/install/ascamera/share/ascamera/environment/ament_prefix_path.sh\n'}
[80.770310] (ascamera) StdoutLine: {'line': b'-- Symlinking: /home/orsted/AGV_EEPIS/install/ascamera/share/ascamera/environment/ament_prefix_path.dsv\n'}
[80.803304] (ascamera) StdoutLine: {'line': b'-- Symlinking: /home/orsted/AGV_EEPIS/install/ascamera/share/ascamera/environment/path.sh\n'}
[80.825735] (-) TimerEvent: {}
[80.840239] (ascamera) StdoutLine: {'line': b'-- Symlinking: /home/orsted/AGV_EEPIS/install/ascamera/share/ascamera/environment/path.dsv\n'}
[80.876502] (ascamera) StdoutLine: {'line': b'-- Symlinking: /home/orsted/AGV_EEPIS/install/ascamera/share/ascamera/local_setup.bash\n'}
[80.910208] (ascamera) StdoutLine: {'line': b'-- Symlinking: /home/orsted/AGV_EEPIS/install/ascamera/share/ascamera/local_setup.sh\n'}
[80.925935] (-) TimerEvent: {}
[80.946645] (ascamera) StdoutLine: {'line': b'-- Symlinking: /home/orsted/AGV_EEPIS/install/ascamera/share/ascamera/local_setup.zsh\n'}
[80.981468] (ascamera) StdoutLine: {'line': b'-- Symlinking: /home/orsted/AGV_EEPIS/install/ascamera/share/ascamera/local_setup.dsv\n'}
[81.014001] (ascamera) StdoutLine: {'line': b'-- Symlinking: /home/orsted/AGV_EEPIS/install/ascamera/share/ascamera/package.dsv\n'}
[81.026034] (-) TimerEvent: {}
[81.049009] (ascamera) StdoutLine: {'line': b'-- Symlinking: /home/orsted/AGV_EEPIS/install/ascamera/share/ament_index/resource_index/packages/ascamera\n'}
[81.083476] (ascamera) StdoutLine: {'line': b'-- Symlinking: /home/orsted/AGV_EEPIS/install/ascamera/share/ascamera/cmake/ascameraConfig.cmake\n'}
[81.115705] (ascamera) StdoutLine: {'line': b'-- Symlinking: /home/orsted/AGV_EEPIS/install/ascamera/share/ascamera/cmake/ascameraConfig-version.cmake\n'}
[81.126286] (-) TimerEvent: {}
[81.151463] (ascamera) StdoutLine: {'line': b'-- Symlinking: /home/orsted/AGV_EEPIS/install/ascamera/share/ascamera/package.xml\n'}
[81.193210] (ascamera) CommandEnded: {'returncode': 0}
[81.226547] (-) TimerEvent: {}
[81.265963] (ascamera) JobEnded: {'identifier': 'ascamera', 'rc': 0}
[81.272252] (-) EventReactorShutdown: {}
