[0.455s] DEBUG:colcon:Command line arguments: ['/usr/bin/colcon', 'build', '--symlink']
[0.456s] DEBUG:colcon:Parsed command line arguments: Namespace(log_base=None, log_level=None, verb_name='build', build_base='build', install_base='install', merge_install=False, symlink_install=True, test_result_base=None, continue_on_error=False, executor='parallel', parallel_workers=6, event_handlers=None, ignore_user_meta=False, metas=['./colcon.meta'], base_paths=['.'], packages_ignore=None, packages_ignore_regex=None, paths=None, packages_up_to=None, packages_up_to_regex=None, packages_above=None, packages_above_and_dependencies=None, packages_above_depth=None, packages_select_by_dep=None, packages_skip_by_dep=None, packages_skip_up_to=None, packages_select_build_failed=False, packages_skip_build_finished=False, packages_select_test_failures=False, packages_skip_test_passed=False, packages_select=None, packages_skip=None, packages_select_regex=None, packages_skip_regex=None, packages_start=None, packages_end=None, allow_overriding=[], cmake_args=None, cmake_target=None, cmake_target_skip_unavailable=False, cmake_clean_cache=False, cmake_clean_first=False, cmake_force_configure=False, ament_cmake_args=None, catkin_cmake_args=None, catkin_skip_building_tests=False, mixin_files=None, mixin=None, verb_parser=<colcon_mixin.mixin.mixin_argument.MixinArgumentDecorator object at 0xffff841a7c80>, verb_extension=<colcon_core.verb.build.BuildVerb object at 0xffff841a7860>, main=<bound method BuildVerb.main of <colcon_core.verb.build.BuildVerb object at 0xffff841a7860>>, mixin_verb=('build',))
[0.633s] Level 1:colcon.colcon_core.package_discovery:discover_packages(colcon_meta) check parameters
[0.633s] Level 1:colcon.colcon_core.package_discovery:discover_packages(recursive) check parameters
[0.633s] Level 1:colcon.colcon_core.package_discovery:discover_packages(ignore) check parameters
[0.633s] Level 1:colcon.colcon_core.package_discovery:discover_packages(path) check parameters
[0.633s] Level 1:colcon.colcon_core.package_discovery:discover_packages(colcon_meta) discover
[0.634s] Level 1:colcon.colcon_core.package_discovery:discover_packages(recursive) discover
[0.634s] INFO:colcon.colcon_core.package_discovery:Crawling recursively for packages in '/home/orsted/AGV_EEPIS'
[0.634s] Level 1:colcon.colcon_core.package_identification:_identify(.) by extensions ['ignore', 'ignore_ament_install']
[0.634s] Level 1:colcon.colcon_core.package_identification:_identify(.) by extension 'ignore'
[0.635s] Level 1:colcon.colcon_core.package_identification:_identify(.) by extension 'ignore_ament_install'
[0.635s] Level 1:colcon.colcon_core.package_identification:_identify(.) by extensions ['colcon_pkg']
[0.635s] Level 1:colcon.colcon_core.package_identification:_identify(.) by extension 'colcon_pkg'
[0.635s] Level 1:colcon.colcon_core.package_identification:_identify(.) by extensions ['colcon_meta']
[0.635s] Level 1:colcon.colcon_core.package_identification:_identify(.) by extension 'colcon_meta'
[0.635s] Level 1:colcon.colcon_core.package_identification:_identify(.) by extensions ['ros']
[0.635s] Level 1:colcon.colcon_core.package_identification:_identify(.) by extension 'ros'
[0.703s] Level 1:colcon.colcon_core.package_identification:_identify(.) by extensions ['cmake', 'python']
[0.703s] Level 1:colcon.colcon_core.package_identification:_identify(.) by extension 'cmake'
[0.703s] Level 1:colcon.colcon_core.package_identification:_identify(.) by extension 'python'
[0.703s] Level 1:colcon.colcon_core.package_identification:_identify(.) by extensions ['python_setup_py']
[0.703s] Level 1:colcon.colcon_core.package_identification:_identify(.) by extension 'python_setup_py'
[0.704s] Level 1:colcon.colcon_core.package_identification:_identify(build) by extensions ['ignore', 'ignore_ament_install']
[0.704s] Level 1:colcon.colcon_core.package_identification:_identify(build) by extension 'ignore'
[0.704s] Level 1:colcon.colcon_core.package_identification:_identify(build) ignored
[0.704s] Level 1:colcon.colcon_core.package_identification:_identify(install) by extensions ['ignore', 'ignore_ament_install']
[0.705s] Level 1:colcon.colcon_core.package_identification:_identify(install) by extension 'ignore'
[0.705s] Level 1:colcon.colcon_core.package_identification:_identify(install) ignored
[0.705s] Level 1:colcon.colcon_core.package_identification:_identify(log) by extensions ['ignore', 'ignore_ament_install']
[0.705s] Level 1:colcon.colcon_core.package_identification:_identify(log) by extension 'ignore'
[0.705s] Level 1:colcon.colcon_core.package_identification:_identify(log) ignored
[0.705s] Level 1:colcon.colcon_core.package_identification:_identify(src) by extensions ['ignore', 'ignore_ament_install']
[0.706s] Level 1:colcon.colcon_core.package_identification:_identify(src) by extension 'ignore'
[0.706s] Level 1:colcon.colcon_core.package_identification:_identify(src) by extension 'ignore_ament_install'
[0.706s] Level 1:colcon.colcon_core.package_identification:_identify(src) by extensions ['colcon_pkg']
[0.706s] Level 1:colcon.colcon_core.package_identification:_identify(src) by extension 'colcon_pkg'
[0.706s] Level 1:colcon.colcon_core.package_identification:_identify(src) by extensions ['colcon_meta']
[0.706s] Level 1:colcon.colcon_core.package_identification:_identify(src) by extension 'colcon_meta'
[0.706s] Level 1:colcon.colcon_core.package_identification:_identify(src) by extensions ['ros']
[0.706s] Level 1:colcon.colcon_core.package_identification:_identify(src) by extension 'ros'
[0.707s] Level 1:colcon.colcon_core.package_identification:_identify(src) by extensions ['cmake', 'python']
[0.707s] Level 1:colcon.colcon_core.package_identification:_identify(src) by extension 'cmake'
[0.707s] Level 1:colcon.colcon_core.package_identification:_identify(src) by extension 'python'
[0.707s] Level 1:colcon.colcon_core.package_identification:_identify(src) by extensions ['python_setup_py']
[0.707s] Level 1:colcon.colcon_core.package_identification:_identify(src) by extension 'python_setup_py'
[0.707s] Level 1:colcon.colcon_core.package_identification:_identify(src/agv_description) by extensions ['ignore', 'ignore_ament_install']
[0.707s] Level 1:colcon.colcon_core.package_identification:_identify(src/agv_description) by extension 'ignore'
[0.708s] Level 1:colcon.colcon_core.package_identification:_identify(src/agv_description) by extension 'ignore_ament_install'
[0.708s] Level 1:colcon.colcon_core.package_identification:_identify(src/agv_description) by extensions ['colcon_pkg']
[0.708s] Level 1:colcon.colcon_core.package_identification:_identify(src/agv_description) by extension 'colcon_pkg'
[0.708s] Level 1:colcon.colcon_core.package_identification:_identify(src/agv_description) by extensions ['colcon_meta']
[0.708s] Level 1:colcon.colcon_core.package_identification:_identify(src/agv_description) by extension 'colcon_meta'
[0.708s] Level 1:colcon.colcon_core.package_identification:_identify(src/agv_description) by extensions ['ros']
[0.708s] Level 1:colcon.colcon_core.package_identification:_identify(src/agv_description) by extension 'ros'
[0.717s] DEBUG:colcon.colcon_core.package_identification:Package 'src/agv_description' with type 'ros.ament_python' and name 'agv_description'
[0.717s] Level 1:colcon.colcon_core.package_identification:_identify(src/ascamera) by extensions ['ignore', 'ignore_ament_install']
[0.717s] Level 1:colcon.colcon_core.package_identification:_identify(src/ascamera) by extension 'ignore'
[0.717s] Level 1:colcon.colcon_core.package_identification:_identify(src/ascamera) by extension 'ignore_ament_install'
[0.717s] Level 1:colcon.colcon_core.package_identification:_identify(src/ascamera) by extensions ['colcon_pkg']
[0.718s] Level 1:colcon.colcon_core.package_identification:_identify(src/ascamera) by extension 'colcon_pkg'
[0.718s] Level 1:colcon.colcon_core.package_identification:_identify(src/ascamera) by extensions ['colcon_meta']
[0.718s] Level 1:colcon.colcon_core.package_identification:_identify(src/ascamera) by extension 'colcon_meta'
[0.718s] Level 1:colcon.colcon_core.package_identification:_identify(src/ascamera) by extensions ['ros']
[0.718s] Level 1:colcon.colcon_core.package_identification:_identify(src/ascamera) by extension 'ros'
[0.720s] DEBUG:colcon.colcon_core.package_identification:Package 'src/ascamera' with type 'ros.ament_cmake' and name 'ascamera'
[0.720s] Level 1:colcon.colcon_core.package_identification:_identify(src/bringup) by extensions ['ignore', 'ignore_ament_install']
[0.720s] Level 1:colcon.colcon_core.package_identification:_identify(src/bringup) by extension 'ignore'
[0.721s] Level 1:colcon.colcon_core.package_identification:_identify(src/bringup) by extension 'ignore_ament_install'
[0.721s] Level 1:colcon.colcon_core.package_identification:_identify(src/bringup) by extensions ['colcon_pkg']
[0.721s] Level 1:colcon.colcon_core.package_identification:_identify(src/bringup) by extension 'colcon_pkg'
[0.721s] Level 1:colcon.colcon_core.package_identification:_identify(src/bringup) by extensions ['colcon_meta']
[0.721s] Level 1:colcon.colcon_core.package_identification:_identify(src/bringup) by extension 'colcon_meta'
[0.721s] Level 1:colcon.colcon_core.package_identification:_identify(src/bringup) by extensions ['ros']
[0.721s] Level 1:colcon.colcon_core.package_identification:_identify(src/bringup) by extension 'ros'
[0.723s] DEBUG:colcon.colcon_core.package_identification:Package 'src/bringup' with type 'ros.ament_python' and name 'bringup'
[0.723s] Level 1:colcon.colcon_core.package_identification:_identify(src/canbus) by extensions ['ignore', 'ignore_ament_install']
[0.723s] Level 1:colcon.colcon_core.package_identification:_identify(src/canbus) by extension 'ignore'
[0.723s] Level 1:colcon.colcon_core.package_identification:_identify(src/canbus) by extension 'ignore_ament_install'
[0.724s] Level 1:colcon.colcon_core.package_identification:_identify(src/canbus) by extensions ['colcon_pkg']
[0.724s] Level 1:colcon.colcon_core.package_identification:_identify(src/canbus) by extension 'colcon_pkg'
[0.724s] Level 1:colcon.colcon_core.package_identification:_identify(src/canbus) by extensions ['colcon_meta']
[0.724s] Level 1:colcon.colcon_core.package_identification:_identify(src/canbus) by extension 'colcon_meta'
[0.724s] Level 1:colcon.colcon_core.package_identification:_identify(src/canbus) by extensions ['ros']
[0.724s] Level 1:colcon.colcon_core.package_identification:_identify(src/canbus) by extension 'ros'
[0.725s] DEBUG:colcon.colcon_core.package_identification:Package 'src/canbus' with type 'ros.ament_python' and name 'canbus'
[0.726s] Level 1:colcon.colcon_core.package_identification:_identify(src/ddmr_description) by extensions ['ignore', 'ignore_ament_install']
[0.726s] Level 1:colcon.colcon_core.package_identification:_identify(src/ddmr_description) by extension 'ignore'
[0.726s] Level 1:colcon.colcon_core.package_identification:_identify(src/ddmr_description) by extension 'ignore_ament_install'
[0.726s] Level 1:colcon.colcon_core.package_identification:_identify(src/ddmr_description) by extensions ['colcon_pkg']
[0.726s] Level 1:colcon.colcon_core.package_identification:_identify(src/ddmr_description) by extension 'colcon_pkg'
[0.726s] Level 1:colcon.colcon_core.package_identification:_identify(src/ddmr_description) by extensions ['colcon_meta']
[0.726s] Level 1:colcon.colcon_core.package_identification:_identify(src/ddmr_description) by extension 'colcon_meta'
[0.727s] Level 1:colcon.colcon_core.package_identification:_identify(src/ddmr_description) by extensions ['ros']
[0.727s] Level 1:colcon.colcon_core.package_identification:_identify(src/ddmr_description) by extension 'ros'
[0.730s] DEBUG:colcon.colcon_core.package_identification:Package 'src/ddmr_description' with type 'ros.ament_python' and name 'ddmr_description'
[0.730s] Level 1:colcon.colcon_core.package_identification:_identify(src/drive_controller) by extensions ['ignore', 'ignore_ament_install']
[0.730s] Level 1:colcon.colcon_core.package_identification:_identify(src/drive_controller) by extension 'ignore'
[0.730s] Level 1:colcon.colcon_core.package_identification:_identify(src/drive_controller) by extension 'ignore_ament_install'
[0.731s] Level 1:colcon.colcon_core.package_identification:_identify(src/drive_controller) by extensions ['colcon_pkg']
[0.731s] Level 1:colcon.colcon_core.package_identification:_identify(src/drive_controller) by extension 'colcon_pkg'
[0.731s] Level 1:colcon.colcon_core.package_identification:_identify(src/drive_controller) by extensions ['colcon_meta']
[0.731s] Level 1:colcon.colcon_core.package_identification:_identify(src/drive_controller) by extension 'colcon_meta'
[0.731s] Level 1:colcon.colcon_core.package_identification:_identify(src/drive_controller) by extensions ['ros']
[0.731s] Level 1:colcon.colcon_core.package_identification:_identify(src/drive_controller) by extension 'ros'
[0.732s] DEBUG:colcon.colcon_core.package_identification:Package 'src/drive_controller' with type 'ros.ament_python' and name 'drive_controller'
[0.733s] Level 1:colcon.colcon_core.package_identification:_identify(src/remote) by extensions ['ignore', 'ignore_ament_install']
[0.733s] Level 1:colcon.colcon_core.package_identification:_identify(src/remote) by extension 'ignore'
[0.733s] Level 1:colcon.colcon_core.package_identification:_identify(src/remote) by extension 'ignore_ament_install'
[0.733s] Level 1:colcon.colcon_core.package_identification:_identify(src/remote) by extensions ['colcon_pkg']
[0.733s] Level 1:colcon.colcon_core.package_identification:_identify(src/remote) by extension 'colcon_pkg'
[0.733s] Level 1:colcon.colcon_core.package_identification:_identify(src/remote) by extensions ['colcon_meta']
[0.733s] Level 1:colcon.colcon_core.package_identification:_identify(src/remote) by extension 'colcon_meta'
[0.733s] Level 1:colcon.colcon_core.package_identification:_identify(src/remote) by extensions ['ros']
[0.733s] Level 1:colcon.colcon_core.package_identification:_identify(src/remote) by extension 'ros'
[0.735s] DEBUG:colcon.colcon_core.package_identification:Package 'src/remote' with type 'ros.ament_python' and name 'remote'
[0.735s] Level 1:colcon.colcon_core.package_identification:_identify(src/slam) by extensions ['ignore', 'ignore_ament_install']
[0.735s] Level 1:colcon.colcon_core.package_identification:_identify(src/slam) by extension 'ignore'
[0.735s] Level 1:colcon.colcon_core.package_identification:_identify(src/slam) by extension 'ignore_ament_install'
[0.736s] Level 1:colcon.colcon_core.package_identification:_identify(src/slam) by extensions ['colcon_pkg']
[0.736s] Level 1:colcon.colcon_core.package_identification:_identify(src/slam) by extension 'colcon_pkg'
[0.736s] Level 1:colcon.colcon_core.package_identification:_identify(src/slam) by extensions ['colcon_meta']
[0.736s] Level 1:colcon.colcon_core.package_identification:_identify(src/slam) by extension 'colcon_meta'
[0.736s] Level 1:colcon.colcon_core.package_identification:_identify(src/slam) by extensions ['ros']
[0.736s] Level 1:colcon.colcon_core.package_identification:_identify(src/slam) by extension 'ros'
[0.737s] DEBUG:colcon.colcon_core.package_identification:Package 'src/slam' with type 'ros.ament_python' and name 'slam'
[0.737s] Level 1:colcon.colcon_core.package_identification:_identify(src/system) by extensions ['ignore', 'ignore_ament_install']
[0.738s] Level 1:colcon.colcon_core.package_identification:_identify(src/system) by extension 'ignore'
[0.738s] Level 1:colcon.colcon_core.package_identification:_identify(src/system) by extension 'ignore_ament_install'
[0.738s] Level 1:colcon.colcon_core.package_identification:_identify(src/system) by extensions ['colcon_pkg']
[0.738s] Level 1:colcon.colcon_core.package_identification:_identify(src/system) by extension 'colcon_pkg'
[0.738s] Level 1:colcon.colcon_core.package_identification:_identify(src/system) by extensions ['colcon_meta']
[0.738s] Level 1:colcon.colcon_core.package_identification:_identify(src/system) by extension 'colcon_meta'
[0.738s] Level 1:colcon.colcon_core.package_identification:_identify(src/system) by extensions ['ros']
[0.738s] Level 1:colcon.colcon_core.package_identification:_identify(src/system) by extension 'ros'
[0.740s] DEBUG:colcon.colcon_core.package_identification:Package 'src/system' with type 'ros.ament_python' and name 'system'
[0.740s] Level 1:colcon.colcon_core.package_identification:_identify(src/ultrasonic) by extensions ['ignore', 'ignore_ament_install']
[0.740s] Level 1:colcon.colcon_core.package_identification:_identify(src/ultrasonic) by extension 'ignore'
[0.740s] Level 1:colcon.colcon_core.package_identification:_identify(src/ultrasonic) by extension 'ignore_ament_install'
[0.740s] Level 1:colcon.colcon_core.package_identification:_identify(src/ultrasonic) by extensions ['colcon_pkg']
[0.741s] Level 1:colcon.colcon_core.package_identification:_identify(src/ultrasonic) by extension 'colcon_pkg'
[0.741s] Level 1:colcon.colcon_core.package_identification:_identify(src/ultrasonic) by extensions ['colcon_meta']
[0.741s] Level 1:colcon.colcon_core.package_identification:_identify(src/ultrasonic) by extension 'colcon_meta'
[0.741s] Level 1:colcon.colcon_core.package_identification:_identify(src/ultrasonic) by extensions ['ros']
[0.741s] Level 1:colcon.colcon_core.package_identification:_identify(src/ultrasonic) by extension 'ros'
[0.742s] DEBUG:colcon.colcon_core.package_identification:Package 'src/ultrasonic' with type 'ros.ament_python' and name 'ultrasonic'
[0.742s] Level 1:colcon.colcon_core.package_discovery:discover_packages(recursive) using defaults
[0.743s] Level 1:colcon.colcon_core.package_discovery:discover_packages(ignore) discover
[0.743s] Level 1:colcon.colcon_core.package_discovery:discover_packages(ignore) using defaults
[0.743s] Level 1:colcon.colcon_core.package_discovery:discover_packages(path) discover
[0.743s] Level 1:colcon.colcon_core.package_discovery:discover_packages(path) using defaults
[0.814s] Level 1:colcon.colcon_core.package_discovery:discover_packages(prefix_path) check parameters
[0.814s] Level 1:colcon.colcon_core.package_discovery:discover_packages(prefix_path) discover
[0.819s] WARNING:colcon.colcon_ros.prefix_path.ament:The path '/home/orsted/AGV_EEPIS/install/ultrasonic' in the environment variable AMENT_PREFIX_PATH doesn't exist
[0.820s] WARNING:colcon.colcon_ros.prefix_path.ament:The path '/home/orsted/AGV_EEPIS/install/system' in the environment variable AMENT_PREFIX_PATH doesn't exist
[0.820s] WARNING:colcon.colcon_ros.prefix_path.ament:The path '/home/orsted/AGV_EEPIS/install/slam' in the environment variable AMENT_PREFIX_PATH doesn't exist
[0.820s] WARNING:colcon.colcon_ros.prefix_path.ament:The path '/home/orsted/AGV_EEPIS/install/remote' in the environment variable AMENT_PREFIX_PATH doesn't exist
[0.820s] WARNING:colcon.colcon_ros.prefix_path.ament:The path '/home/orsted/AGV_EEPIS/install/drive_controller' in the environment variable AMENT_PREFIX_PATH doesn't exist
[0.820s] WARNING:colcon.colcon_ros.prefix_path.ament:The path '/home/orsted/AGV_EEPIS/install/ddmr_description' in the environment variable AMENT_PREFIX_PATH doesn't exist
[0.820s] WARNING:colcon.colcon_ros.prefix_path.ament:The path '/home/orsted/AGV_EEPIS/install/canbus' in the environment variable AMENT_PREFIX_PATH doesn't exist
[0.820s] WARNING:colcon.colcon_ros.prefix_path.ament:The path '/home/orsted/AGV_EEPIS/install/bringup' in the environment variable AMENT_PREFIX_PATH doesn't exist
[0.820s] WARNING:colcon.colcon_ros.prefix_path.ament:The path '/home/orsted/AGV_EEPIS/install/ascamera' in the environment variable AMENT_PREFIX_PATH doesn't exist
[0.820s] WARNING:colcon.colcon_ros.prefix_path.ament:The path '/home/orsted/AGV_EEPIS/install/agv_description' in the environment variable AMENT_PREFIX_PATH doesn't exist
[0.821s] WARNING:colcon.colcon_ros.prefix_path.catkin:The path '/home/orsted/AGV_EEPIS/install/ascamera' in the environment variable CMAKE_PREFIX_PATH doesn't exist
[0.824s] DEBUG:colcon.colcon_installed_package_information.package_discovery:Found 0 installed packages in /home/orsted/AGV_EEPIS/install
[0.828s] DEBUG:colcon.colcon_installed_package_information.package_discovery:Found 351 installed packages in /opt/ros/jazzy
[0.833s] Level 1:colcon.colcon_core.package_discovery:discover_packages(prefix_path) using defaults
[0.960s] Level 5:colcon.colcon_core.verb:set package 'agv_description' build argument 'cmake_args' from command line to 'None'
[0.961s] Level 5:colcon.colcon_core.verb:set package 'agv_description' build argument 'cmake_target' from command line to 'None'
[0.961s] Level 5:colcon.colcon_core.verb:set package 'agv_description' build argument 'cmake_target_skip_unavailable' from command line to 'False'
[0.961s] Level 5:colcon.colcon_core.verb:set package 'agv_description' build argument 'cmake_clean_cache' from command line to 'False'
[0.961s] Level 5:colcon.colcon_core.verb:set package 'agv_description' build argument 'cmake_clean_first' from command line to 'False'
[0.961s] Level 5:colcon.colcon_core.verb:set package 'agv_description' build argument 'cmake_force_configure' from command line to 'False'
[0.961s] Level 5:colcon.colcon_core.verb:set package 'agv_description' build argument 'ament_cmake_args' from command line to 'None'
[0.961s] Level 5:colcon.colcon_core.verb:set package 'agv_description' build argument 'catkin_cmake_args' from command line to 'None'
[0.961s] Level 5:colcon.colcon_core.verb:set package 'agv_description' build argument 'catkin_skip_building_tests' from command line to 'False'
[0.961s] DEBUG:colcon.colcon_core.verb:Building package 'agv_description' with the following arguments: {'ament_cmake_args': None, 'build_base': '/home/orsted/AGV_EEPIS/build/agv_description', 'catkin_cmake_args': None, 'catkin_skip_building_tests': False, 'cmake_args': None, 'cmake_clean_cache': False, 'cmake_clean_first': False, 'cmake_force_configure': False, 'cmake_target': None, 'cmake_target_skip_unavailable': False, 'install_base': '/home/orsted/AGV_EEPIS/install/agv_description', 'merge_install': False, 'path': '/home/orsted/AGV_EEPIS/src/agv_description', 'symlink_install': True, 'test_result_base': None}
[0.962s] Level 5:colcon.colcon_core.verb:set package 'ascamera' build argument 'cmake_args' from command line to 'None'
[0.962s] Level 5:colcon.colcon_core.verb:set package 'ascamera' build argument 'cmake_target' from command line to 'None'
[0.962s] Level 5:colcon.colcon_core.verb:set package 'ascamera' build argument 'cmake_target_skip_unavailable' from command line to 'False'
[0.962s] Level 5:colcon.colcon_core.verb:set package 'ascamera' build argument 'cmake_clean_cache' from command line to 'False'
[0.962s] Level 5:colcon.colcon_core.verb:set package 'ascamera' build argument 'cmake_clean_first' from command line to 'False'
[0.962s] Level 5:colcon.colcon_core.verb:set package 'ascamera' build argument 'cmake_force_configure' from command line to 'False'
[0.962s] Level 5:colcon.colcon_core.verb:set package 'ascamera' build argument 'ament_cmake_args' from command line to 'None'
[0.962s] Level 5:colcon.colcon_core.verb:set package 'ascamera' build argument 'catkin_cmake_args' from command line to 'None'
[0.962s] Level 5:colcon.colcon_core.verb:set package 'ascamera' build argument 'catkin_skip_building_tests' from command line to 'False'
[0.962s] DEBUG:colcon.colcon_core.verb:Building package 'ascamera' with the following arguments: {'ament_cmake_args': None, 'build_base': '/home/orsted/AGV_EEPIS/build/ascamera', 'catkin_cmake_args': None, 'catkin_skip_building_tests': False, 'cmake_args': None, 'cmake_clean_cache': False, 'cmake_clean_first': False, 'cmake_force_configure': False, 'cmake_target': None, 'cmake_target_skip_unavailable': False, 'install_base': '/home/orsted/AGV_EEPIS/install/ascamera', 'merge_install': False, 'path': '/home/orsted/AGV_EEPIS/src/ascamera', 'symlink_install': True, 'test_result_base': None}
[0.963s] Level 5:colcon.colcon_core.verb:set package 'bringup' build argument 'cmake_args' from command line to 'None'
[0.963s] Level 5:colcon.colcon_core.verb:set package 'bringup' build argument 'cmake_target' from command line to 'None'
[0.963s] Level 5:colcon.colcon_core.verb:set package 'bringup' build argument 'cmake_target_skip_unavailable' from command line to 'False'
[0.963s] Level 5:colcon.colcon_core.verb:set package 'bringup' build argument 'cmake_clean_cache' from command line to 'False'
[0.963s] Level 5:colcon.colcon_core.verb:set package 'bringup' build argument 'cmake_clean_first' from command line to 'False'
[0.963s] Level 5:colcon.colcon_core.verb:set package 'bringup' build argument 'cmake_force_configure' from command line to 'False'
[0.963s] Level 5:colcon.colcon_core.verb:set package 'bringup' build argument 'ament_cmake_args' from command line to 'None'
[0.963s] Level 5:colcon.colcon_core.verb:set package 'bringup' build argument 'catkin_cmake_args' from command line to 'None'
[0.963s] Level 5:colcon.colcon_core.verb:set package 'bringup' build argument 'catkin_skip_building_tests' from command line to 'False'
[0.963s] DEBUG:colcon.colcon_core.verb:Building package 'bringup' with the following arguments: {'ament_cmake_args': None, 'build_base': '/home/orsted/AGV_EEPIS/build/bringup', 'catkin_cmake_args': None, 'catkin_skip_building_tests': False, 'cmake_args': None, 'cmake_clean_cache': False, 'cmake_clean_first': False, 'cmake_force_configure': False, 'cmake_target': None, 'cmake_target_skip_unavailable': False, 'install_base': '/home/orsted/AGV_EEPIS/install/bringup', 'merge_install': False, 'path': '/home/orsted/AGV_EEPIS/src/bringup', 'symlink_install': True, 'test_result_base': None}
[0.964s] Level 5:colcon.colcon_core.verb:set package 'canbus' build argument 'cmake_args' from command line to 'None'
[0.964s] Level 5:colcon.colcon_core.verb:set package 'canbus' build argument 'cmake_target' from command line to 'None'
[0.964s] Level 5:colcon.colcon_core.verb:set package 'canbus' build argument 'cmake_target_skip_unavailable' from command line to 'False'
[0.964s] Level 5:colcon.colcon_core.verb:set package 'canbus' build argument 'cmake_clean_cache' from command line to 'False'
[0.964s] Level 5:colcon.colcon_core.verb:set package 'canbus' build argument 'cmake_clean_first' from command line to 'False'
[0.964s] Level 5:colcon.colcon_core.verb:set package 'canbus' build argument 'cmake_force_configure' from command line to 'False'
[0.964s] Level 5:colcon.colcon_core.verb:set package 'canbus' build argument 'ament_cmake_args' from command line to 'None'
[0.964s] Level 5:colcon.colcon_core.verb:set package 'canbus' build argument 'catkin_cmake_args' from command line to 'None'
[0.964s] Level 5:colcon.colcon_core.verb:set package 'canbus' build argument 'catkin_skip_building_tests' from command line to 'False'
[0.964s] DEBUG:colcon.colcon_core.verb:Building package 'canbus' with the following arguments: {'ament_cmake_args': None, 'build_base': '/home/orsted/AGV_EEPIS/build/canbus', 'catkin_cmake_args': None, 'catkin_skip_building_tests': False, 'cmake_args': None, 'cmake_clean_cache': False, 'cmake_clean_first': False, 'cmake_force_configure': False, 'cmake_target': None, 'cmake_target_skip_unavailable': False, 'install_base': '/home/orsted/AGV_EEPIS/install/canbus', 'merge_install': False, 'path': '/home/orsted/AGV_EEPIS/src/canbus', 'symlink_install': True, 'test_result_base': None}
[0.965s] Level 5:colcon.colcon_core.verb:set package 'ddmr_description' build argument 'cmake_args' from command line to 'None'
[0.965s] Level 5:colcon.colcon_core.verb:set package 'ddmr_description' build argument 'cmake_target' from command line to 'None'
[0.965s] Level 5:colcon.colcon_core.verb:set package 'ddmr_description' build argument 'cmake_target_skip_unavailable' from command line to 'False'
[0.965s] Level 5:colcon.colcon_core.verb:set package 'ddmr_description' build argument 'cmake_clean_cache' from command line to 'False'
[0.965s] Level 5:colcon.colcon_core.verb:set package 'ddmr_description' build argument 'cmake_clean_first' from command line to 'False'
[0.965s] Level 5:colcon.colcon_core.verb:set package 'ddmr_description' build argument 'cmake_force_configure' from command line to 'False'
[0.965s] Level 5:colcon.colcon_core.verb:set package 'ddmr_description' build argument 'ament_cmake_args' from command line to 'None'
[0.965s] Level 5:colcon.colcon_core.verb:set package 'ddmr_description' build argument 'catkin_cmake_args' from command line to 'None'
[0.965s] Level 5:colcon.colcon_core.verb:set package 'ddmr_description' build argument 'catkin_skip_building_tests' from command line to 'False'
[0.965s] DEBUG:colcon.colcon_core.verb:Building package 'ddmr_description' with the following arguments: {'ament_cmake_args': None, 'build_base': '/home/orsted/AGV_EEPIS/build/ddmr_description', 'catkin_cmake_args': None, 'catkin_skip_building_tests': False, 'cmake_args': None, 'cmake_clean_cache': False, 'cmake_clean_first': False, 'cmake_force_configure': False, 'cmake_target': None, 'cmake_target_skip_unavailable': False, 'install_base': '/home/orsted/AGV_EEPIS/install/ddmr_description', 'merge_install': False, 'path': '/home/orsted/AGV_EEPIS/src/ddmr_description', 'symlink_install': True, 'test_result_base': None}
[0.966s] Level 5:colcon.colcon_core.verb:set package 'drive_controller' build argument 'cmake_args' from command line to 'None'
[0.966s] Level 5:colcon.colcon_core.verb:set package 'drive_controller' build argument 'cmake_target' from command line to 'None'
[0.966s] Level 5:colcon.colcon_core.verb:set package 'drive_controller' build argument 'cmake_target_skip_unavailable' from command line to 'False'
[0.966s] Level 5:colcon.colcon_core.verb:set package 'drive_controller' build argument 'cmake_clean_cache' from command line to 'False'
[0.966s] Level 5:colcon.colcon_core.verb:set package 'drive_controller' build argument 'cmake_clean_first' from command line to 'False'
[0.966s] Level 5:colcon.colcon_core.verb:set package 'drive_controller' build argument 'cmake_force_configure' from command line to 'False'
[0.966s] Level 5:colcon.colcon_core.verb:set package 'drive_controller' build argument 'ament_cmake_args' from command line to 'None'
[0.966s] Level 5:colcon.colcon_core.verb:set package 'drive_controller' build argument 'catkin_cmake_args' from command line to 'None'
[0.966s] Level 5:colcon.colcon_core.verb:set package 'drive_controller' build argument 'catkin_skip_building_tests' from command line to 'False'
[0.966s] DEBUG:colcon.colcon_core.verb:Building package 'drive_controller' with the following arguments: {'ament_cmake_args': None, 'build_base': '/home/orsted/AGV_EEPIS/build/drive_controller', 'catkin_cmake_args': None, 'catkin_skip_building_tests': False, 'cmake_args': None, 'cmake_clean_cache': False, 'cmake_clean_first': False, 'cmake_force_configure': False, 'cmake_target': None, 'cmake_target_skip_unavailable': False, 'install_base': '/home/orsted/AGV_EEPIS/install/drive_controller', 'merge_install': False, 'path': '/home/orsted/AGV_EEPIS/src/drive_controller', 'symlink_install': True, 'test_result_base': None}
[0.967s] Level 5:colcon.colcon_core.verb:set package 'remote' build argument 'cmake_args' from command line to 'None'
[0.967s] Level 5:colcon.colcon_core.verb:set package 'remote' build argument 'cmake_target' from command line to 'None'
[0.967s] Level 5:colcon.colcon_core.verb:set package 'remote' build argument 'cmake_target_skip_unavailable' from command line to 'False'
[0.967s] Level 5:colcon.colcon_core.verb:set package 'remote' build argument 'cmake_clean_cache' from command line to 'False'
[0.967s] Level 5:colcon.colcon_core.verb:set package 'remote' build argument 'cmake_clean_first' from command line to 'False'
[0.967s] Level 5:colcon.colcon_core.verb:set package 'remote' build argument 'cmake_force_configure' from command line to 'False'
[0.967s] Level 5:colcon.colcon_core.verb:set package 'remote' build argument 'ament_cmake_args' from command line to 'None'
[0.967s] Level 5:colcon.colcon_core.verb:set package 'remote' build argument 'catkin_cmake_args' from command line to 'None'
[0.967s] Level 5:colcon.colcon_core.verb:set package 'remote' build argument 'catkin_skip_building_tests' from command line to 'False'
[0.967s] DEBUG:colcon.colcon_core.verb:Building package 'remote' with the following arguments: {'ament_cmake_args': None, 'build_base': '/home/orsted/AGV_EEPIS/build/remote', 'catkin_cmake_args': None, 'catkin_skip_building_tests': False, 'cmake_args': None, 'cmake_clean_cache': False, 'cmake_clean_first': False, 'cmake_force_configure': False, 'cmake_target': None, 'cmake_target_skip_unavailable': False, 'install_base': '/home/orsted/AGV_EEPIS/install/remote', 'merge_install': False, 'path': '/home/orsted/AGV_EEPIS/src/remote', 'symlink_install': True, 'test_result_base': None}
[0.968s] Level 5:colcon.colcon_core.verb:set package 'slam' build argument 'cmake_args' from command line to 'None'
[0.968s] Level 5:colcon.colcon_core.verb:set package 'slam' build argument 'cmake_target' from command line to 'None'
[0.968s] Level 5:colcon.colcon_core.verb:set package 'slam' build argument 'cmake_target_skip_unavailable' from command line to 'False'
[0.968s] Level 5:colcon.colcon_core.verb:set package 'slam' build argument 'cmake_clean_cache' from command line to 'False'
[0.968s] Level 5:colcon.colcon_core.verb:set package 'slam' build argument 'cmake_clean_first' from command line to 'False'
[0.968s] Level 5:colcon.colcon_core.verb:set package 'slam' build argument 'cmake_force_configure' from command line to 'False'
[0.968s] Level 5:colcon.colcon_core.verb:set package 'slam' build argument 'ament_cmake_args' from command line to 'None'
[0.968s] Level 5:colcon.colcon_core.verb:set package 'slam' build argument 'catkin_cmake_args' from command line to 'None'
[0.968s] Level 5:colcon.colcon_core.verb:set package 'slam' build argument 'catkin_skip_building_tests' from command line to 'False'
[0.968s] DEBUG:colcon.colcon_core.verb:Building package 'slam' with the following arguments: {'ament_cmake_args': None, 'build_base': '/home/orsted/AGV_EEPIS/build/slam', 'catkin_cmake_args': None, 'catkin_skip_building_tests': False, 'cmake_args': None, 'cmake_clean_cache': False, 'cmake_clean_first': False, 'cmake_force_configure': False, 'cmake_target': None, 'cmake_target_skip_unavailable': False, 'install_base': '/home/orsted/AGV_EEPIS/install/slam', 'merge_install': False, 'path': '/home/orsted/AGV_EEPIS/src/slam', 'symlink_install': True, 'test_result_base': None}
[0.969s] Level 5:colcon.colcon_core.verb:set package 'system' build argument 'cmake_args' from command line to 'None'
[0.969s] Level 5:colcon.colcon_core.verb:set package 'system' build argument 'cmake_target' from command line to 'None'
[0.969s] Level 5:colcon.colcon_core.verb:set package 'system' build argument 'cmake_target_skip_unavailable' from command line to 'False'
[0.969s] Level 5:colcon.colcon_core.verb:set package 'system' build argument 'cmake_clean_cache' from command line to 'False'
[0.969s] Level 5:colcon.colcon_core.verb:set package 'system' build argument 'cmake_clean_first' from command line to 'False'
[0.969s] Level 5:colcon.colcon_core.verb:set package 'system' build argument 'cmake_force_configure' from command line to 'False'
[0.969s] Level 5:colcon.colcon_core.verb:set package 'system' build argument 'ament_cmake_args' from command line to 'None'
[0.969s] Level 5:colcon.colcon_core.verb:set package 'system' build argument 'catkin_cmake_args' from command line to 'None'
[0.969s] Level 5:colcon.colcon_core.verb:set package 'system' build argument 'catkin_skip_building_tests' from command line to 'False'
[0.969s] DEBUG:colcon.colcon_core.verb:Building package 'system' with the following arguments: {'ament_cmake_args': None, 'build_base': '/home/orsted/AGV_EEPIS/build/system', 'catkin_cmake_args': None, 'catkin_skip_building_tests': False, 'cmake_args': None, 'cmake_clean_cache': False, 'cmake_clean_first': False, 'cmake_force_configure': False, 'cmake_target': None, 'cmake_target_skip_unavailable': False, 'install_base': '/home/orsted/AGV_EEPIS/install/system', 'merge_install': False, 'path': '/home/orsted/AGV_EEPIS/src/system', 'symlink_install': True, 'test_result_base': None}
[0.970s] Level 5:colcon.colcon_core.verb:set package 'ultrasonic' build argument 'cmake_args' from command line to 'None'
[0.970s] Level 5:colcon.colcon_core.verb:set package 'ultrasonic' build argument 'cmake_target' from command line to 'None'
[0.970s] Level 5:colcon.colcon_core.verb:set package 'ultrasonic' build argument 'cmake_target_skip_unavailable' from command line to 'False'
[0.970s] Level 5:colcon.colcon_core.verb:set package 'ultrasonic' build argument 'cmake_clean_cache' from command line to 'False'
[0.970s] Level 5:colcon.colcon_core.verb:set package 'ultrasonic' build argument 'cmake_clean_first' from command line to 'False'
[0.970s] Level 5:colcon.colcon_core.verb:set package 'ultrasonic' build argument 'cmake_force_configure' from command line to 'False'
[0.970s] Level 5:colcon.colcon_core.verb:set package 'ultrasonic' build argument 'ament_cmake_args' from command line to 'None'
[0.970s] Level 5:colcon.colcon_core.verb:set package 'ultrasonic' build argument 'catkin_cmake_args' from command line to 'None'
[0.970s] Level 5:colcon.colcon_core.verb:set package 'ultrasonic' build argument 'catkin_skip_building_tests' from command line to 'False'
[0.970s] DEBUG:colcon.colcon_core.verb:Building package 'ultrasonic' with the following arguments: {'ament_cmake_args': None, 'build_base': '/home/orsted/AGV_EEPIS/build/ultrasonic', 'catkin_cmake_args': None, 'catkin_skip_building_tests': False, 'cmake_args': None, 'cmake_clean_cache': False, 'cmake_clean_first': False, 'cmake_force_configure': False, 'cmake_target': None, 'cmake_target_skip_unavailable': False, 'install_base': '/home/orsted/AGV_EEPIS/install/ultrasonic', 'merge_install': False, 'path': '/home/orsted/AGV_EEPIS/src/ultrasonic', 'symlink_install': True, 'test_result_base': None}
[0.970s] INFO:colcon.colcon_core.executor:Executing jobs using 'parallel' executor
[0.973s] DEBUG:colcon.colcon_parallel_executor.executor.parallel:run_until_complete
[0.974s] INFO:colcon.colcon_ros.task.ament_python.build:Building ROS package in '/home/orsted/AGV_EEPIS/src/agv_description' with build type 'ament_python'
[0.975s] Level 1:colcon.colcon_core.shell:create_environment_hook('agv_description', 'ament_prefix_path')
[0.991s] INFO:colcon.colcon_core.plugin_system:Skipping extension 'colcon_core.shell.bat': Not used on non-Windows systems
[0.992s] INFO:colcon.colcon_core.shell:Creating environment hook '/home/orsted/AGV_EEPIS/install/agv_description/share/agv_description/hook/ament_prefix_path.ps1'
[0.995s] INFO:colcon.colcon_core.shell:Creating environment descriptor '/home/orsted/AGV_EEPIS/install/agv_description/share/agv_description/hook/ament_prefix_path.dsv'
[0.996s] INFO:colcon.colcon_core.shell:Creating environment hook '/home/orsted/AGV_EEPIS/install/agv_description/share/agv_description/hook/ament_prefix_path.sh'
[0.999s] INFO:colcon.colcon_core.shell:Skip shell extension 'powershell' for command environment: Not usable outside of PowerShell
[0.999s] DEBUG:colcon.colcon_core.shell:Skip shell extension 'dsv' for command environment
[1.008s] INFO:colcon.colcon_ros.task.ament_cmake.build:Building ROS package in '/home/orsted/AGV_EEPIS/src/ascamera' with build type 'ament_cmake'
[1.009s] INFO:colcon.colcon_cmake.task.cmake.build:Building CMake package in '/home/orsted/AGV_EEPIS/src/ascamera'
[1.009s] INFO:colcon.colcon_core.shell:Skip shell extension 'powershell' for command environment: Not usable outside of PowerShell
[1.009s] DEBUG:colcon.colcon_core.shell:Skip shell extension 'dsv' for command environment
[1.025s] INFO:colcon.colcon_ros.task.ament_python.build:Building ROS package in '/home/orsted/AGV_EEPIS/src/bringup' with build type 'ament_python'
[1.026s] Level 1:colcon.colcon_core.shell:create_environment_hook('bringup', 'ament_prefix_path')
[1.027s] INFO:colcon.colcon_core.shell:Creating environment hook '/home/orsted/AGV_EEPIS/install/bringup/share/bringup/hook/ament_prefix_path.ps1'
[1.030s] INFO:colcon.colcon_core.shell:Creating environment descriptor '/home/orsted/AGV_EEPIS/install/bringup/share/bringup/hook/ament_prefix_path.dsv'
[1.031s] INFO:colcon.colcon_core.shell:Creating environment hook '/home/orsted/AGV_EEPIS/install/bringup/share/bringup/hook/ament_prefix_path.sh'
[1.032s] INFO:colcon.colcon_core.shell:Skip shell extension 'powershell' for command environment: Not usable outside of PowerShell
[1.032s] DEBUG:colcon.colcon_core.shell:Skip shell extension 'dsv' for command environment
[1.040s] INFO:colcon.colcon_ros.task.ament_python.build:Building ROS package in '/home/orsted/AGV_EEPIS/src/canbus' with build type 'ament_python'
[1.041s] Level 1:colcon.colcon_core.shell:create_environment_hook('canbus', 'ament_prefix_path')
[1.041s] INFO:colcon.colcon_core.shell:Creating environment hook '/home/orsted/AGV_EEPIS/install/canbus/share/canbus/hook/ament_prefix_path.ps1'
[1.043s] INFO:colcon.colcon_core.shell:Creating environment descriptor '/home/orsted/AGV_EEPIS/install/canbus/share/canbus/hook/ament_prefix_path.dsv'
[1.044s] INFO:colcon.colcon_core.shell:Creating environment hook '/home/orsted/AGV_EEPIS/install/canbus/share/canbus/hook/ament_prefix_path.sh'
[1.046s] INFO:colcon.colcon_core.shell:Skip shell extension 'powershell' for command environment: Not usable outside of PowerShell
[1.046s] DEBUG:colcon.colcon_core.shell:Skip shell extension 'dsv' for command environment
[1.056s] INFO:colcon.colcon_ros.task.ament_python.build:Building ROS package in '/home/orsted/AGV_EEPIS/src/ddmr_description' with build type 'ament_python'
[1.057s] Level 1:colcon.colcon_core.shell:create_environment_hook('ddmr_description', 'ament_prefix_path')
[1.057s] INFO:colcon.colcon_core.shell:Creating environment hook '/home/orsted/AGV_EEPIS/install/ddmr_description/share/ddmr_description/hook/ament_prefix_path.ps1'
[1.060s] INFO:colcon.colcon_core.shell:Creating environment descriptor '/home/orsted/AGV_EEPIS/install/ddmr_description/share/ddmr_description/hook/ament_prefix_path.dsv'
[1.061s] INFO:colcon.colcon_core.shell:Creating environment hook '/home/orsted/AGV_EEPIS/install/ddmr_description/share/ddmr_description/hook/ament_prefix_path.sh'
[1.063s] INFO:colcon.colcon_core.shell:Skip shell extension 'powershell' for command environment: Not usable outside of PowerShell
[1.063s] DEBUG:colcon.colcon_core.shell:Skip shell extension 'dsv' for command environment
[1.074s] INFO:colcon.colcon_ros.task.ament_python.build:Building ROS package in '/home/orsted/AGV_EEPIS/src/drive_controller' with build type 'ament_python'
[1.074s] Level 1:colcon.colcon_core.shell:create_environment_hook('drive_controller', 'ament_prefix_path')
[1.075s] INFO:colcon.colcon_core.shell:Creating environment hook '/home/orsted/AGV_EEPIS/install/drive_controller/share/drive_controller/hook/ament_prefix_path.ps1'
[1.077s] INFO:colcon.colcon_core.shell:Creating environment descriptor '/home/orsted/AGV_EEPIS/install/drive_controller/share/drive_controller/hook/ament_prefix_path.dsv'
[1.078s] INFO:colcon.colcon_core.shell:Creating environment hook '/home/orsted/AGV_EEPIS/install/drive_controller/share/drive_controller/hook/ament_prefix_path.sh'
[1.079s] INFO:colcon.colcon_core.shell:Skip shell extension 'powershell' for command environment: Not usable outside of PowerShell
[1.079s] DEBUG:colcon.colcon_core.shell:Skip shell extension 'dsv' for command environment
[1.821s] INFO:colcon.colcon_core.task.python.build:Building Python package in '/home/orsted/AGV_EEPIS/src/agv_description'
[1.822s] INFO:colcon.colcon_core.shell:Skip shell extension 'powershell' for command environment: Not usable outside of PowerShell
[1.822s] DEBUG:colcon.colcon_core.shell:Skip shell extension 'dsv' for command environment
[1.846s] DEBUG:colcon.colcon_core.event_handler.log_command:Invoking command in '/home/orsted/AGV_EEPIS/build/ascamera': CMAKE_PREFIX_PATH=${CMAKE_PREFIX_PATH}:/home/orsted/AGV_EEPIS/install/ultrasonic:/home/orsted/AGV_EEPIS/install/system:/home/orsted/AGV_EEPIS/install/slam:/home/orsted/AGV_EEPIS/install/remote:/home/orsted/AGV_EEPIS/install/drive_controller:/home/orsted/AGV_EEPIS/install/ddmr_description:/home/orsted/AGV_EEPIS/install/canbus:/home/orsted/AGV_EEPIS/install/bringup:/home/orsted/AGV_EEPIS/install/agv_description:/opt/ros/jazzy DEBUGINFOD_URLS=https://debuginfod.ubuntu.com /usr/bin/cmake /home/orsted/AGV_EEPIS/src/ascamera -DAMENT_CMAKE_SYMLINK_INSTALL=1 -DCMAKE_INSTALL_PREFIX=/home/orsted/AGV_EEPIS/install/ascamera
[2.517s] INFO:colcon.colcon_core.task.python.build:Building Python package in '/home/orsted/AGV_EEPIS/src/bringup'
[2.518s] INFO:colcon.colcon_core.shell:Skip shell extension 'powershell' for command environment: Not usable outside of PowerShell
[2.518s] DEBUG:colcon.colcon_core.shell:Skip shell extension 'dsv' for command environment
[3.226s] INFO:colcon.colcon_core.task.python.build:Building Python package in '/home/orsted/AGV_EEPIS/src/canbus'
[3.227s] INFO:colcon.colcon_core.shell:Skip shell extension 'powershell' for command environment: Not usable outside of PowerShell
[3.228s] DEBUG:colcon.colcon_core.shell:Skip shell extension 'dsv' for command environment
[3.903s] INFO:colcon.colcon_core.task.python.build:Building Python package in '/home/orsted/AGV_EEPIS/src/ddmr_description'
[3.905s] INFO:colcon.colcon_core.shell:Skip shell extension 'powershell' for command environment: Not usable outside of PowerShell
[3.905s] DEBUG:colcon.colcon_core.shell:Skip shell extension 'dsv' for command environment
[4.586s] INFO:colcon.colcon_core.task.python.build:Building Python package in '/home/orsted/AGV_EEPIS/src/drive_controller'
[4.587s] INFO:colcon.colcon_core.shell:Skip shell extension 'powershell' for command environment: Not usable outside of PowerShell
[4.588s] DEBUG:colcon.colcon_core.shell:Skip shell extension 'dsv' for command environment
[7.181s] DEBUG:colcon.colcon_core.task.python.build:Available setuptools commands: rotate, check, test, alias, bdist_rpm, init_catalog, install_lib, bdist_wheel, easy_install, extract_messages, bdist, saveopts, install_scripts, develop, upload_docs, dist_info, setopt, upload, install_headers, clean, symlink_data, compile_catalog, install_egg_info, build_clib, register, update_catalog, build_ext, bdist_egg, build, sdist, install_data, editable_wheel, egg_info, build_py, install, bdist_dumb, build_scripts
[7.235s] DEBUG:colcon.colcon_core.task.python.build:Available setuptools commands: rotate, check, test, alias, bdist_rpm, init_catalog, install_lib, bdist_wheel, easy_install, extract_messages, bdist, saveopts, install_scripts, develop, upload_docs, dist_info, setopt, upload, install_headers, clean, symlink_data, compile_catalog, install_egg_info, build_clib, register, update_catalog, build_ext, bdist_egg, build, sdist, install_data, editable_wheel, egg_info, build_py, install, bdist_dumb, build_scripts
[7.240s] DEBUG:colcon.colcon_core.task.python.build:Available setuptools commands: rotate, check, test, alias, bdist_rpm, init_catalog, install_lib, bdist_wheel, easy_install, extract_messages, bdist, saveopts, install_scripts, develop, upload_docs, dist_info, setopt, upload, install_headers, clean, symlink_data, compile_catalog, install_egg_info, build_clib, register, update_catalog, build_ext, bdist_egg, build, sdist, install_data, editable_wheel, egg_info, build_py, install, bdist_dumb, build_scripts
[7.249s] DEBUG:colcon.colcon_core.task.python.build:Available setuptools commands: rotate, check, test, alias, bdist_rpm, init_catalog, install_lib, bdist_wheel, easy_install, extract_messages, bdist, saveopts, install_scripts, develop, upload_docs, dist_info, setopt, upload, install_headers, clean, symlink_data, compile_catalog, install_egg_info, build_clib, register, update_catalog, build_ext, bdist_egg, build, sdist, install_data, editable_wheel, egg_info, build_py, install, bdist_dumb, build_scripts
[7.262s] DEBUG:colcon.colcon_core.task.python.build:Available setuptools commands: rotate, check, test, alias, bdist_rpm, init_catalog, install_lib, bdist_wheel, easy_install, extract_messages, bdist, saveopts, install_scripts, develop, upload_docs, dist_info, setopt, upload, install_headers, clean, symlink_data, compile_catalog, install_egg_info, build_clib, register, update_catalog, build_ext, bdist_egg, build, sdist, install_data, editable_wheel, egg_info, build_py, install, bdist_dumb, build_scripts
[8.298s] DEBUG:colcon.colcon_core.task.python.build:Available setuptools 'develop' options: --upgrade, --site-dirs, --prefix, --zip-ok, --allow-hosts, --editable, --no-user-cfg, --local-snapshots-ok, --record, --script-dir, --force-installation-into-system-dir, --index-url, --quiet, --user, --help, --install-layout, --find-links, --build-directory, --install-dir, --no-find-links, --always-copy, --egg-path, --verbose, --always-unzip, --optimize, --multi-version, --no-deps, --exclude-scripts, --dry-run, --version, --uninstall
[8.303s] DEBUG:colcon.colcon_core.event_handler.log_command:Invoking command in '/home/orsted/AGV_EEPIS/build/bringup': DEBUGINFOD_URLS=https://debuginfod.ubuntu.com PYTHONPATH=/home/orsted/AGV_EEPIS/build/bringup/prefix_override:/usr/lib/python3/dist-packages/colcon_core/task/python/colcon_distutils_commands:/home/orsted/AGV_EEPIS/install/bringup/lib/python3.12/site-packages:${PYTHONPATH} /usr/bin/python3 -W ignore:setup.py install is deprecated -W ignore:easy_install command is deprecated setup.py develop --editable --build-directory /home/orsted/AGV_EEPIS/build/bringup/build --no-deps symlink_data
[8.467s] DEBUG:colcon.colcon_core.task.python.build:Available setuptools 'develop' options: --upgrade, --site-dirs, --prefix, --zip-ok, --allow-hosts, --editable, --no-user-cfg, --local-snapshots-ok, --record, --script-dir, --force-installation-into-system-dir, --index-url, --quiet, --user, --help, --install-layout, --find-links, --build-directory, --install-dir, --no-find-links, --always-copy, --egg-path, --verbose, --always-unzip, --optimize, --multi-version, --no-deps, --exclude-scripts, --dry-run, --version, --uninstall
[8.474s] DEBUG:colcon.colcon_core.event_handler.log_command:Invoking command in '/home/orsted/AGV_EEPIS/build/canbus': DEBUGINFOD_URLS=https://debuginfod.ubuntu.com PYTHONPATH=/home/orsted/AGV_EEPIS/build/canbus/prefix_override:/usr/lib/python3/dist-packages/colcon_core/task/python/colcon_distutils_commands:/home/orsted/AGV_EEPIS/install/canbus/lib/python3.12/site-packages:${PYTHONPATH} /usr/bin/python3 -W ignore:setup.py install is deprecated -W ignore:easy_install command is deprecated setup.py develop --editable --build-directory /home/orsted/AGV_EEPIS/build/canbus/build --no-deps symlink_data
[8.510s] DEBUG:colcon.colcon_core.task.python.build:Available setuptools 'develop' options: --upgrade, --site-dirs, --prefix, --zip-ok, --allow-hosts, --editable, --no-user-cfg, --local-snapshots-ok, --record, --script-dir, --force-installation-into-system-dir, --index-url, --quiet, --user, --help, --install-layout, --find-links, --build-directory, --install-dir, --no-find-links, --always-copy, --egg-path, --verbose, --always-unzip, --optimize, --multi-version, --no-deps, --exclude-scripts, --dry-run, --version, --uninstall
[8.517s] DEBUG:colcon.colcon_core.event_handler.log_command:Invoking command in '/home/orsted/AGV_EEPIS/build/agv_description': DEBUGINFOD_URLS=https://debuginfod.ubuntu.com PYTHONPATH=/home/orsted/AGV_EEPIS/build/agv_description/prefix_override:/usr/lib/python3/dist-packages/colcon_core/task/python/colcon_distutils_commands:/home/orsted/AGV_EEPIS/install/agv_description/lib/python3.12/site-packages:${PYTHONPATH} /usr/bin/python3 -W ignore:setup.py install is deprecated -W ignore:easy_install command is deprecated setup.py develop --editable --build-directory /home/orsted/AGV_EEPIS/build/agv_description/build --no-deps symlink_data
[8.525s] DEBUG:colcon.colcon_core.task.python.build:Available setuptools 'develop' options: --upgrade, --site-dirs, --prefix, --zip-ok, --allow-hosts, --editable, --no-user-cfg, --local-snapshots-ok, --record, --script-dir, --force-installation-into-system-dir, --index-url, --quiet, --user, --help, --install-layout, --find-links, --build-directory, --install-dir, --no-find-links, --always-copy, --egg-path, --verbose, --always-unzip, --optimize, --multi-version, --no-deps, --exclude-scripts, --dry-run, --version, --uninstall
[8.536s] DEBUG:colcon.colcon_core.event_handler.log_command:Invoking command in '/home/orsted/AGV_EEPIS/build/ddmr_description': DEBUGINFOD_URLS=https://debuginfod.ubuntu.com PYTHONPATH=/home/orsted/AGV_EEPIS/build/ddmr_description/prefix_override:/usr/lib/python3/dist-packages/colcon_core/task/python/colcon_distutils_commands:/home/orsted/AGV_EEPIS/install/ddmr_description/lib/python3.12/site-packages:${PYTHONPATH} /usr/bin/python3 -W ignore:setup.py install is deprecated -W ignore:easy_install command is deprecated setup.py develop --editable --build-directory /home/orsted/AGV_EEPIS/build/ddmr_description/build --no-deps symlink_data
[8.619s] DEBUG:colcon.colcon_core.task.python.build:Available setuptools 'develop' options: --upgrade, --site-dirs, --prefix, --zip-ok, --allow-hosts, --editable, --no-user-cfg, --local-snapshots-ok, --record, --script-dir, --force-installation-into-system-dir, --index-url, --quiet, --user, --help, --install-layout, --find-links, --build-directory, --install-dir, --no-find-links, --always-copy, --egg-path, --verbose, --always-unzip, --optimize, --multi-version, --no-deps, --exclude-scripts, --dry-run, --version, --uninstall
[8.623s] DEBUG:colcon.colcon_core.event_handler.log_command:Invoking command in '/home/orsted/AGV_EEPIS/build/drive_controller': DEBUGINFOD_URLS=https://debuginfod.ubuntu.com PYTHONPATH=/home/orsted/AGV_EEPIS/build/drive_controller/prefix_override:/usr/lib/python3/dist-packages/colcon_core/task/python/colcon_distutils_commands:/home/orsted/AGV_EEPIS/install/drive_controller/lib/python3.12/site-packages:${PYTHONPATH} /usr/bin/python3 -W ignore:setup.py install is deprecated -W ignore:easy_install command is deprecated setup.py develop --editable --build-directory /home/orsted/AGV_EEPIS/build/drive_controller/build --no-deps symlink_data
[10.457s] Level 1:colcon.colcon_core.shell:create_environment_hook('bringup', 'pythonpath_develop')
[10.458s] INFO:colcon.colcon_core.shell:Creating environment hook '/home/orsted/AGV_EEPIS/build/bringup/share/bringup/hook/pythonpath_develop.ps1'
[10.460s] INFO:colcon.colcon_core.shell:Creating environment descriptor '/home/orsted/AGV_EEPIS/build/bringup/share/bringup/hook/pythonpath_develop.dsv'
[10.461s] INFO:colcon.colcon_core.shell:Creating environment hook '/home/orsted/AGV_EEPIS/build/bringup/share/bringup/hook/pythonpath_develop.sh'
[10.463s] DEBUG:colcon.colcon_core.event_handler.log_command:Invoked command in '/home/orsted/AGV_EEPIS/build/bringup' returned '0': DEBUGINFOD_URLS=https://debuginfod.ubuntu.com PYTHONPATH=/home/orsted/AGV_EEPIS/build/bringup/prefix_override:/usr/lib/python3/dist-packages/colcon_core/task/python/colcon_distutils_commands:/home/orsted/AGV_EEPIS/install/bringup/lib/python3.12/site-packages:${PYTHONPATH} /usr/bin/python3 -W ignore:setup.py install is deprecated -W ignore:easy_install command is deprecated setup.py develop --editable --build-directory /home/orsted/AGV_EEPIS/build/bringup/build --no-deps symlink_data
[10.837s] Level 1:colcon.colcon_core.environment:checking '/home/orsted/AGV_EEPIS/install/bringup' for CMake module files
[10.838s] Level 1:colcon.colcon_core.environment:checking '/home/orsted/AGV_EEPIS/install/bringup' for CMake config files
[10.840s] Level 1:colcon.colcon_core.environment:checking '/home/orsted/AGV_EEPIS/install/bringup/lib'
[10.841s] Level 1:colcon.colcon_core.environment:checking '/home/orsted/AGV_EEPIS/install/bringup/bin'
[10.841s] Level 1:colcon.colcon_core.environment:checking '/home/orsted/AGV_EEPIS/install/bringup/lib/pkgconfig/bringup.pc'
[10.842s] Level 1:colcon.colcon_core.environment:checking '/home/orsted/AGV_EEPIS/install/bringup/lib/python3.12/site-packages'
[10.842s] Level 1:colcon.colcon_core.shell:create_environment_hook('bringup', 'pythonpath')
[10.843s] INFO:colcon.colcon_core.shell:Creating environment hook '/home/orsted/AGV_EEPIS/install/bringup/share/bringup/hook/pythonpath.ps1'
[10.844s] INFO:colcon.colcon_core.shell:Creating environment descriptor '/home/orsted/AGV_EEPIS/install/bringup/share/bringup/hook/pythonpath.dsv'
[10.845s] INFO:colcon.colcon_core.shell:Creating environment hook '/home/orsted/AGV_EEPIS/install/bringup/share/bringup/hook/pythonpath.sh'
[10.847s] Level 1:colcon.colcon_core.environment:checking '/home/orsted/AGV_EEPIS/install/bringup/bin'
[10.848s] Level 1:colcon.colcon_core.environment:create_environment_scripts_only(bringup)
[10.849s] INFO:colcon.colcon_core.shell:Creating package script '/home/orsted/AGV_EEPIS/install/bringup/share/bringup/package.ps1'
[10.854s] INFO:colcon.colcon_core.shell:Creating package descriptor '/home/orsted/AGV_EEPIS/install/bringup/share/bringup/package.dsv'
[10.857s] INFO:colcon.colcon_core.shell:Creating package script '/home/orsted/AGV_EEPIS/install/bringup/share/bringup/package.sh'
[10.860s] INFO:colcon.colcon_core.shell:Creating package script '/home/orsted/AGV_EEPIS/install/bringup/share/bringup/package.bash'
[10.862s] INFO:colcon.colcon_core.shell:Creating package script '/home/orsted/AGV_EEPIS/install/bringup/share/bringup/package.zsh'
[10.864s] Level 1:colcon.colcon_core.environment:create_file_with_runtime_dependencies(/home/orsted/AGV_EEPIS/install/bringup/share/colcon-core/packages/bringup)
[10.867s] INFO:colcon.colcon_ros.task.ament_python.build:Building ROS package in '/home/orsted/AGV_EEPIS/src/remote' with build type 'ament_python'
[10.868s] Level 1:colcon.colcon_core.shell:create_environment_hook('remote', 'ament_prefix_path')
[10.869s] INFO:colcon.colcon_core.shell:Creating environment hook '/home/orsted/AGV_EEPIS/install/remote/share/remote/hook/ament_prefix_path.ps1'
[10.871s] INFO:colcon.colcon_core.shell:Creating environment descriptor '/home/orsted/AGV_EEPIS/install/remote/share/remote/hook/ament_prefix_path.dsv'
[10.872s] INFO:colcon.colcon_core.shell:Creating environment hook '/home/orsted/AGV_EEPIS/install/remote/share/remote/hook/ament_prefix_path.sh'
[10.874s] INFO:colcon.colcon_core.shell:Skip shell extension 'powershell' for command environment: Not usable outside of PowerShell
[10.874s] DEBUG:colcon.colcon_core.shell:Skip shell extension 'dsv' for command environment
[10.886s] Level 1:colcon.colcon_core.shell:create_environment_hook('canbus', 'pythonpath_develop')
[10.887s] INFO:colcon.colcon_core.shell:Creating environment hook '/home/orsted/AGV_EEPIS/build/canbus/share/canbus/hook/pythonpath_develop.ps1'
[10.888s] DEBUG:colcon.colcon_core.event_handler.log_command:Invoked command in '/home/orsted/AGV_EEPIS/build/canbus' returned '0': DEBUGINFOD_URLS=https://debuginfod.ubuntu.com PYTHONPATH=/home/orsted/AGV_EEPIS/build/canbus/prefix_override:/usr/lib/python3/dist-packages/colcon_core/task/python/colcon_distutils_commands:/home/orsted/AGV_EEPIS/install/canbus/lib/python3.12/site-packages:${PYTHONPATH} /usr/bin/python3 -W ignore:setup.py install is deprecated -W ignore:easy_install command is deprecated setup.py develop --editable --build-directory /home/orsted/AGV_EEPIS/build/canbus/build --no-deps symlink_data
[10.890s] INFO:colcon.colcon_core.shell:Creating environment descriptor '/home/orsted/AGV_EEPIS/build/canbus/share/canbus/hook/pythonpath_develop.dsv'
[10.891s] INFO:colcon.colcon_core.shell:Creating environment hook '/home/orsted/AGV_EEPIS/build/canbus/share/canbus/hook/pythonpath_develop.sh'
[10.893s] Level 1:colcon.colcon_core.environment:checking '/home/orsted/AGV_EEPIS/install/canbus' for CMake module files
[10.894s] Level 1:colcon.colcon_core.environment:checking '/home/orsted/AGV_EEPIS/install/canbus' for CMake config files
[10.896s] Level 1:colcon.colcon_core.environment:checking '/home/orsted/AGV_EEPIS/install/canbus/lib'
[10.896s] Level 1:colcon.colcon_core.environment:checking '/home/orsted/AGV_EEPIS/install/canbus/bin'
[10.897s] Level 1:colcon.colcon_core.environment:checking '/home/orsted/AGV_EEPIS/install/canbus/lib/pkgconfig/canbus.pc'
[10.897s] Level 1:colcon.colcon_core.environment:checking '/home/orsted/AGV_EEPIS/install/canbus/lib/python3.12/site-packages'
[10.898s] Level 1:colcon.colcon_core.shell:create_environment_hook('canbus', 'pythonpath')
[10.899s] INFO:colcon.colcon_core.shell:Creating environment hook '/home/orsted/AGV_EEPIS/install/canbus/share/canbus/hook/pythonpath.ps1'
[10.900s] INFO:colcon.colcon_core.shell:Creating environment descriptor '/home/orsted/AGV_EEPIS/install/canbus/share/canbus/hook/pythonpath.dsv'
[10.901s] INFO:colcon.colcon_core.shell:Creating environment hook '/home/orsted/AGV_EEPIS/install/canbus/share/canbus/hook/pythonpath.sh'
[10.903s] Level 1:colcon.colcon_core.environment:checking '/home/orsted/AGV_EEPIS/install/canbus/bin'
[10.903s] Level 1:colcon.colcon_core.environment:create_environment_scripts_only(canbus)
[10.904s] INFO:colcon.colcon_core.shell:Creating package script '/home/orsted/AGV_EEPIS/install/canbus/share/canbus/package.ps1'
[10.906s] INFO:colcon.colcon_core.shell:Creating package descriptor '/home/orsted/AGV_EEPIS/install/canbus/share/canbus/package.dsv'
[10.907s] INFO:colcon.colcon_core.shell:Creating package script '/home/orsted/AGV_EEPIS/install/canbus/share/canbus/package.sh'
[10.909s] INFO:colcon.colcon_core.shell:Creating package script '/home/orsted/AGV_EEPIS/install/canbus/share/canbus/package.bash'
[10.909s] INFO:colcon.colcon_core.shell:Creating package script '/home/orsted/AGV_EEPIS/install/canbus/share/canbus/package.zsh'
[10.910s] Level 1:colcon.colcon_core.environment:create_file_with_runtime_dependencies(/home/orsted/AGV_EEPIS/install/canbus/share/colcon-core/packages/canbus)
[10.911s] Level 1:colcon.colcon_core.shell:create_environment_hook('ddmr_description', 'pythonpath_develop')
[10.912s] INFO:colcon.colcon_core.shell:Creating environment hook '/home/orsted/AGV_EEPIS/build/ddmr_description/share/ddmr_description/hook/pythonpath_develop.ps1'
[10.915s] DEBUG:colcon.colcon_core.event_handler.log_command:Invoked command in '/home/orsted/AGV_EEPIS/build/ddmr_description' returned '0': DEBUGINFOD_URLS=https://debuginfod.ubuntu.com PYTHONPATH=/home/orsted/AGV_EEPIS/build/ddmr_description/prefix_override:/usr/lib/python3/dist-packages/colcon_core/task/python/colcon_distutils_commands:/home/orsted/AGV_EEPIS/install/ddmr_description/lib/python3.12/site-packages:${PYTHONPATH} /usr/bin/python3 -W ignore:setup.py install is deprecated -W ignore:easy_install command is deprecated setup.py develop --editable --build-directory /home/orsted/AGV_EEPIS/build/ddmr_description/build --no-deps symlink_data
[10.915s] INFO:colcon.colcon_core.shell:Creating environment descriptor '/home/orsted/AGV_EEPIS/build/ddmr_description/share/ddmr_description/hook/pythonpath_develop.dsv'
[10.916s] INFO:colcon.colcon_core.shell:Creating environment hook '/home/orsted/AGV_EEPIS/build/ddmr_description/share/ddmr_description/hook/pythonpath_develop.sh'
[10.917s] Level 1:colcon.colcon_core.environment:checking '/home/orsted/AGV_EEPIS/install/ddmr_description' for CMake module files
[10.919s] Level 1:colcon.colcon_core.environment:checking '/home/orsted/AGV_EEPIS/install/ddmr_description' for CMake config files
[10.921s] Level 1:colcon.colcon_core.environment:checking '/home/orsted/AGV_EEPIS/install/ddmr_description/lib'
[10.922s] Level 1:colcon.colcon_core.environment:checking '/home/orsted/AGV_EEPIS/install/ddmr_description/bin'
[10.922s] Level 1:colcon.colcon_core.environment:checking '/home/orsted/AGV_EEPIS/install/ddmr_description/lib/pkgconfig/ddmr_description.pc'
[10.922s] Level 1:colcon.colcon_core.environment:checking '/home/orsted/AGV_EEPIS/install/ddmr_description/lib/python3.12/site-packages'
[10.923s] Level 1:colcon.colcon_core.shell:create_environment_hook('ddmr_description', 'pythonpath')
[10.923s] INFO:colcon.colcon_core.shell:Creating environment hook '/home/orsted/AGV_EEPIS/install/ddmr_description/share/ddmr_description/hook/pythonpath.ps1'
[10.925s] INFO:colcon.colcon_core.shell:Creating environment descriptor '/home/orsted/AGV_EEPIS/install/ddmr_description/share/ddmr_description/hook/pythonpath.dsv'
[10.926s] INFO:colcon.colcon_core.shell:Creating environment hook '/home/orsted/AGV_EEPIS/install/ddmr_description/share/ddmr_description/hook/pythonpath.sh'
[10.928s] Level 1:colcon.colcon_core.environment:checking '/home/orsted/AGV_EEPIS/install/ddmr_description/bin'
[10.928s] Level 1:colcon.colcon_core.environment:create_environment_scripts_only(ddmr_description)
[10.929s] INFO:colcon.colcon_core.shell:Creating package script '/home/orsted/AGV_EEPIS/install/ddmr_description/share/ddmr_description/package.ps1'
[10.932s] INFO:colcon.colcon_core.shell:Creating package descriptor '/home/orsted/AGV_EEPIS/install/ddmr_description/share/ddmr_description/package.dsv'
[10.934s] INFO:colcon.colcon_core.shell:Creating package script '/home/orsted/AGV_EEPIS/install/ddmr_description/share/ddmr_description/package.sh'
[10.935s] INFO:colcon.colcon_core.shell:Creating package script '/home/orsted/AGV_EEPIS/install/ddmr_description/share/ddmr_description/package.bash'
[10.936s] INFO:colcon.colcon_core.shell:Creating package script '/home/orsted/AGV_EEPIS/install/ddmr_description/share/ddmr_description/package.zsh'
[10.937s] Level 1:colcon.colcon_core.environment:create_file_with_runtime_dependencies(/home/orsted/AGV_EEPIS/install/ddmr_description/share/colcon-core/packages/ddmr_description)
[10.938s] Level 1:colcon.colcon_core.shell:create_environment_hook('drive_controller', 'pythonpath_develop')
[10.939s] INFO:colcon.colcon_core.shell:Creating environment hook '/home/orsted/AGV_EEPIS/build/drive_controller/share/drive_controller/hook/pythonpath_develop.ps1'
[10.941s] INFO:colcon.colcon_core.shell:Creating environment descriptor '/home/orsted/AGV_EEPIS/build/drive_controller/share/drive_controller/hook/pythonpath_develop.dsv'
[10.942s] INFO:colcon.colcon_core.shell:Creating environment hook '/home/orsted/AGV_EEPIS/build/drive_controller/share/drive_controller/hook/pythonpath_develop.sh'
[10.944s] DEBUG:colcon.colcon_core.event_handler.log_command:Invoked command in '/home/orsted/AGV_EEPIS/build/drive_controller' returned '0': DEBUGINFOD_URLS=https://debuginfod.ubuntu.com PYTHONPATH=/home/orsted/AGV_EEPIS/build/drive_controller/prefix_override:/usr/lib/python3/dist-packages/colcon_core/task/python/colcon_distutils_commands:/home/orsted/AGV_EEPIS/install/drive_controller/lib/python3.12/site-packages:${PYTHONPATH} /usr/bin/python3 -W ignore:setup.py install is deprecated -W ignore:easy_install command is deprecated setup.py develop --editable --build-directory /home/orsted/AGV_EEPIS/build/drive_controller/build --no-deps symlink_data
[10.946s] Level 1:colcon.colcon_core.environment:checking '/home/orsted/AGV_EEPIS/install/drive_controller' for CMake module files
[10.947s] Level 1:colcon.colcon_core.environment:checking '/home/orsted/AGV_EEPIS/install/drive_controller' for CMake config files
[10.948s] Level 1:colcon.colcon_core.environment:checking '/home/orsted/AGV_EEPIS/install/drive_controller/lib'
[10.949s] Level 1:colcon.colcon_core.environment:checking '/home/orsted/AGV_EEPIS/install/drive_controller/bin'
[10.949s] Level 1:colcon.colcon_core.environment:checking '/home/orsted/AGV_EEPIS/install/drive_controller/lib/pkgconfig/drive_controller.pc'
[10.949s] Level 1:colcon.colcon_core.environment:checking '/home/orsted/AGV_EEPIS/install/drive_controller/lib/python3.12/site-packages'
[10.950s] Level 1:colcon.colcon_core.shell:create_environment_hook('drive_controller', 'pythonpath')
[10.950s] INFO:colcon.colcon_core.shell:Creating environment hook '/home/orsted/AGV_EEPIS/install/drive_controller/share/drive_controller/hook/pythonpath.ps1'
[10.952s] INFO:colcon.colcon_core.shell:Creating environment descriptor '/home/orsted/AGV_EEPIS/install/drive_controller/share/drive_controller/hook/pythonpath.dsv'
[10.952s] INFO:colcon.colcon_core.shell:Creating environment hook '/home/orsted/AGV_EEPIS/install/drive_controller/share/drive_controller/hook/pythonpath.sh'
[10.954s] Level 1:colcon.colcon_core.environment:checking '/home/orsted/AGV_EEPIS/install/drive_controller/bin'
[10.954s] Level 1:colcon.colcon_core.environment:create_environment_scripts_only(drive_controller)
[10.955s] INFO:colcon.colcon_core.shell:Creating package script '/home/orsted/AGV_EEPIS/install/drive_controller/share/drive_controller/package.ps1'
[10.957s] INFO:colcon.colcon_core.shell:Creating package descriptor '/home/orsted/AGV_EEPIS/install/drive_controller/share/drive_controller/package.dsv'
[10.958s] INFO:colcon.colcon_core.shell:Creating package script '/home/orsted/AGV_EEPIS/install/drive_controller/share/drive_controller/package.sh'
[10.959s] INFO:colcon.colcon_core.shell:Creating package script '/home/orsted/AGV_EEPIS/install/drive_controller/share/drive_controller/package.bash'
[10.960s] INFO:colcon.colcon_core.shell:Creating package script '/home/orsted/AGV_EEPIS/install/drive_controller/share/drive_controller/package.zsh'
[10.961s] Level 1:colcon.colcon_core.environment:create_file_with_runtime_dependencies(/home/orsted/AGV_EEPIS/install/drive_controller/share/colcon-core/packages/drive_controller)
[10.964s] INFO:colcon.colcon_ros.task.ament_python.build:Building ROS package in '/home/orsted/AGV_EEPIS/src/slam' with build type 'ament_python'
[10.965s] Level 1:colcon.colcon_core.shell:create_environment_hook('slam', 'ament_prefix_path')
[10.965s] INFO:colcon.colcon_core.shell:Creating environment hook '/home/orsted/AGV_EEPIS/install/slam/share/slam/hook/ament_prefix_path.ps1'
[10.967s] INFO:colcon.colcon_core.shell:Creating environment descriptor '/home/orsted/AGV_EEPIS/install/slam/share/slam/hook/ament_prefix_path.dsv'
[10.968s] INFO:colcon.colcon_core.shell:Creating environment hook '/home/orsted/AGV_EEPIS/install/slam/share/slam/hook/ament_prefix_path.sh'
[10.969s] INFO:colcon.colcon_core.shell:Skip shell extension 'powershell' for command environment: Not usable outside of PowerShell
[10.969s] DEBUG:colcon.colcon_core.shell:Skip shell extension 'dsv' for command environment
[10.981s] INFO:colcon.colcon_ros.task.ament_python.build:Building ROS package in '/home/orsted/AGV_EEPIS/src/system' with build type 'ament_python'
[10.981s] Level 1:colcon.colcon_core.shell:create_environment_hook('system', 'ament_prefix_path')
[10.982s] INFO:colcon.colcon_core.shell:Creating environment hook '/home/orsted/AGV_EEPIS/install/system/share/system/hook/ament_prefix_path.ps1'
[10.984s] INFO:colcon.colcon_core.shell:Creating environment descriptor '/home/orsted/AGV_EEPIS/install/system/share/system/hook/ament_prefix_path.dsv'
[10.985s] INFO:colcon.colcon_core.shell:Creating environment hook '/home/orsted/AGV_EEPIS/install/system/share/system/hook/ament_prefix_path.sh'
[10.987s] INFO:colcon.colcon_core.shell:Skip shell extension 'powershell' for command environment: Not usable outside of PowerShell
[10.987s] DEBUG:colcon.colcon_core.shell:Skip shell extension 'dsv' for command environment
[10.997s] INFO:colcon.colcon_ros.task.ament_python.build:Building ROS package in '/home/orsted/AGV_EEPIS/src/ultrasonic' with build type 'ament_python'
[10.998s] Level 1:colcon.colcon_core.shell:create_environment_hook('ultrasonic', 'ament_prefix_path')
[10.999s] INFO:colcon.colcon_core.shell:Creating environment hook '/home/orsted/AGV_EEPIS/install/ultrasonic/share/ultrasonic/hook/ament_prefix_path.ps1'
[11.001s] INFO:colcon.colcon_core.shell:Creating environment descriptor '/home/orsted/AGV_EEPIS/install/ultrasonic/share/ultrasonic/hook/ament_prefix_path.dsv'
[11.002s] INFO:colcon.colcon_core.shell:Creating environment hook '/home/orsted/AGV_EEPIS/install/ultrasonic/share/ultrasonic/hook/ament_prefix_path.sh'
[11.004s] INFO:colcon.colcon_core.shell:Skip shell extension 'powershell' for command environment: Not usable outside of PowerShell
[11.004s] DEBUG:colcon.colcon_core.shell:Skip shell extension 'dsv' for command environment
[11.731s] INFO:colcon.colcon_core.task.python.build:Building Python package in '/home/orsted/AGV_EEPIS/src/remote'
[11.732s] INFO:colcon.colcon_core.shell:Skip shell extension 'powershell' for command environment: Not usable outside of PowerShell
[11.732s] DEBUG:colcon.colcon_core.shell:Skip shell extension 'dsv' for command environment
[12.416s] INFO:colcon.colcon_core.task.python.build:Building Python package in '/home/orsted/AGV_EEPIS/src/slam'
[12.417s] INFO:colcon.colcon_core.shell:Skip shell extension 'powershell' for command environment: Not usable outside of PowerShell
[12.417s] DEBUG:colcon.colcon_core.shell:Skip shell extension 'dsv' for command environment
[13.108s] INFO:colcon.colcon_core.task.python.build:Building Python package in '/home/orsted/AGV_EEPIS/src/system'
[13.109s] INFO:colcon.colcon_core.shell:Skip shell extension 'powershell' for command environment: Not usable outside of PowerShell
[13.110s] DEBUG:colcon.colcon_core.shell:Skip shell extension 'dsv' for command environment
[13.783s] INFO:colcon.colcon_core.task.python.build:Building Python package in '/home/orsted/AGV_EEPIS/src/ultrasonic'
[13.784s] INFO:colcon.colcon_core.shell:Skip shell extension 'powershell' for command environment: Not usable outside of PowerShell
[13.784s] DEBUG:colcon.colcon_core.shell:Skip shell extension 'dsv' for command environment
[13.802s] Level 1:colcon.colcon_core.shell:create_environment_hook('agv_description', 'pythonpath_develop')
[13.803s] INFO:colcon.colcon_core.shell:Creating environment hook '/home/orsted/AGV_EEPIS/build/agv_description/share/agv_description/hook/pythonpath_develop.ps1'
[13.804s] DEBUG:colcon.colcon_core.event_handler.log_command:Invoked command in '/home/orsted/AGV_EEPIS/build/agv_description' returned '0': DEBUGINFOD_URLS=https://debuginfod.ubuntu.com PYTHONPATH=/home/orsted/AGV_EEPIS/build/agv_description/prefix_override:/usr/lib/python3/dist-packages/colcon_core/task/python/colcon_distutils_commands:/home/orsted/AGV_EEPIS/install/agv_description/lib/python3.12/site-packages:${PYTHONPATH} /usr/bin/python3 -W ignore:setup.py install is deprecated -W ignore:easy_install command is deprecated setup.py develop --editable --build-directory /home/orsted/AGV_EEPIS/build/agv_description/build --no-deps symlink_data
[13.806s] INFO:colcon.colcon_core.shell:Creating environment descriptor '/home/orsted/AGV_EEPIS/build/agv_description/share/agv_description/hook/pythonpath_develop.dsv'
[13.807s] INFO:colcon.colcon_core.shell:Creating environment hook '/home/orsted/AGV_EEPIS/build/agv_description/share/agv_description/hook/pythonpath_develop.sh'
[13.809s] Level 1:colcon.colcon_core.environment:checking '/home/orsted/AGV_EEPIS/install/agv_description' for CMake module files
[13.811s] Level 1:colcon.colcon_core.environment:checking '/home/orsted/AGV_EEPIS/install/agv_description' for CMake config files
[13.814s] Level 1:colcon.colcon_core.environment:checking '/home/orsted/AGV_EEPIS/install/agv_description/lib'
[13.814s] Level 1:colcon.colcon_core.environment:checking '/home/orsted/AGV_EEPIS/install/agv_description/bin'
[13.815s] Level 1:colcon.colcon_core.environment:checking '/home/orsted/AGV_EEPIS/install/agv_description/lib/pkgconfig/agv_description.pc'
[13.815s] Level 1:colcon.colcon_core.environment:checking '/home/orsted/AGV_EEPIS/install/agv_description/lib/python3.12/site-packages'
[13.816s] Level 1:colcon.colcon_core.shell:create_environment_hook('agv_description', 'pythonpath')
[13.816s] INFO:colcon.colcon_core.shell:Creating environment hook '/home/orsted/AGV_EEPIS/install/agv_description/share/agv_description/hook/pythonpath.ps1'
[13.818s] INFO:colcon.colcon_core.shell:Creating environment descriptor '/home/orsted/AGV_EEPIS/install/agv_description/share/agv_description/hook/pythonpath.dsv'
[13.819s] INFO:colcon.colcon_core.shell:Creating environment hook '/home/orsted/AGV_EEPIS/install/agv_description/share/agv_description/hook/pythonpath.sh'
[13.821s] Level 1:colcon.colcon_core.environment:checking '/home/orsted/AGV_EEPIS/install/agv_description/bin'
[13.822s] Level 1:colcon.colcon_core.environment:create_environment_scripts_only(agv_description)
[13.823s] INFO:colcon.colcon_core.shell:Creating package script '/home/orsted/AGV_EEPIS/install/agv_description/share/agv_description/package.ps1'
[13.825s] INFO:colcon.colcon_core.shell:Creating package descriptor '/home/orsted/AGV_EEPIS/install/agv_description/share/agv_description/package.dsv'
[13.827s] INFO:colcon.colcon_core.shell:Creating package script '/home/orsted/AGV_EEPIS/install/agv_description/share/agv_description/package.sh'
[13.828s] INFO:colcon.colcon_core.shell:Creating package script '/home/orsted/AGV_EEPIS/install/agv_description/share/agv_description/package.bash'
[13.829s] INFO:colcon.colcon_core.shell:Creating package script '/home/orsted/AGV_EEPIS/install/agv_description/share/agv_description/package.zsh'
[13.831s] Level 1:colcon.colcon_core.environment:create_file_with_runtime_dependencies(/home/orsted/AGV_EEPIS/install/agv_description/share/colcon-core/packages/agv_description)
[15.797s] DEBUG:colcon.colcon_core.task.python.build:Available setuptools commands: rotate, check, test, alias, bdist_rpm, init_catalog, install_lib, bdist_wheel, easy_install, extract_messages, bdist, saveopts, install_scripts, develop, upload_docs, dist_info, setopt, upload, install_headers, clean, symlink_data, compile_catalog, install_egg_info, build_clib, register, update_catalog, build_ext, bdist_egg, build, sdist, install_data, editable_wheel, egg_info, build_py, install, bdist_dumb, build_scripts
[15.879s] DEBUG:colcon.colcon_core.task.python.build:Available setuptools commands: rotate, check, test, alias, bdist_rpm, init_catalog, install_lib, bdist_wheel, easy_install, extract_messages, bdist, saveopts, install_scripts, develop, upload_docs, dist_info, setopt, upload, install_headers, clean, symlink_data, compile_catalog, install_egg_info, build_clib, register, update_catalog, build_ext, bdist_egg, build, sdist, install_data, editable_wheel, egg_info, build_py, install, bdist_dumb, build_scripts
[15.883s] DEBUG:colcon.colcon_core.task.python.build:Available setuptools commands: rotate, check, test, alias, bdist_rpm, init_catalog, install_lib, bdist_wheel, easy_install, extract_messages, bdist, saveopts, install_scripts, develop, upload_docs, dist_info, setopt, upload, install_headers, clean, symlink_data, compile_catalog, install_egg_info, build_clib, register, update_catalog, build_ext, bdist_egg, build, sdist, install_data, editable_wheel, egg_info, build_py, install, bdist_dumb, build_scripts
[15.891s] DEBUG:colcon.colcon_core.task.python.build:Available setuptools commands: rotate, check, test, alias, bdist_rpm, init_catalog, install_lib, bdist_wheel, easy_install, extract_messages, bdist, saveopts, install_scripts, develop, upload_docs, dist_info, setopt, upload, install_headers, clean, symlink_data, compile_catalog, install_egg_info, build_clib, register, update_catalog, build_ext, bdist_egg, build, sdist, install_data, editable_wheel, egg_info, build_py, install, bdist_dumb, build_scripts
[17.009s] DEBUG:colcon.colcon_core.task.python.build:Available setuptools 'develop' options: --upgrade, --site-dirs, --prefix, --zip-ok, --allow-hosts, --editable, --no-user-cfg, --local-snapshots-ok, --record, --script-dir, --force-installation-into-system-dir, --index-url, --quiet, --user, --help, --install-layout, --find-links, --build-directory, --install-dir, --no-find-links, --always-copy, --egg-path, --verbose, --always-unzip, --optimize, --multi-version, --no-deps, --exclude-scripts, --dry-run, --version, --uninstall
[17.016s] DEBUG:colcon.colcon_core.event_handler.log_command:Invoking command in '/home/orsted/AGV_EEPIS/build/system': DEBUGINFOD_URLS=https://debuginfod.ubuntu.com PYTHONPATH=/home/orsted/AGV_EEPIS/build/system/prefix_override:/usr/lib/python3/dist-packages/colcon_core/task/python/colcon_distutils_commands:/home/orsted/AGV_EEPIS/install/system/lib/python3.12/site-packages:${PYTHONPATH} /usr/bin/python3 -W ignore:setup.py install is deprecated -W ignore:easy_install command is deprecated setup.py develop --editable --build-directory /home/orsted/AGV_EEPIS/build/system/build --no-deps symlink_data
[17.067s] DEBUG:colcon.colcon_core.task.python.build:Available setuptools 'develop' options: --upgrade, --site-dirs, --prefix, --zip-ok, --allow-hosts, --editable, --no-user-cfg, --local-snapshots-ok, --record, --script-dir, --force-installation-into-system-dir, --index-url, --quiet, --user, --help, --install-layout, --find-links, --build-directory, --install-dir, --no-find-links, --always-copy, --egg-path, --verbose, --always-unzip, --optimize, --multi-version, --no-deps, --exclude-scripts, --dry-run, --version, --uninstall
[17.071s] DEBUG:colcon.colcon_core.event_handler.log_command:Invoking command in '/home/orsted/AGV_EEPIS/build/remote': DEBUGINFOD_URLS=https://debuginfod.ubuntu.com PYTHONPATH=/home/orsted/AGV_EEPIS/build/remote/prefix_override:/usr/lib/python3/dist-packages/colcon_core/task/python/colcon_distutils_commands:/home/orsted/AGV_EEPIS/install/remote/lib/python3.12/site-packages:${PYTHONPATH} /usr/bin/python3 -W ignore:setup.py install is deprecated -W ignore:easy_install command is deprecated setup.py develop --editable --build-directory /home/orsted/AGV_EEPIS/build/remote/build --no-deps symlink_data
[17.078s] DEBUG:colcon.colcon_core.task.python.build:Available setuptools 'develop' options: --upgrade, --site-dirs, --prefix, --zip-ok, --allow-hosts, --editable, --no-user-cfg, --local-snapshots-ok, --record, --script-dir, --force-installation-into-system-dir, --index-url, --quiet, --user, --help, --install-layout, --find-links, --build-directory, --install-dir, --no-find-links, --always-copy, --egg-path, --verbose, --always-unzip, --optimize, --multi-version, --no-deps, --exclude-scripts, --dry-run, --version, --uninstall
[17.082s] DEBUG:colcon.colcon_core.event_handler.log_command:Invoking command in '/home/orsted/AGV_EEPIS/build/ultrasonic': DEBUGINFOD_URLS=https://debuginfod.ubuntu.com PYTHONPATH=/home/orsted/AGV_EEPIS/build/ultrasonic/prefix_override:/usr/lib/python3/dist-packages/colcon_core/task/python/colcon_distutils_commands:/home/orsted/AGV_EEPIS/install/ultrasonic/lib/python3.12/site-packages:${PYTHONPATH} /usr/bin/python3 -W ignore:setup.py install is deprecated -W ignore:easy_install command is deprecated setup.py develop --editable --build-directory /home/orsted/AGV_EEPIS/build/ultrasonic/build --no-deps symlink_data
[17.141s] DEBUG:colcon.colcon_core.task.python.build:Available setuptools 'develop' options: --upgrade, --site-dirs, --prefix, --zip-ok, --allow-hosts, --editable, --no-user-cfg, --local-snapshots-ok, --record, --script-dir, --force-installation-into-system-dir, --index-url, --quiet, --user, --help, --install-layout, --find-links, --build-directory, --install-dir, --no-find-links, --always-copy, --egg-path, --verbose, --always-unzip, --optimize, --multi-version, --no-deps, --exclude-scripts, --dry-run, --version, --uninstall
[17.145s] DEBUG:colcon.colcon_core.event_handler.log_command:Invoking command in '/home/orsted/AGV_EEPIS/build/slam': DEBUGINFOD_URLS=https://debuginfod.ubuntu.com PYTHONPATH=/home/orsted/AGV_EEPIS/build/slam/prefix_override:/usr/lib/python3/dist-packages/colcon_core/task/python/colcon_distutils_commands:/home/orsted/AGV_EEPIS/install/slam/lib/python3.12/site-packages:${PYTHONPATH} /usr/bin/python3 -W ignore:setup.py install is deprecated -W ignore:easy_install command is deprecated setup.py develop --editable --build-directory /home/orsted/AGV_EEPIS/build/slam/build --no-deps symlink_data
[19.056s] Level 1:colcon.colcon_core.shell:create_environment_hook('system', 'pythonpath_develop')
[19.058s] INFO:colcon.colcon_core.shell:Creating environment hook '/home/orsted/AGV_EEPIS/build/system/share/system/hook/pythonpath_develop.ps1'
[19.059s] DEBUG:colcon.colcon_core.event_handler.log_command:Invoked command in '/home/orsted/AGV_EEPIS/build/system' returned '0': DEBUGINFOD_URLS=https://debuginfod.ubuntu.com PYTHONPATH=/home/orsted/AGV_EEPIS/build/system/prefix_override:/usr/lib/python3/dist-packages/colcon_core/task/python/colcon_distutils_commands:/home/orsted/AGV_EEPIS/install/system/lib/python3.12/site-packages:${PYTHONPATH} /usr/bin/python3 -W ignore:setup.py install is deprecated -W ignore:easy_install command is deprecated setup.py develop --editable --build-directory /home/orsted/AGV_EEPIS/build/system/build --no-deps symlink_data
[19.062s] INFO:colcon.colcon_core.shell:Creating environment descriptor '/home/orsted/AGV_EEPIS/build/system/share/system/hook/pythonpath_develop.dsv'
[19.063s] INFO:colcon.colcon_core.shell:Creating environment hook '/home/orsted/AGV_EEPIS/build/system/share/system/hook/pythonpath_develop.sh'
[19.065s] Level 1:colcon.colcon_core.environment:checking '/home/orsted/AGV_EEPIS/install/system' for CMake module files
[19.066s] Level 1:colcon.colcon_core.environment:checking '/home/orsted/AGV_EEPIS/install/system' for CMake config files
[19.068s] Level 1:colcon.colcon_core.environment:checking '/home/orsted/AGV_EEPIS/install/system/lib'
[19.068s] Level 1:colcon.colcon_core.environment:checking '/home/orsted/AGV_EEPIS/install/system/bin'
[19.068s] Level 1:colcon.colcon_core.environment:checking '/home/orsted/AGV_EEPIS/install/system/lib/pkgconfig/system.pc'
[19.069s] Level 1:colcon.colcon_core.environment:checking '/home/orsted/AGV_EEPIS/install/system/lib/python3.12/site-packages'
[19.069s] Level 1:colcon.colcon_core.shell:create_environment_hook('system', 'pythonpath')
[19.070s] INFO:colcon.colcon_core.shell:Creating environment hook '/home/orsted/AGV_EEPIS/install/system/share/system/hook/pythonpath.ps1'
[19.071s] INFO:colcon.colcon_core.shell:Creating environment descriptor '/home/orsted/AGV_EEPIS/install/system/share/system/hook/pythonpath.dsv'
[19.072s] INFO:colcon.colcon_core.shell:Creating environment hook '/home/orsted/AGV_EEPIS/install/system/share/system/hook/pythonpath.sh'
[19.073s] Level 1:colcon.colcon_core.environment:checking '/home/orsted/AGV_EEPIS/install/system/bin'
[19.073s] Level 1:colcon.colcon_core.environment:create_environment_scripts_only(system)
[19.074s] INFO:colcon.colcon_core.shell:Creating package script '/home/orsted/AGV_EEPIS/install/system/share/system/package.ps1'
[19.076s] INFO:colcon.colcon_core.shell:Creating package descriptor '/home/orsted/AGV_EEPIS/install/system/share/system/package.dsv'
[19.077s] INFO:colcon.colcon_core.shell:Creating package script '/home/orsted/AGV_EEPIS/install/system/share/system/package.sh'
[19.078s] INFO:colcon.colcon_core.shell:Creating package script '/home/orsted/AGV_EEPIS/install/system/share/system/package.bash'
[19.079s] INFO:colcon.colcon_core.shell:Creating package script '/home/orsted/AGV_EEPIS/install/system/share/system/package.zsh'
[19.080s] Level 1:colcon.colcon_core.environment:create_file_with_runtime_dependencies(/home/orsted/AGV_EEPIS/install/system/share/colcon-core/packages/system)
[19.158s] Level 1:colcon.colcon_core.shell:create_environment_hook('remote', 'pythonpath_develop')
[19.160s] INFO:colcon.colcon_core.shell:Creating environment hook '/home/orsted/AGV_EEPIS/build/remote/share/remote/hook/pythonpath_develop.ps1'
[19.163s] DEBUG:colcon.colcon_core.event_handler.log_command:Invoked command in '/home/orsted/AGV_EEPIS/build/remote' returned '0': DEBUGINFOD_URLS=https://debuginfod.ubuntu.com PYTHONPATH=/home/orsted/AGV_EEPIS/build/remote/prefix_override:/usr/lib/python3/dist-packages/colcon_core/task/python/colcon_distutils_commands:/home/orsted/AGV_EEPIS/install/remote/lib/python3.12/site-packages:${PYTHONPATH} /usr/bin/python3 -W ignore:setup.py install is deprecated -W ignore:easy_install command is deprecated setup.py develop --editable --build-directory /home/orsted/AGV_EEPIS/build/remote/build --no-deps symlink_data
[19.164s] INFO:colcon.colcon_core.shell:Creating environment descriptor '/home/orsted/AGV_EEPIS/build/remote/share/remote/hook/pythonpath_develop.dsv'
[19.166s] INFO:colcon.colcon_core.shell:Creating environment hook '/home/orsted/AGV_EEPIS/build/remote/share/remote/hook/pythonpath_develop.sh'
[19.168s] Level 1:colcon.colcon_core.environment:checking '/home/orsted/AGV_EEPIS/install/remote' for CMake module files
[19.170s] Level 1:colcon.colcon_core.environment:checking '/home/orsted/AGV_EEPIS/install/remote' for CMake config files
[19.172s] Level 1:colcon.colcon_core.environment:checking '/home/orsted/AGV_EEPIS/install/remote/lib'
[19.172s] Level 1:colcon.colcon_core.environment:checking '/home/orsted/AGV_EEPIS/install/remote/bin'
[19.172s] Level 1:colcon.colcon_core.environment:checking '/home/orsted/AGV_EEPIS/install/remote/lib/pkgconfig/remote.pc'
[19.173s] Level 1:colcon.colcon_core.environment:checking '/home/orsted/AGV_EEPIS/install/remote/lib/python3.12/site-packages'
[19.174s] Level 1:colcon.colcon_core.shell:create_environment_hook('remote', 'pythonpath')
[19.175s] INFO:colcon.colcon_core.shell:Creating environment hook '/home/orsted/AGV_EEPIS/install/remote/share/remote/hook/pythonpath.ps1'
[19.176s] INFO:colcon.colcon_core.shell:Creating environment descriptor '/home/orsted/AGV_EEPIS/install/remote/share/remote/hook/pythonpath.dsv'
[19.177s] INFO:colcon.colcon_core.shell:Creating environment hook '/home/orsted/AGV_EEPIS/install/remote/share/remote/hook/pythonpath.sh'
[19.180s] Level 1:colcon.colcon_core.environment:checking '/home/orsted/AGV_EEPIS/install/remote/bin'
[19.180s] Level 1:colcon.colcon_core.environment:create_environment_scripts_only(remote)
[19.181s] INFO:colcon.colcon_core.shell:Creating package script '/home/orsted/AGV_EEPIS/install/remote/share/remote/package.ps1'
[19.184s] INFO:colcon.colcon_core.shell:Creating package descriptor '/home/orsted/AGV_EEPIS/install/remote/share/remote/package.dsv'
[19.185s] INFO:colcon.colcon_core.shell:Creating package script '/home/orsted/AGV_EEPIS/install/remote/share/remote/package.sh'
[19.187s] INFO:colcon.colcon_core.shell:Creating package script '/home/orsted/AGV_EEPIS/install/remote/share/remote/package.bash'
[19.188s] INFO:colcon.colcon_core.shell:Creating package script '/home/orsted/AGV_EEPIS/install/remote/share/remote/package.zsh'
[19.189s] Level 1:colcon.colcon_core.environment:create_file_with_runtime_dependencies(/home/orsted/AGV_EEPIS/install/remote/share/colcon-core/packages/remote)
[19.199s] Level 1:colcon.colcon_core.shell:create_environment_hook('ultrasonic', 'pythonpath_develop')
[19.200s] INFO:colcon.colcon_core.shell:Creating environment hook '/home/orsted/AGV_EEPIS/build/ultrasonic/share/ultrasonic/hook/pythonpath_develop.ps1'
[19.202s] DEBUG:colcon.colcon_core.event_handler.log_command:Invoked command in '/home/orsted/AGV_EEPIS/build/ultrasonic' returned '0': DEBUGINFOD_URLS=https://debuginfod.ubuntu.com PYTHONPATH=/home/orsted/AGV_EEPIS/build/ultrasonic/prefix_override:/usr/lib/python3/dist-packages/colcon_core/task/python/colcon_distutils_commands:/home/orsted/AGV_EEPIS/install/ultrasonic/lib/python3.12/site-packages:${PYTHONPATH} /usr/bin/python3 -W ignore:setup.py install is deprecated -W ignore:easy_install command is deprecated setup.py develop --editable --build-directory /home/orsted/AGV_EEPIS/build/ultrasonic/build --no-deps symlink_data
[19.205s] INFO:colcon.colcon_core.shell:Creating environment descriptor '/home/orsted/AGV_EEPIS/build/ultrasonic/share/ultrasonic/hook/pythonpath_develop.dsv'
[19.205s] INFO:colcon.colcon_core.shell:Creating environment hook '/home/orsted/AGV_EEPIS/build/ultrasonic/share/ultrasonic/hook/pythonpath_develop.sh'
[19.207s] Level 1:colcon.colcon_core.environment:checking '/home/orsted/AGV_EEPIS/install/ultrasonic' for CMake module files
[19.208s] Level 1:colcon.colcon_core.environment:checking '/home/orsted/AGV_EEPIS/install/ultrasonic' for CMake config files
[19.210s] Level 1:colcon.colcon_core.environment:checking '/home/orsted/AGV_EEPIS/install/ultrasonic/lib'
[19.210s] Level 1:colcon.colcon_core.environment:checking '/home/orsted/AGV_EEPIS/install/ultrasonic/bin'
[19.210s] Level 1:colcon.colcon_core.environment:checking '/home/orsted/AGV_EEPIS/install/ultrasonic/lib/pkgconfig/ultrasonic.pc'
[19.211s] Level 1:colcon.colcon_core.environment:checking '/home/orsted/AGV_EEPIS/install/ultrasonic/lib/python3.12/site-packages'
[19.211s] Level 1:colcon.colcon_core.shell:create_environment_hook('ultrasonic', 'pythonpath')
[19.212s] INFO:colcon.colcon_core.shell:Creating environment hook '/home/orsted/AGV_EEPIS/install/ultrasonic/share/ultrasonic/hook/pythonpath.ps1'
[19.213s] INFO:colcon.colcon_core.shell:Creating environment descriptor '/home/orsted/AGV_EEPIS/install/ultrasonic/share/ultrasonic/hook/pythonpath.dsv'
[19.214s] INFO:colcon.colcon_core.shell:Creating environment hook '/home/orsted/AGV_EEPIS/install/ultrasonic/share/ultrasonic/hook/pythonpath.sh'
[19.217s] Level 1:colcon.colcon_core.environment:checking '/home/orsted/AGV_EEPIS/install/ultrasonic/bin'
[19.217s] Level 1:colcon.colcon_core.environment:create_environment_scripts_only(ultrasonic)
[19.218s] INFO:colcon.colcon_core.shell:Creating package script '/home/orsted/AGV_EEPIS/install/ultrasonic/share/ultrasonic/package.ps1'
[19.221s] INFO:colcon.colcon_core.shell:Creating package descriptor '/home/orsted/AGV_EEPIS/install/ultrasonic/share/ultrasonic/package.dsv'
[19.223s] INFO:colcon.colcon_core.shell:Creating package script '/home/orsted/AGV_EEPIS/install/ultrasonic/share/ultrasonic/package.sh'
[19.224s] INFO:colcon.colcon_core.shell:Creating package script '/home/orsted/AGV_EEPIS/install/ultrasonic/share/ultrasonic/package.bash'
[19.225s] INFO:colcon.colcon_core.shell:Creating package script '/home/orsted/AGV_EEPIS/install/ultrasonic/share/ultrasonic/package.zsh'
[19.226s] Level 1:colcon.colcon_core.environment:create_file_with_runtime_dependencies(/home/orsted/AGV_EEPIS/install/ultrasonic/share/colcon-core/packages/ultrasonic)
[19.298s] Level 1:colcon.colcon_core.shell:create_environment_hook('slam', 'pythonpath_develop')
[19.300s] INFO:colcon.colcon_core.shell:Creating environment hook '/home/orsted/AGV_EEPIS/build/slam/share/slam/hook/pythonpath_develop.ps1'
[19.300s] DEBUG:colcon.colcon_core.event_handler.log_command:Invoked command in '/home/orsted/AGV_EEPIS/build/slam' returned '0': DEBUGINFOD_URLS=https://debuginfod.ubuntu.com PYTHONPATH=/home/orsted/AGV_EEPIS/build/slam/prefix_override:/usr/lib/python3/dist-packages/colcon_core/task/python/colcon_distutils_commands:/home/orsted/AGV_EEPIS/install/slam/lib/python3.12/site-packages:${PYTHONPATH} /usr/bin/python3 -W ignore:setup.py install is deprecated -W ignore:easy_install command is deprecated setup.py develop --editable --build-directory /home/orsted/AGV_EEPIS/build/slam/build --no-deps symlink_data
[19.303s] INFO:colcon.colcon_core.shell:Creating environment descriptor '/home/orsted/AGV_EEPIS/build/slam/share/slam/hook/pythonpath_develop.dsv'
[19.304s] INFO:colcon.colcon_core.shell:Creating environment hook '/home/orsted/AGV_EEPIS/build/slam/share/slam/hook/pythonpath_develop.sh'
[19.306s] Level 1:colcon.colcon_core.environment:checking '/home/orsted/AGV_EEPIS/install/slam' for CMake module files
[19.308s] Level 1:colcon.colcon_core.environment:checking '/home/orsted/AGV_EEPIS/install/slam' for CMake config files
[19.310s] Level 1:colcon.colcon_core.environment:checking '/home/orsted/AGV_EEPIS/install/slam/lib'
[19.310s] Level 1:colcon.colcon_core.environment:checking '/home/orsted/AGV_EEPIS/install/slam/bin'
[19.310s] Level 1:colcon.colcon_core.environment:checking '/home/orsted/AGV_EEPIS/install/slam/lib/pkgconfig/slam.pc'
[19.311s] Level 1:colcon.colcon_core.environment:checking '/home/orsted/AGV_EEPIS/install/slam/lib/python3.12/site-packages'
[19.312s] Level 1:colcon.colcon_core.shell:create_environment_hook('slam', 'pythonpath')
[19.312s] INFO:colcon.colcon_core.shell:Creating environment hook '/home/orsted/AGV_EEPIS/install/slam/share/slam/hook/pythonpath.ps1'
[19.314s] INFO:colcon.colcon_core.shell:Creating environment descriptor '/home/orsted/AGV_EEPIS/install/slam/share/slam/hook/pythonpath.dsv'
[19.315s] INFO:colcon.colcon_core.shell:Creating environment hook '/home/orsted/AGV_EEPIS/install/slam/share/slam/hook/pythonpath.sh'
[19.317s] Level 1:colcon.colcon_core.environment:checking '/home/orsted/AGV_EEPIS/install/slam/bin'
[19.318s] Level 1:colcon.colcon_core.environment:create_environment_scripts_only(slam)
[19.319s] INFO:colcon.colcon_core.shell:Creating package script '/home/orsted/AGV_EEPIS/install/slam/share/slam/package.ps1'
[19.321s] INFO:colcon.colcon_core.shell:Creating package descriptor '/home/orsted/AGV_EEPIS/install/slam/share/slam/package.dsv'
[19.323s] INFO:colcon.colcon_core.shell:Creating package script '/home/orsted/AGV_EEPIS/install/slam/share/slam/package.sh'
[19.324s] INFO:colcon.colcon_core.shell:Creating package script '/home/orsted/AGV_EEPIS/install/slam/share/slam/package.bash'
[19.326s] INFO:colcon.colcon_core.shell:Creating package script '/home/orsted/AGV_EEPIS/install/slam/share/slam/package.zsh'
[19.327s] Level 1:colcon.colcon_core.environment:create_file_with_runtime_dependencies(/home/orsted/AGV_EEPIS/install/slam/share/colcon-core/packages/slam)
[19.356s] DEBUG:colcon.colcon_core.event_handler.log_command:Invoked command in '/home/orsted/AGV_EEPIS/build/ascamera' returned '0': CMAKE_PREFIX_PATH=${CMAKE_PREFIX_PATH}:/home/orsted/AGV_EEPIS/install/ultrasonic:/home/orsted/AGV_EEPIS/install/system:/home/orsted/AGV_EEPIS/install/slam:/home/orsted/AGV_EEPIS/install/remote:/home/orsted/AGV_EEPIS/install/drive_controller:/home/orsted/AGV_EEPIS/install/ddmr_description:/home/orsted/AGV_EEPIS/install/canbus:/home/orsted/AGV_EEPIS/install/bringup:/home/orsted/AGV_EEPIS/install/agv_description:/opt/ros/jazzy DEBUGINFOD_URLS=https://debuginfod.ubuntu.com /usr/bin/cmake /home/orsted/AGV_EEPIS/src/ascamera -DAMENT_CMAKE_SYMLINK_INSTALL=1 -DCMAKE_INSTALL_PREFIX=/home/orsted/AGV_EEPIS/install/ascamera
[19.363s] DEBUG:colcon.colcon_core.event_handler.log_command:Invoking command in '/home/orsted/AGV_EEPIS/build/ascamera': CMAKE_PREFIX_PATH=${CMAKE_PREFIX_PATH}:/home/orsted/AGV_EEPIS/install/ultrasonic:/home/orsted/AGV_EEPIS/install/system:/home/orsted/AGV_EEPIS/install/slam:/home/orsted/AGV_EEPIS/install/remote:/home/orsted/AGV_EEPIS/install/drive_controller:/home/orsted/AGV_EEPIS/install/ddmr_description:/home/orsted/AGV_EEPIS/install/canbus:/home/orsted/AGV_EEPIS/install/bringup:/home/orsted/AGV_EEPIS/install/agv_description:/opt/ros/jazzy DEBUGINFOD_URLS=https://debuginfod.ubuntu.com /usr/bin/cmake --build /home/orsted/AGV_EEPIS/build/ascamera -- -j6 -l6
[81.249s] DEBUG:colcon.colcon_core.event_handler.log_command:Invoked command in '/home/orsted/AGV_EEPIS/build/ascamera' returned '0': CMAKE_PREFIX_PATH=${CMAKE_PREFIX_PATH}:/home/orsted/AGV_EEPIS/install/ultrasonic:/home/orsted/AGV_EEPIS/install/system:/home/orsted/AGV_EEPIS/install/slam:/home/orsted/AGV_EEPIS/install/remote:/home/orsted/AGV_EEPIS/install/drive_controller:/home/orsted/AGV_EEPIS/install/ddmr_description:/home/orsted/AGV_EEPIS/install/canbus:/home/orsted/AGV_EEPIS/install/bringup:/home/orsted/AGV_EEPIS/install/agv_description:/opt/ros/jazzy DEBUGINFOD_URLS=https://debuginfod.ubuntu.com /usr/bin/cmake --build /home/orsted/AGV_EEPIS/build/ascamera -- -j6 -l6
[81.287s] DEBUG:colcon.colcon_core.event_handler.log_command:Invoking command in '/home/orsted/AGV_EEPIS/build/ascamera': CMAKE_PREFIX_PATH=${CMAKE_PREFIX_PATH}:/home/orsted/AGV_EEPIS/install/ultrasonic:/home/orsted/AGV_EEPIS/install/system:/home/orsted/AGV_EEPIS/install/slam:/home/orsted/AGV_EEPIS/install/remote:/home/orsted/AGV_EEPIS/install/drive_controller:/home/orsted/AGV_EEPIS/install/ddmr_description:/home/orsted/AGV_EEPIS/install/canbus:/home/orsted/AGV_EEPIS/install/bringup:/home/orsted/AGV_EEPIS/install/agv_description:/opt/ros/jazzy DEBUGINFOD_URLS=https://debuginfod.ubuntu.com /usr/bin/cmake --install /home/orsted/AGV_EEPIS/build/ascamera
[82.165s] Level 1:colcon.colcon_core.environment:create_environment_scripts_only(ascamera)
[82.168s] Level 1:colcon.colcon_core.environment:checking '/home/orsted/AGV_EEPIS/install/ascamera' for CMake module files
[82.171s] DEBUG:colcon.colcon_core.event_handler.log_command:Invoked command in '/home/orsted/AGV_EEPIS/build/ascamera' returned '0': CMAKE_PREFIX_PATH=${CMAKE_PREFIX_PATH}:/home/orsted/AGV_EEPIS/install/ultrasonic:/home/orsted/AGV_EEPIS/install/system:/home/orsted/AGV_EEPIS/install/slam:/home/orsted/AGV_EEPIS/install/remote:/home/orsted/AGV_EEPIS/install/drive_controller:/home/orsted/AGV_EEPIS/install/ddmr_description:/home/orsted/AGV_EEPIS/install/canbus:/home/orsted/AGV_EEPIS/install/bringup:/home/orsted/AGV_EEPIS/install/agv_description:/opt/ros/jazzy DEBUGINFOD_URLS=https://debuginfod.ubuntu.com /usr/bin/cmake --install /home/orsted/AGV_EEPIS/build/ascamera
[82.173s] Level 1:colcon.colcon_core.environment:checking '/home/orsted/AGV_EEPIS/install/ascamera' for CMake config files
[82.176s] Level 1:colcon.colcon_core.shell:create_environment_hook('ascamera', 'cmake_prefix_path')
[82.177s] INFO:colcon.colcon_core.shell:Creating environment hook '/home/orsted/AGV_EEPIS/install/ascamera/share/ascamera/hook/cmake_prefix_path.ps1'
[82.180s] INFO:colcon.colcon_core.shell:Creating environment descriptor '/home/orsted/AGV_EEPIS/install/ascamera/share/ascamera/hook/cmake_prefix_path.dsv'
[82.182s] INFO:colcon.colcon_core.shell:Creating environment hook '/home/orsted/AGV_EEPIS/install/ascamera/share/ascamera/hook/cmake_prefix_path.sh'
[82.185s] Level 1:colcon.colcon_core.environment:checking '/home/orsted/AGV_EEPIS/install/ascamera/lib'
[82.185s] Level 1:colcon.colcon_core.environment:checking '/home/orsted/AGV_EEPIS/install/ascamera/bin'
[82.186s] Level 1:colcon.colcon_core.environment:checking '/home/orsted/AGV_EEPIS/install/ascamera/lib/pkgconfig/ascamera.pc'
[82.187s] Level 1:colcon.colcon_core.environment:checking '/home/orsted/AGV_EEPIS/install/ascamera/lib/python3.12/site-packages'
[82.188s] Level 1:colcon.colcon_core.environment:checking '/home/orsted/AGV_EEPIS/install/ascamera/bin'
[82.190s] INFO:colcon.colcon_core.shell:Creating package script '/home/orsted/AGV_EEPIS/install/ascamera/share/ascamera/package.ps1'
[82.192s] INFO:colcon.colcon_core.shell:Creating package descriptor '/home/orsted/AGV_EEPIS/install/ascamera/share/ascamera/package.dsv'
[82.194s] INFO:colcon.colcon_core.shell:Creating package script '/home/orsted/AGV_EEPIS/install/ascamera/share/ascamera/package.sh'
[82.196s] INFO:colcon.colcon_core.shell:Creating package script '/home/orsted/AGV_EEPIS/install/ascamera/share/ascamera/package.bash'
[82.197s] INFO:colcon.colcon_core.shell:Creating package script '/home/orsted/AGV_EEPIS/install/ascamera/share/ascamera/package.zsh'
[82.199s] Level 1:colcon.colcon_core.environment:create_file_with_runtime_dependencies(/home/orsted/AGV_EEPIS/install/ascamera/share/colcon-core/packages/ascamera)
[82.203s] Level 1:colcon.colcon_core.environment:create_environment_scripts_only(ascamera)
[82.204s] Level 1:colcon.colcon_core.environment:checking '/home/orsted/AGV_EEPIS/install/ascamera' for CMake module files
[82.207s] Level 1:colcon.colcon_core.environment:checking '/home/orsted/AGV_EEPIS/install/ascamera' for CMake config files
[82.209s] Level 1:colcon.colcon_core.shell:create_environment_hook('ascamera', 'cmake_prefix_path')
[82.210s] INFO:colcon.colcon_core.shell:Creating environment hook '/home/orsted/AGV_EEPIS/install/ascamera/share/ascamera/hook/cmake_prefix_path.ps1'
[82.214s] INFO:colcon.colcon_core.shell:Creating environment descriptor '/home/orsted/AGV_EEPIS/install/ascamera/share/ascamera/hook/cmake_prefix_path.dsv'
[82.216s] INFO:colcon.colcon_core.shell:Creating environment hook '/home/orsted/AGV_EEPIS/install/ascamera/share/ascamera/hook/cmake_prefix_path.sh'
[82.220s] Level 1:colcon.colcon_core.environment:checking '/home/orsted/AGV_EEPIS/install/ascamera/lib'
[82.220s] Level 1:colcon.colcon_core.environment:checking '/home/orsted/AGV_EEPIS/install/ascamera/bin'
[82.220s] Level 1:colcon.colcon_core.environment:checking '/home/orsted/AGV_EEPIS/install/ascamera/lib/pkgconfig/ascamera.pc'
[82.222s] Level 1:colcon.colcon_core.environment:checking '/home/orsted/AGV_EEPIS/install/ascamera/lib/python3.12/site-packages'
[82.223s] Level 1:colcon.colcon_core.environment:checking '/home/orsted/AGV_EEPIS/install/ascamera/bin'
[82.225s] INFO:colcon.colcon_core.shell:Creating package script '/home/orsted/AGV_EEPIS/install/ascamera/share/ascamera/package.ps1'
[82.228s] INFO:colcon.colcon_core.shell:Creating package descriptor '/home/orsted/AGV_EEPIS/install/ascamera/share/ascamera/package.dsv'
[82.230s] INFO:colcon.colcon_core.shell:Creating package script '/home/orsted/AGV_EEPIS/install/ascamera/share/ascamera/package.sh'
[82.232s] INFO:colcon.colcon_core.shell:Creating package script '/home/orsted/AGV_EEPIS/install/ascamera/share/ascamera/package.bash'
[82.234s] INFO:colcon.colcon_core.shell:Creating package script '/home/orsted/AGV_EEPIS/install/ascamera/share/ascamera/package.zsh'
[82.236s] Level 1:colcon.colcon_core.environment:create_file_with_runtime_dependencies(/home/orsted/AGV_EEPIS/install/ascamera/share/colcon-core/packages/ascamera)
[82.239s] DEBUG:colcon.colcon_parallel_executor.executor.parallel:closing loop
[82.241s] DEBUG:colcon.colcon_parallel_executor.executor.parallel:loop closed
[82.242s] DEBUG:colcon.colcon_parallel_executor.executor.parallel:run_until_complete finished with '0'
[82.243s] DEBUG:colcon.colcon_core.event_reactor:joining thread
[82.248s] DEBUG:colcon.colcon_core.event_reactor:joined thread
[82.249s] INFO:colcon.colcon_core.shell:Creating prefix script '/home/orsted/AGV_EEPIS/install/local_setup.ps1'
[82.254s] INFO:colcon.colcon_core.shell:Creating prefix util module '/home/orsted/AGV_EEPIS/install/_local_setup_util_ps1.py'
[82.259s] INFO:colcon.colcon_core.shell:Creating prefix chain script '/home/orsted/AGV_EEPIS/install/setup.ps1'
[82.268s] INFO:colcon.colcon_core.shell:Creating prefix script '/home/orsted/AGV_EEPIS/install/local_setup.sh'
[82.271s] INFO:colcon.colcon_core.shell:Creating prefix util module '/home/orsted/AGV_EEPIS/install/_local_setup_util_sh.py'
[82.273s] INFO:colcon.colcon_core.shell:Creating prefix chain script '/home/orsted/AGV_EEPIS/install/setup.sh'
[82.280s] INFO:colcon.colcon_core.shell:Creating prefix script '/home/orsted/AGV_EEPIS/install/local_setup.bash'
[82.283s] INFO:colcon.colcon_core.shell:Creating prefix chain script '/home/orsted/AGV_EEPIS/install/setup.bash'
[82.292s] INFO:colcon.colcon_core.shell:Creating prefix script '/home/orsted/AGV_EEPIS/install/local_setup.zsh'
[82.295s] INFO:colcon.colcon_core.shell:Creating prefix chain script '/home/orsted/AGV_EEPIS/install/setup.zsh'
